Lead ID,Evidence ID,Evidence Type,Claim,Source URL,Source Name,Checked At,Reliability,Run ID,Campaign ID
N5K-0716,N5K-0716-E01,LEGAL_SIZE,"ООО «СИБУ ИНДАСТРИЭЛ» действует; ИНН 4802014260, ОГРН 1214800017453; гендиректор Синь Гуанлян; выручка за 2025 год 162,276 млн ₽.",https://companies.rbc.ru/id/1214800017453-obschestvo-s-ogranichennoj-otvetstvennostyu-sibu-indastriel/,РБК Компании,2026-08-31T07:58:07+03:00,HIGH,N5K-20260831-537,new_5000
N5K-0716,N5K-0716-E02,SIGNAL,"27.08.2026 компания запустила завод в ОЭЗ «Липецк»; инвестиции первого этапа 1,7 млрд ₽, 70 рабочих мест; запланированы второй цех, лаборатория и расширение штата.",https://www.kommersant.ru/doc/8909956,Коммерсантъ,2026-08-31T07:58:07+03:00,HIGH,N5K-20260831-537,new_5000
N5K-0716,N5K-0716-E03,CONTACT,ОЭЗ «Липецк» публикует текущий контакт ООО «СИБУ ИНДАСТРИЭЛ» на домене xibaogroup.com и телефон компании.,https://www.sezlipetsk.ru/work/20867/,ОЭЗ Липецк,2026-08-31T07:58:07+03:00,HIGH,N5K-20260831-537,new_5000
N5K-0718,N5K-0718-E01,LEGAL_SIZE,"Действующее ООО; ИНН 7451010117, ОГРН 1217400010805; выручка 2025 475 352 000 ₽; генеральный директор Жаботинский Константин Анатольевич.",https://companies.rbc.ru/id/1217400010805-obschestvo-s-ogranichennoj-otvetstvennostyu-proizvodstvennaya-kompaniya-tsentr-upakovki/,РБК Компании,2026-08-31T10:27:35+03:00,HIGH,N5K-20260831-539,new_5000
N5K-0718,N5K-0718-E02,SIGNAL,"14.07.2026 запущен новый завод переработки многослойной упаковки; около 700 млн ₽ инвестиций, 900 т/месяц; заявлено дальнейшее расширение.",https://www.kommersant.ru/doc/8815023,Коммерсантъ,2026-08-31T10:27:35+03:00,HIGH,N5K-20260831-539,new_5000
N5K-0718,N5K-0718-E03,CONTACT,Официальный сайт публикует корпоративный телефон и email для передачи сообщения руководству.,https://pk-cup.ru/,official company site,2026-08-31T10:27:35+03:00,HIGH,N5K-20260831-539,new_5000
N5K-0719,N5K-0719-E01,LEGAL_SIZE,"Действующее ООО; ИНН 6950002832, ОГРН 1066950013657; генеральный директор Ефимова Гелися Азизжановна; официальный сайт указывает более 100 сотрудников.",https://check.tochka.com/company/1066950013657/,Точка / current legal profile,2026-08-31T10:27:35+03:00,HIGH,N5K-20260831-539,new_5000
N5K-0719,N5K-0719-E02,SIGNAL,"11.07.2026 открыт новый завод полного цикла по переработке водорослей Белого моря; инвестиции свыше 500 млн ₽, около 100 новых рабочих мест.",https://npobit.com/ru/press-centr/news/,official company news,2026-08-31T10:27:35+03:00,HIGH,N5K-20260831-539,new_5000
N5K-0719,N5K-0719-E03,CONTACT,Официальный сайт публикует 8 800 550-76-83 и contract@npobit.com.,https://npobit.com/,official company site,2026-08-31T10:27:35+03:00,HIGH,N5K-20260831-539,new_5000
N5K-0721,N5K-0721-E01,LEGAL_SIZE,"ООО СУЛТАН действует; ИНН 1609010310, ОГРН 1061685047643; выручка 2025 — 1 577 553 000 ₽; 230 сотрудников.",https://www.tbank.ru/business/contractor/legal/1061685047643/,T-Банк Бизнес / public legal profile,2026-08-31T13:41:36+03:00,HIGH,N5K-20260831-541R1,new_5000
N5K-0721,N5K-0721-E02,SIGNAL,17.08.2026 опубликована вакансия коммерческого директора SULTAN в Казани.,https://dreamjob.ru/employers/596344/vakansii/136294394,DreamJob,2026-08-31T13:41:36+03:00,HIGH,N5K-20260831-541R1,new_5000
N5K-0721,N5K-0721-E03,LPR,Генеральный директор — Хафизов Тимур Султанович; владелец 100% — Шайхелисламова Алсу Азатовна.,https://reputation.ru/ogrn/1061685047643,Reputation / public legal profile,2026-08-31T13:41:36+03:00,HIGH,N5K-20260831-541R1,new_5000
N5K-0721,N5K-0721-E04,CONTACT,"Официальный сайт публикует телефон, корпоративные email и реквизиты с ОГРН 1061685047643, связывая домен с ООО СУЛТАН.",https://sultanfood.ru/,official company site,2026-08-31T13:41:36+03:00,HIGH,N5K-20260831-541R1,new_5000
N5K-0722,N5K-0722-E01,LEGAL_SIZE,"ООО ЭЛЕМЕНТ, ИНН 9709045791, ОГРН 1197746154077, действует; гендиректор Харитонов Дмитрий Анатольевич с 11.02.2026; выручка 2025 — 894 773 000 ₽, 83 сотрудника.",https://companium.ru/id/1197746154077-ehlement,Companium / данные ФНС и бухгалтерской отчетности,2026-08-31T17:05:15+03:00,HIGH,N5K-20260831-543,new_5000
N5K-0722,N5K-0722-E02,SIGNAL,29.08.2026 опубликована вакансия коммерческого директора завода ЭЛЕМЕНТ.,https://dreamjob.ru/employers/301902/vakansii/136463373,DreamJob,2026-08-31T17:05:15+03:00,HIGH,N5K-20260831-543,new_5000
N5K-0722,N5K-0722-E03,CONTACT,Официальный сайт публикует телефон +7 499 643-53-46 и email sale@subelement.ru.,https://subelement.ru/kontakty/,Официальный сайт ООО ЭЛЕМЕНТ,2026-08-31T17:05:15+03:00,HIGH,N5K-20260831-543,new_5000
N5K-0723,N5K-0723-E01,LEGAL_SIZE,"ИНН 3702588935, ОГРН 1093702014350; действующая компания, генеральный директор и учредитель Шилов Юрий Михайлович",https://companies.rbc.ru/id/1093702014350-ooo-ivanovskaya-tekstilnaya-kompaniya/,РБК Компании,2026-08-31T19:31:00+03:00,HIGH,N5K-20260831-545,new_5000
N5K-0723,N5K-0723-E02,SIGNAL,31.08.2026 открыто новое производство полного цикла в Москве; инвестиции около 255 млн ₽,https://www.cnews.ru/news/line/2026-08-31_v_moskve_pri_podderzhke_korporatsii,CNews / Корпорация МСП,2026-08-31T19:31:00+03:00,HIGH,N5K-20260831-545,new_5000
N5K-0723,N5K-0723-E03,CONTACT,Опубликованный корпоративный маршрут связи,https://ivcompany.ru/,Official company,2026-08-31T19:31:00+03:00,HIGH,N5K-20260831-545,new_5000
N5K-0724,N5K-0724-E01,LEGAL_SIZE,"ИНН 1001293680, ОГРН 1151001001898; действующая компания; выручка 2025 908,49 млн ₽; генеральный директор Немчинов Сергей Георгиевич",https://b2b.house/company/OOO-INZHENERNYJ-CENTR-EFER_32932d0d-520b-402a-bfcb-75bf40e0fa81/,B2B.House / ФНС-Росстат,2026-08-31T19:31:00+03:00,HIGH,N5K-20260831-545,new_5000
N5K-0724,N5K-0724-E02,SIGNAL,06.03.2026 введена 4-я очередь завода в рамках масштабной модернизации,https://firerobots.ru/press-service/98/otkrytiye-4y-ocheredi-zavoda-pozharnykh-robotov-i-stvolnoy-tekhniki-efer,Official company,2026-08-31T19:31:00+03:00,HIGH,N5K-20260831-545,new_5000
N5K-0724,N5K-0724-E03,CONTACT,Опубликованные корпоративные контакты,https://firerobots.ru/contacts,Official company,2026-08-31T19:31:00+03:00,HIGH,N5K-20260831-545,new_5000
N5K-0725,N5K-0725-E01,LEGAL_SIZE,"ИНН 5017111075, ОГРН 1165017051924; действующее юрлицо; генеральный директор Вашина Ксения Сергеевна; инвестиционный проект 600 млн ₽",https://reputation.ru/ogrn/1165017051924,Reputation / ЕГРЮЛ,2026-08-31T19:31:00+03:00,HIGH,N5K-20260831-545,new_5000
N5K-0725,N5K-0725-E02,SIGNAL,"29.08.2026 финальная стадия завода; пробный выпуск в сентябре, серийный в IV квартале 2026; 600 млн ₽ инвестиций, 71 рабочее место",https://www.bnkomi.ru/data/news/202680/,БНК / пресс-служба главы Коми,2026-08-31T19:31:00+03:00,HIGH,N5K-20260831-545,new_5000
N5K-0725,N5K-0725-E03,CONTACT,Корпоративный email подтверждён также в материалах Росприроднадзора,https://rpn.gov.ru/regions/11/public/1001202318014310-5826666.html,Росприроднадзор,2026-08-31T19:31:00+03:00,HIGH,N5K-20260831-545,new_5000
N5K-0727,N5K-0727-E01,LEGAL_SIZE,"ООО «ЭКО ШИППИНГ» действует; ИНН 2901223574, ОГРН 1122901001475; выручка 8,146 млрд ₽ и 202 сотрудника за 2025 год.",https://firmoteka.ru/2901223574,Фирмотека / данные ФНС,2026-08-31T20:58:34+03:00,HIGH,N5K-20260831-547,new_5000
N5K-0727,N5K-0727-E02,SIGNAL,"28.08.2026 Павел Андреев и губернатор Мурманской области подписали соглашение по проекту строительства трёх сухогрузов ARC7; инвестиции более 13 млрд ₽, реализация с сентября 2026 по 2029 год, 63 рабочих места.",https://ecoshp.ru/news/arc7/,Эко Шиппинг — официальный сайт,2026-08-31T20:58:34+03:00,HIGH,N5K-20260831-547,new_5000
N5K-0727,N5K-0727-E03,CONTACT,Официальный сайт публикует телефон 8 800 444 73 27 и e-mail office@ecoshp.ru.,https://ecoshp.ru/,Эко Шиппинг — официальный сайт,2026-08-31T20:58:34+03:00,HIGH,N5K-20260831-547,new_5000
N5K-0728,N5K-0728-E01,LEGAL,"ООО «ЭКОПРОМСТРОЙ-АЛГА» действует; ИНН 0268106716, ОГРН 1250200028682; директор Азат Шамсуаров; учредитель АО «ЭКОПРОМСТРОЙ» 100%.",https://reputation.ru/ogrn/1250200028682,Reputation.ru,2026-09-01T08:33:11+03:00,HIGH,N5K-20260901-557R1,new_5000
N5K-0728,N5K-0728-E02,SIGNAL,"30.06.2026 начато строительство завода газобетона и сухих смесей в ОЭЗ «Алга» за 3,7 млрд ₽; 85 рабочих мест; мощность 400 тыс. м³ газобетона в год.",https://ufa.rbc.ru/ufa/30/06/2026/6a438af39a79475d0845910c,РБК Уфа,2026-09-01T08:33:11+03:00,HIGH,N5K-20260901-557R1,new_5000
N5K-0728,N5K-0728-E03,LPR,"Азат Шамсуаров — директор ООО «ЭКОПРОМСТРОЙ-АЛГА»; РБК указывает, что АО «ЭкоПромСтрой» и дочерняя компания принадлежат Азату Шамсуарову.",https://ufa.rbc.ru/ufa/30/06/2026/6a438af39a79475d0845910c,РБК Уфа,2026-09-01T08:33:11+03:00,HIGH,N5K-20260901-557R1,new_5000
N5K-0728,N5K-0728-E04,CONTACT,Публичный корпоративный e-mail ООО «ЭПС-АЛГА»: info@eps-alga.ru.,https://reputation.ru/ogrn/1250200028682,Reputation.ru,2026-09-01T08:33:11+03:00,HIGH,N5K-20260901-557R1,new_5000
N5K-0729,N5K-0729-E01,LEGAL,"ООО ""ЗАВОД МЕТАЛЛОКОНСТРУКЦИЙ АПОЛЛО"" — действующая организация; ИНН 6312118070, ОГРН 1126312004598; генеральный директор Ращупкин Андрей Алексеевич.",https://b2b.house/company/OOO-ZAVOD-METALLOKONSTRUKCIJ-APOLLO_7f8ec959-e0d7-4e9d-b709-819bd3143e61/,B2B.House,2026-09-01T09:38:10+03:00,HIGH,N5K-20260901-558,new_5000
N5K-0729,N5K-0729-E02,SIZE,Карточка компании подтверждает 163 сотрудника за 2025; официальный сайт показывает несколько производственных площадок.,https://b2b.house/company/OOO-ZAVOD-METALLOKONSTRUKCIJ-APOLLO_7f8ec959-e0d7-4e9d-b709-819bd3143e61/,B2B.House,2026-09-01T09:38:10+03:00,HIGH,N5K-20260901-558,new_5000
N5K-0729,N5K-0729-E03,SIGNAL,08.04.2026 РИАМО сообщило о расширении производства Apollo в Есипово и планируемом увеличении числа сотрудников площадки с 61 до 140.,https://riamo.ru/news/ekonomika/zavod-metallokonstruktsij-apollo-v-solnechnogorske-uvelichivaet-proizvodstvo/,РИАМО,2026-09-01T09:38:10+03:00,HIGH,N5K-20260901-558,new_5000
N5K-0729,N5K-0729-E04,LPR,Официальная страница Apollo указывает Ращупкина Андрея Алексеевича генеральным директором.,https://apollo-zmk.ru/contacts/,Apollo — официальный сайт,2026-09-01T09:38:10+03:00,HIGH,N5K-20260901-558,new_5000
N5K-0729,N5K-0729-E05,CONTACT,Официальная страница Apollo публикует прямой мобильный +7 (917) 811-22-11 и e-mail ar@apollo-zmk.ru генерального директора.,https://apollo-zmk.ru/contacts/,Apollo — официальный сайт,2026-09-01T09:38:10+03:00,HIGH,N5K-20260901-558,new_5000
N5K-0731,N5K-0731-E01,LEGAL,"ООО ""АРАВИЯ"" действует; ИНН 7704735318, ОГРН 1097746603900; генеральный директор Жданов Руслан Викторович.",https://companium.ru/id/1097746603900-araviya,Companium,2026-09-01T10:39:03+03:00,HIGH,N5K-20260901-559,new_5000
N5K-0731,N5K-0731-E02,SIZE,"Worker evidence фиксирует выручку 2025 около 4,2 млрд ₽ и прибыль около 1,13 млрд ₽.",https://firmoteka.ru/7704735318,Фирмотека,2026-09-01T10:39:03+03:00,HIGH,N5K-20260901-559,new_5000
N5K-0731,N5K-0731-E03,SIGNAL,В 2026 запускается вторая очередь комплекса ARAVIA в Протвино; производственная мощность должна вырасти примерно на 40%.,https://www.vedomosti.ru/press_releases/2026/04/23/podmoskovnii-proizvoditel-kosmetiki-uvelichit-moschnost-proizvodstva-na-40,Ведомости / пресс-релиз,2026-09-01T10:39:03+03:00,HIGH,N5K-20260901-559,new_5000
N5K-0731,N5K-0731-E04,LPR,Жданов Руслан Викторович — генеральный директор ООО «АРАВИЯ»; также учредитель компании.,https://companium.ru/id/1097746603900-araviya,Companium,2026-09-01T10:39:03+03:00,HIGH,N5K-20260901-559,new_5000
N5K-0731,N5K-0731-E05,CONTACT,"Официальный сайт ARAVIA публикует телефон 8 (800) 777-17-39, info@aravia.ru и форму связи.",https://aravia.ru/contacts/,ARAVIA — официальный сайт,2026-09-01T10:39:03+03:00,HIGH,N5K-20260901-559,new_5000
N5K-0733,N5K-0733-E01,LEGAL,"ООО ""КУРСКИЙ АККУМУЛЯТОРНЫЙ ЗАВОД"" действует; ИНН 4632167682, ОГРН 1124632011217; генеральный директор Галедина Ольга Валерьевна.",https://reputation.ru/ogrn/1124632011217,Reputation.ru,2026-09-01T10:39:03+03:00,HIGH,N5K-20260901-559,new_5000
N5K-0733,N5K-0733-E02,SIZE,"Официальный сайт указывает 90 млн произведённых АКБ; расширенная мощность стартерных батарей должна достичь 1,8 млн шт. в год плюс до 300 тыс. премиальных батарей.",https://gk-kaz.ru/2026/08/10/v-kurske-blagodarya-zajmu-frp-rasshirili-proizvodstvo-starternyh-akkumulyatorov/,КАЗ — официальный сайт,2026-09-01T10:39:03+03:00,HIGH,N5K-20260901-559,new_5000
N5K-0733,N5K-0733-E03,SIGNAL,10.08.2026 КАЗ сообщил об инвестициях более 380 млн ₽ в расширение производства; планируемый рост выпуска стартерных АКБ на 20%.,https://gk-kaz.ru/2026/08/10/v-kurske-blagodarya-zajmu-frp-rasshirili-proizvodstvo-starternyh-akkumulyatorov/,КАЗ — официальный сайт,2026-09-01T10:39:03+03:00,HIGH,N5K-20260901-559,new_5000
N5K-0733,N5K-0733-E04,LPR,Генеральный директор Ольга Галедина публично комментирует расширение производства; актуальные реестровые источники подтверждают её как гендиректора.,https://gk-kaz.ru/2026/08/10/v-kurske-blagodarya-zajmu-frp-rasshirili-proizvodstvo-starternyh-akkumulyatorov/,КАЗ — официальный сайт,2026-09-01T10:39:03+03:00,HIGH,N5K-20260901-559,new_5000
N5K-0733,N5K-0733-E05,CONTACT,"Официальная страница контактов публикует приёмную генерального директора: +7 (4712) 22-77-88, добавочный 1-5601; также общий e-mail info@accumkursk.ru.",https://gk-kaz.ru/contacts/,КАЗ — официальный сайт,2026-09-01T10:39:03+03:00,HIGH,N5K-20260901-559,new_5000
N5K-0734,N5K-0734-E01,LEGAL,"ООО «ЛАРТА ГЛАСС РАМЕНСКОЕ», ИНН 5040054932, ОГРН 1025005116014, действующая организация; генеральный директор Атюбрин Андрей Павлович.",https://reputation.ru/ogrn/1025005116014,Reputation.ru / registry data,2026-09-01T11:10:00+03:00,HIGH,N5K-20260901-560R1,new_5000
N5K-0734,N5K-0734-E02,SIZE,"За 2025 год у предприятия около 6,3 млрд руб. выручки и 235 сотрудников.",https://reputation.ru/ogrn/1025005116014,Reputation.ru / financial and staffing data,2026-09-01T11:10:00+03:00,HIGH,N5K-20260901-560R1,new_5000
N5K-0734,N5K-0734-E03,SIGNAL,28.08.2026 сообщено о завершении в 2026 году масштабной модернизации завода в Раменском и возможности выпуска сверхгабаритного стекла до 18 м.,https://radio1.ru/news/podmoskove/masshtabnuyu-modernizatsiyu-stekolnogo-zavoda-v-ramenskom-zavershat-do-kontsa-goda/,Радио 1 со ссылкой на пресс-службу Мининвеста Московской области,2026-09-01T11:10:00+03:00,HIGH,N5K-20260901-560R1,new_5000
N5K-0734,N5K-0734-E04,SIGNAL_OFFICIAL,Официальный сайт Larta Glass 31.03.2026 подтвердил старт холодного ремонта стекловаренной печи на заводе в Раменском и развитие продуктовой линейки после ремонта.,https://larta.com/ru/news/izmeneniya-v-linejke-produktov-v-svyazi-s-holodnym-remontom,Larta Glass official website,2026-09-01T11:10:00+03:00,HIGH,N5K-20260901-560R1,new_5000
N5K-0734,N5K-0734-E05,CONTACT,Официальная страница контактов Larta Glass публикует для головного офиса/завода в Раменском телефон +7 495 369-95-00 и форму связи.,https://larta.com/ru/contact-us,Larta Glass official website,2026-09-01T11:10:00+03:00,HIGH,N5K-20260901-560R1,new_5000
N5K-0736,N5K-0736-E01,LEGAL,"ООО «НОВЫЕ ПЛАТФОРМЫ», ИНН 9724010391, ОГРН 1207700139680, действующая организация; worker registry evidence names Минаков Олег Александрович as генеральный директор.",https://companies.rbc.ru/id/1207700139680-obschestvo-s-ogranichennoj-otvetstvennostyu-novyie-platformyi/,РБК Компании / registry-derived data,2026-09-01T11:39:00+03:00,HIGH,N5K-20260901-561,new_5000
N5K-0736,N5K-0736-E02,SIZE,Worker evidence records 2025 revenue of 2 193 443 000 руб.,https://companies.rbc.ru/id/1207700139680-obschestvo-s-ogranichennoj-otvetstvennostyu-novyie-platformyi/,РБК Компании,2026-09-01T11:39:00+03:00,HIGH,N5K-20260901-561,new_5000
N5K-0736,N5K-0736-E03,SIGNAL,10.02.2026 компания запустила собственную автоматизированную SMT-линию; worker evidence records expected 5–10x throughput growth.,https://www.cnews.ru/news/line/2026-02-10_kompaniya_novye_platformy,CNews,2026-09-01T11:39:00+03:00,HIGH,N5K-20260901-561,new_5000
N5K-0736,N5K-0736-E04,SIGNAL_CORROBORATION,26.03.2026 новая производственная линия повторно отмечена в итогах компании как драйвер роста мощностей.,https://biz.cnews.ru/news/line/2026-03-26_kompaniya_novye_platformy,CNews,2026-09-01T11:39:00+03:00,HIGH,N5K-20260901-561,new_5000
N5K-0736,N5K-0736-E05,CONTACT,Официальный сайт публикует телефон +7 (499) 444-34-39 и email info@newplatforms.ru.,https://www.newplatforms.ru/contacts/,official company website,2026-09-01T11:39:00+03:00,HIGH,N5K-20260901-561,new_5000
N5K-0737,N5K-0737-E01,LEGAL,"АО «ПЛАСТФАКТОР» действует; ИНН 6122021979, ОГРН 1246100028900; генеральный директор Владимир Ермолов.",https://companies.rbc.ru/id/1246100028900-ao-plastfaktor/,РБК Компании,2026-09-01T13:11:58+03:00,HIGH,N5K-20260901-562R1,new_5000
N5K-0737,N5K-0737-E02,SIZE,"Выручка 2025 года около 375,8 млн руб.; производственная компания.",https://vsem-podryad.ru/company/01864b45-be27-4a00-9d38-e396d03b52f8/,Всем Подряд,2026-09-01T13:11:58+03:00,HIGH,N5K-20260901-562R1,new_5000
N5K-0737,N5K-0737-E03,SIGNAL,"В 2026 году ПластФактор инвестирует около 60 млн руб. в модернизацию, автоматизацию и лабораторную базу; заявлены дальнейшие инвестиции на 2027–2030 годы.",https://polymerbranch.com/2026/05/plastfaktor-investiruet-60-mln-rublej-v-modernizatsiyu-proizvodstva-napolnyh-pokrytij-iz-pvh/,Полимерные материалы,2026-09-01T13:11:58+03:00,HIGH,N5K-20260901-562R1,new_5000
N5K-0737,N5K-0737-E04,OWNER_LPR,Бенефициар/учредитель Игорь Вихров; генеральный директор Владимир Ермолов.,https://www.interfax-russia.ru/south-and-north-caucasus/news/predvaritelnyy-ushcherb-rostovskomu-plastfaktoru-ot-pozhara-posle-ataki-bpla-ocenen-v-160-mln-rub,Интерфакс,2026-09-01T13:11:58+03:00,HIGH,N5K-20260901-562R1,new_5000
N5K-0737,N5K-0737-E05,CONTACT,Официальный телефон головного офиса +7 (863) 303-20-42 и office@plastfactor.ru.,https://plastfactor.com/contacts/,ПластФактор,2026-09-01T13:11:58+03:00,HIGH,N5K-20260901-562R1,new_5000
N5K-0739,N5K-0739-E01,LEGAL,"ООО «НОВЫЙ ВЕК» действует; ИНН 5237002995, ОГРН 1045206564677; директор и 100% учредитель Сергей Пермяков.",https://companies.rbc.ru/id/1045206564677-ooo-novyij-vek/,РБК Компании,2026-09-01T13:11:58+03:00,HIGH,N5K-20260901-562R1,new_5000
N5K-0739,N5K-0739-E02,SIZE,"Выручка 2025 года 207,794 млн руб.; 18 сотрудников; частная компания.",https://companies.rbc.ru/id/1045206564677-ooo-novyij-vek/,РБК Компании,2026-09-01T13:11:58+03:00,HIGH,N5K-20260901-562R1,new_5000
N5K-0739,N5K-0739-E03,SIGNAL,"03.08.2026 введена ферма на 625 голов, инвестиции более 379 млн руб., проектная мощность 7 тыс. тонн молока; второй введенный объект компании в 2026 году.",https://mcx-nnov.ru/about/info/news/2663/,Минсельхоз Нижегородской области,2026-09-01T13:11:58+03:00,HIGH,N5K-20260901-562R1,new_5000
N5K-0739,N5K-0739-E04,OWNER_LPR,Сергей Пермяков — директор и 100% учредитель ООО «НОВЫЙ ВЕК».,https://companies.rbc.ru/id/1045206564677-ooo-novyij-vek/,РБК Компании,2026-09-01T13:11:58+03:00,HIGH,N5K-20260901-562R1,new_5000
N5K-0739,N5K-0739-E05,CONTACT,Публичный телефон предприятия +7 (83155) 2-11-51; публичный e-mail nnovvek@mail.ru.,https://www.agrobase.ru/organizations/apk/organization_apk_13866,Agrobase / ЗаЧестныйБизнес,2026-09-01T13:11:58+03:00,HIGH,N5K-20260901-562R1,new_5000
N5K-0740,N5K-0740-E01,LEGAL_SIZE_LPR,"ООО «ЛАЛИБЕЛА КОФЕ», ИНН 7722831092, ОГРН 1147746015119, действующее юрлицо; выручка 2025 года около 3,395 млрд руб.; генеральный директор Дмитрий Гущин.",https://b2b.house/company/OOO-LALIBELA-KOFE_36191acf-9606-4a41-8d7c-bbd976c4290b/,B2B.House / public registry aggregation,2026-09-01T15:40:59+03:00,HIGH,N5K-20260901-565,new_5000
N5K-0740,N5K-0740-E02,SIGNAL,"07.04.2026 компания запустила новый завод по производству кофе в Смоленской области, инвестиции 2,5 млрд руб.",https://companies.rbc.ru/news/xcOU7TV1Yb/otkryilsya-novyij-zavod-lalibela-kofe/,РБК Компании,2026-09-01T15:40:59+03:00,HIGH,N5K-20260901-565,new_5000
N5K-0740,N5K-0740-E03,CONTACT,"Официальный сайт публикует телефон +7 495 988-64-28, info@lalibelacoffee.ru и форму связи.",https://lalibelacoffee.com/ru/contacts/,официальный сайт,2026-09-01T15:40:59+03:00,HIGH,N5K-20260901-565,new_5000
N5K-0742,N5K-0742-E01,LEGAL_SIZE_LPR,"ООО «РУСБУТИРАЛЬ», ИНН 5246051100, ОГРН 1175275054250; выручка 2025 года 659,6 млн руб.; директор Олег Киселев.",https://xfirm.ru/company/5246051100,XFirm / public registry data,2026-09-01T15:40:59+03:00,HIGH,N5K-20260901-565,new_5000
N5K-0742,N5K-0742-E02,SIGNAL,17.04.2026 запущена новая линия ПВБ-пленки шириной до 3300 мм.,https://glassunion.ru/novosti/news_post/ooo-rusbutiral-zapustilo-unikalnoe-proizvodstvo-pvb-plenki-v-rossii,Союз Стекольных Предприятий,2026-09-01T15:40:59+03:00,HIGH,N5K-20260901-565,new_5000
N5K-0742,N5K-0742-E03,CONTACT,"Официальная страница контактов публикует реквизиты юрлица, телефон отдела продаж и email директора ok@rusbutyral.ru.",https://rusbutyral.ru/contacts/,официальный сайт,2026-09-01T15:40:59+03:00,HIGH,N5K-20260901-565,new_5000
N5K-0743,N5K-0743-E01,legal,"ООО БИОЛИТ: ИНН 7021003608, ОГРН 1027000885691; директор Сергун Валерий Петрович.",https://biolit.ru/contacts/,Биолит,2026-09-01T17:04:00+03:00,HIGH,N5K-20260901-567R1,new_5000
N5K-0743,N5K-0743-E02,signal,Новый производственный комплекс в ОЭЗ Томск готовился к вводу в сентябре 2026; инвестиции 440 млн руб.; проект увеличивает производственные мощности.,https://www.riatomsk.ru/article/20260520/biolit-planiruet-sdat-novii-korpus-v-oez-tomsk-v-sentyabre-2026g,РИА Томск,2026-09-01T17:04:00+03:00,HIGH,N5K-20260901-567R1,new_5000
N5K-0743,N5K-0743-E03,scale,"Выручка 2024 года 630,265 млн руб.; компания относится к среднему бизнесу.",https://check.tochka.com/company/1027000885691/,Точка,2026-09-01T17:04:00+03:00,HIGH,N5K-20260901-567R1,new_5000
N5K-0744,N5K-0744-E01,LEGAL_SIZE,"ООО «ДЖИЭСЭС КОСМЕТИКС», ИНН 7709490887, ОГРН 1167746411161; официальный сайт указывает производственный комплекс 10 000 м² и более 250 сотрудников.",https://gsscosmetics.com/contacts,GSS Cosmetics,2026-09-01T17:48:06+03:00,HIGH,N5K-20260901-568R1,new_5000
N5K-0744,N5K-0744-E02,SIGNAL,10.04.2026 компания сообщила о запуске собственной линии PET-тары на производственном комплексе в Пушкино.,https://www.retail.ru/rbc/pressreleases/gss-cosmetics-zapustila-sobstvennoe-proizvodstvo-pet-tary/,Retail.ru / company press release,2026-09-01T17:48:06+03:00,HIGH,N5K-20260901-568R1,new_5000
N5K-0744,N5K-0744-E03,LPR_CONTACT,Евгения Симакова публично подтверждена как генеральный директор; официальный корпоративный телефон и email опубликованы компанией.,https://gsscosmetics.com/contacts,GSS Cosmetics,2026-09-01T17:48:06+03:00,HIGH,N5K-20260901-568R1,new_5000
N5K-0745,N5K-0745-E01,LEGAL_LPR,"АО «ПФК ОБНОВЛЕНИЕ», ИНН 5408151534, ОГРН 1025405426826; генеральный директор Владимир Викторович Гречкин.",https://companies.rbc.ru/id/1025405426826-ao-proizvodstvennaya-farmatsevticheskaya-kompaniya-obnovlenie/,РБК Компании,2026-09-01T17:48:06+03:00,HIGH,N5K-20260901-568R1,new_5000
N5K-0745,N5K-0745-E02,SIGNAL,27.08.2026 введен новый производственный цех площадью более 18 100 м² с проектной мощностью 100 млн упаковок лекарств ежегодно.,https://www.kommersant.ru/doc/8909620,Коммерсантъ,2026-09-01T17:48:06+03:00,HIGH,N5K-20260901-568R1,new_5000
N5K-0745,N5K-0745-E03,CONTACT,Компания публикует официальный телефон и email приемной.,https://www.renewal.ru/contacts/,Renewal,2026-09-01T17:48:06+03:00,HIGH,N5K-20260901-568R1,new_5000
N5K-0747,N5K-0747-E01,LEGAL,"Действующее ООО «ЭНХИМ», ИНН 7100037800, ОГРН 1237100006516; генеральный директор Сергей Васильевич Мазитов.",https://reputation.ru/ogrn/1237100006516,Reputation,2026-09-01T18:28:17+03:00,HIGH,N5K-20260901-569,new_5000
N5K-0747,N5K-0747-E02,SIZE,"Итоги 2025: выручка +89%, численность +78,6%, выпуск свыше 450 тонн и удвоение год к году.",https://www.nec.pro/press/news/ot-masshtabnykh-pokazateley-k-novym-moshchnostyam-itogi-2025-goda-dlya-kompanii-enkhim/,Группа НЭК,2026-09-01T18:28:17+03:00,HIGH,N5K-20260901-569,new_5000
N5K-0747,N5K-0747-E03,SIGNAL,26.06.2026 запущена вторая очередь завода — цех синтеза триксиленилфосфата.,https://energybase.ru/news/companies/enhim-zapustil-vtoruu-ocered-zavoda-edinstvennoe-v-rossii-proizvodstvo-og-2026-06-29,EnergyBase,2026-09-01T18:28:17+03:00,HIGH,N5K-20260901-569,new_5000
N5K-0747,N5K-0747-E04,CONTACT,Опубликованы официальный телефон +7 (495) 799 44 04 и email info@enhim.com.,https://www.nec.pro/contacts/,Группа НЭК,2026-09-01T18:28:17+03:00,HIGH,N5K-20260901-569,new_5000
N5K-0748,N5K-0748-E01,LEGAL_LPR,"ООО «СТАБТЕХ», ИНН 5009123398, ОГРН 1205000038957; генеральный директор Невзоров Вадим Борисович.",https://companies.rbc.ru/id/1205000038957-obschestvo-s-ogranichennoj-otvetstvennostyu-stabteh/,РБК Компании,2026-09-01T20:00:49+03:00,HIGH,N5K-20260901-570R1,new_5000
N5K-0748,N5K-0748-E02,SIGNAL,01.09.2026 для Сайбер Электро открыта вторая производственная площадка в Голицыно для масштабирования производства ИБП.,https://www.cnews.ru/news/line/2026-09-01_dlya_sajber_elektrootkryta,CNews,2026-09-01T20:00:49+03:00,HIGH,N5K-20260901-570R1,new_5000
N5K-0748,N5K-0748-E03,CONTACT,Опубликованы корпоративные телефон и email Сайбер Электро.,https://cyberpromo.ru/,Сайбер Электро,2026-09-01T20:00:49+03:00,HIGH,N5K-20260901-570R1,new_5000
N5K-0750,N5K-0750-E01,LEGAL_LPR,"ООО «ВР РОБОТИКС», ИНН 5257218488, ОГРН 1245200015851; генеральный директор Водопьянов Евгений Александрович.",https://companies.rbc.ru/id/1245200015851-ooo-vr-robotiks/,РБК Компании,2026-09-01T20:00:49+03:00,HIGH,N5K-20260901-570R1,new_5000
N5K-0750,N5K-0750-E02,SIGNAL,21.05.2026 в Нижнем Новгороде открыт завод промышленной робототехники; инвестиции превысили 100 млн руб.,https://fedpress.ru/news/52/economy/3437851,ФедералПресс,2026-09-01T20:00:49+03:00,HIGH,N5K-20260901-570R1,new_5000
N5K-0750,N5K-0750-E03,CONTACT,Опубликован корпоративный маршрут производственной группы и email VROBOTICS.,https://www.velam-rus.ru/kontakty/,VELAM / VROBOTICS,2026-09-01T20:00:49+03:00,HIGH,N5K-20260901-570R1,new_5000
N5K-0751,N5K-0751-E01,LEGAL,"ООО «ЭНТЕЛС», ИНН 7718540189, ОГРН 1057746337318; действующая компания; генеральный директор Малинин Александр Валентинович.",https://check.tochka.com/company/1057746337318/,Точка,2026-09-01T20:28:52+03:00,HIGH,N5K-20260901-571,new_5000
N5K-0751,N5K-0751-E02,SIZE,"Ключевые показатели 2025: выручка 719,6 млн ₽, +130%; 103 специалиста; 500+ проектов.",https://entels.ru/about,ООО ЭНТЕЛС,2026-09-01T20:28:52+03:00,HIGH,N5K-20260901-571,new_5000
N5K-0751,N5K-0751-E03,SIGNAL,11.08.2026 партнерство с ГК «Аквариус» и заявленный план роста до авторизованного партнера с расширением спектра ИТ-решений.,https://www.entels.ru/info/novosti-kompanii/news-aquarius-2026,ООО ЭНТЕЛС,2026-09-01T20:28:52+03:00,HIGH,N5K-20260901-571,new_5000
N5K-0751,N5K-0751-E04,CONTACT,Опубликованы общий телефон +7 (499) 110-31-79 и info@entels.ru.,https://entels.ru/kontakty,ООО ЭНТЕЛС,2026-09-01T20:28:52+03:00,HIGH,N5K-20260901-571,new_5000
N5K-0753,N5K-0753-E01,LEGAL,"ООО «Современные стекольные технологии», ИНН 2308034380, ОГРН 1022301193045; действующая организация; генеральный директор и единственный учредитель — Шаповалов Михаил Александрович.",https://companies.rbc.ru/id/1022301193045-ooo-obschestvo-s-ogranichennoj-otvetstvennostyu-sovremennyie-stekolnyie-tehnologii/,РБК Компании,2026-09-01T20:46:25+03:00,HIGH,N5K-20260901-571R1,new_5000
N5K-0753,N5K-0753-E02,SIZE,"Компания ведет действующее производство; открытая отчетность подтверждает сотни миллионов рублей операционного масштаба, а инвестпроект нового завода оценивается примерно в 1 млрд ₽.",https://companies.rbc.ru/id/1022301193045-ooo-obschestvo-s-ogranichennoj-otvetstvennostyu-sovremennyie-stekolnyie-tehnologii/,РБК Компании,2026-09-01T20:46:25+03:00,HIGH,N5K-20260901-571R1,new_5000
N5K-0753,N5K-0753-E03,SIGNAL,"В июле 2026 подтвержден проект нового завода по обработке стекла в Динском районе: около 1 млрд ₽ инвестиций, мощность 6 тыс. тонн в год, реализация до 2029 года.",https://kuban.rbc.ru/krasnodar/freenews/6a5738b49a794710fc9f6ca7,РБК Краснодар,2026-09-01T20:46:25+03:00,HIGH,N5K-20260901-571R1,new_5000
N5K-0753,N5K-0753-E04,CONTACT,Публично опубликованы корпоративный телефон +7 (800) 333-12-14 и email yugros.glass@yandex.ru.,https://krasnodar.spravka.city/company/stekolnaya-kompaniya-yugros-ooo-sst,Справка.City / карточка компании,2026-09-01T20:46:25+03:00,HIGH,N5K-20260901-571R1,new_5000
N5K-0754,N5K-0754-E01,LEGAL,"Действующее ООО «КАРТАС», ИНН 7722424330, ОГРН 5177746313950.",https://kcg.market/,официальный сайт KCG,2026-09-01T22:00:25+03:00,HIGH,N5K-20260901-572R1,new_5000
N5K-0754,N5K-0754-E02,SIZE,"Выручка 2025 года 610,371 млн руб.; прибыль 49,058 млн руб.",https://companies.rbc.ru/id/5177746313950-ooo-kartas/,РБК Компании,2026-09-01T22:00:25+03:00,HIGH,N5K-20260901-572R1,new_5000
N5K-0754,N5K-0754-E03,SIGNAL,В июле 2026 объявлено расширение производства в Истре с инвестициями почти 200 млн руб. и новым производственным направлением.,https://www.vedomosti.ru/press_releases/2026/07/16/visokotehnologichnoe-proizvodstvo-kompyuternih-komplektuyuschih-rasshiryaetsya-pri-podderzhke-podmoskovya,Ведомости / пресс-релиз,2026-09-01T22:00:25+03:00,HIGH,N5K-20260901-572R1,new_5000
N5K-0754,N5K-0754-E04,CONTACT,Официально опубликованы корпоративный телефон и email.,https://kcg.market/,официальный сайт KCG,2026-09-01T22:00:25+03:00,HIGH,N5K-20260901-572R1,new_5000
N5K-0760,N5K-0760-E01,LEGAL,ООО «Ай-Пласт» действует; официальные реквизиты подтверждают юридическое лицо.,https://iplast.com/legality/requisites/,iPlast,2026-09-02T00:51:00+03:00,HIGH,N5K-20260902-575R1,new_5000
N5K-0760,N5K-0760-E02,SIZE,"Публичный профиль за 2025 год указывает выручку около 10,4 млрд ₽; компания имеет многоплощадочное производство.",https://sledi.ru/ay-plast-1651057721/,Sledi.ru,2026-09-02T00:51:00+03:00,HIGH,N5K-20260902-575R1,new_5000
N5K-0760,N5K-0760-E03,SIGNAL,"23.06.2026 подписано соглашение о новом комплексе 40 000 м² с инвестициями 3,6 млрд ₽.",https://iplast.com/press-center/news/events/i-plast-investiruet-v-novyy-proizvodstvennyy-kompleks-vo-vladimirskoy-oblasti/,iPlast,2026-09-02T00:51:00+03:00,HIGH,N5K-20260902-575R1,new_5000
N5K-0760,N5K-0760-E04,LPR,Генеральный директор — Игорь Анатольевич Удотов.,https://iplast.com/legality/requisites/,iPlast,2026-09-02T00:51:00+03:00,HIGH,N5K-20260902-575R1,new_5000
N5K-0760,N5K-0760-E05,CONTACT,Официально опубликованы корпоративные email и телефон.,https://iplast.com/contacts/factories/,iPlast,2026-09-02T00:51:00+03:00,HIGH,N5K-20260902-575R1,new_5000
N5K-0761,N5K-0761-E01,LEGAL,ООО «ГлазЦентр-Краснодар» действует; юридическое лицо подтверждено актуальным публичным профилем и официальными реквизитами.,https://companies.rbc.ru/id/1192375058260-obschestvo-s-ogranichennoj-otvetstvennostyu-glaztsentr-krasnodar/,РБК Компании,2026-09-02T00:51:00+03:00,HIGH,N5K-20260902-575R1,new_5000
N5K-0761,N5K-0761-E02,SIZE,"Публичный финансовый профиль за 2025 год указывает доход 300,795 млн ₽; сеть имеет два филиала в Краснодаре.",https://www.prima-inform.ru/cat/cc/glazcentr-krasnodar-1192375058260-2308267794,Prima-Inform,2026-09-02T00:51:00+03:00,HIGH,N5K-20260902-575R1,new_5000
N5K-0761,N5K-0761-E03,SIGNAL,11.06.2026 открыт второй филиал в Краснодаре; заявлено дальнейшее развитие.,https://south.vedomosti.ru/press_releases/2026/06/11/glaztsentr-otkril-vtoroi-filial-v-krasnodare,Ведомости Юг,2026-09-02T00:51:00+03:00,HIGH,N5K-20260902-575R1,new_5000
N5K-0761,N5K-0761-E04,LPR,Генеральный директор / собственник — Светлана Юрьевна Слюсаренко.,https://krasnodar.glazcentre.ru/rekvizity/,ГлазЦентр Краснодар,2026-09-02T00:51:00+03:00,HIGH,N5K-20260902-575R1,new_5000
N5K-0761,N5K-0761-E05,CONTACT,Официально опубликованы email и телефон клиники.,https://krasnodar.glazcentre.ru/kontakty/,ГлазЦентр Краснодар,2026-09-02T00:51:00+03:00,HIGH,N5K-20260902-575R1,new_5000
N5K-0762,N5K-0762-E01,LEGAL,"ООО «ЦИФРА», ИНН 7704245507, ОГРН 1027704005780; действующая коммерческая организация.",https://www.audit-it.ru/contragent/1027704005780_ooo-tsifra,Audit-it,2026-09-02T00:57:00+03:00,HIGH,N5K-20260902-575R2,new_5000
N5K-0762,N5K-0762-E02,SIZE,"Публичная отчетность показывает выручку 2,055 млрд ₽ за 2023 год; официальный профиль описывает крупный промышленный технологический бизнес.",https://check.tochka.com/company/1027704005780/,Точка,2026-09-02T00:57:00+03:00,HIGH,N5K-20260902-575R2,new_5000
N5K-0762,N5K-0762-E03,SIGNAL,"06.08.2026 объявлен новый генеральный директор; приоритеты включают операционную эффективность, продуктовый бизнес и продвижение решений в России и странах-партнерах.",https://www.cnews.ru/news/line/2026-08-06_v_tsifre_naznachen_novyj,CNews,2026-09-02T00:57:00+03:00,HIGH,N5K-20260902-575R2,new_5000
N5K-0762,N5K-0762-E04,LPR,Илья Якимов утвержден генеральным директором ГК Цифра с 09.08.2026.,https://www.cnews.ru/news/line/2026-08-06_v_tsifre_naznachen_novyj,CNews,2026-09-02T00:57:00+03:00,HIGH,N5K-20260902-575R2,new_5000
N5K-0762,N5K-0762-E05,CONTACT,"Официальная страница публикует телефон и email для новых клиентов, а также реквизиты ООО ЦИФРА.",https://www.zyfra.com/ru/contacts/,ГК Цифра,2026-09-02T00:57:00+03:00,HIGH,N5K-20260902-575R2,new_5000
N5K-0763,N5K-0763-E01,LEGAL,"МК АО «ГРУППА МОТОРИКА», ИНН 2540295024, ОГРН 1252500024688; действующая компания; генеральный директор Руслан Бабинцев.",https://companies.rbc.ru/id/1252500024688-mk-ao-gruppa-motorika/,РБК Компании,2026-09-02T01:47:00+03:00,HIGH,N5K-20260902-576,new_5000
N5K-0763,N5K-0763-E02,SIZE,"Консолидированная выручка Группы в 2025 году — 7 115 млн ₽, +70% г/г; скорр. EBITDA — 1 838 млн ₽.",https://ir.motorica.org/press-center/news/gruppa-motorika-obyavlyaet-o-roste-vyruchki-na-70-po-itogam-2025-goda/,Motorica IR,2026-09-02T01:47:00+03:00,HIGH,N5K-20260902-576,new_5000
N5K-0763,N5K-0763-E03,SIGNAL,23.06.2026 привлечено 1 млрд ₽ на запуск нового производства и расширение производственных мощностей/сети.,https://abn.agency/2026/06/23/motorika-privlekla-1-mlrd-rublej-na-zapusk-proizvodstva-bionicheskogo-proteza-loktya/,АБН,2026-09-02T01:47:00+03:00,HIGH,N5K-20260902-576,new_5000
N5K-0763,N5K-0763-E04,CONTACT,Официально опубликованы ir@motorica.org и +7 (495) 104-95-35.,https://ir.motorica.org/contacts/,Motorica IR,2026-09-02T01:47:00+03:00,HIGH,N5K-20260902-576,new_5000
N5K-0765,N5K-0765-E01,LEGAL,"ООО «ГЭК», ИНН 3245516447, ОГРН 1143256015198, действующая организация; гендиректор Александр Шалатонов.",https://synapsenet.ru/organizacii/1143256015198-ooo-gek,Синапс,2026-09-02T01:47:00+03:00,HIGH,N5K-20260902-576,new_5000
N5K-0765,N5K-0765-E02,SIZE,"Выручка за 2025 год — 15,38 млрд ₽; чистая прибыль — 6,59 млрд ₽.",https://b2b.house/company/OOO-GEK_32c7bd95-bc79-4495-9cf8-18c94c4dd300/,B2B.House,2026-09-02T01:47:00+03:00,HIGH,N5K-20260902-576,new_5000
N5K-0765,N5K-0765-E03,SIGNAL,27.08.2026 открыт третий производственный цех после завершения инвестиционного проекта; создано более 400 рабочих мест.,https://arhiv.bryanskobl.ru/news/2026/08/28/16759,Правительство Брянской области,2026-09-02T01:47:00+03:00,HIGH,N5K-20260902-576,new_5000
N5K-0765,N5K-0765-E04,CONTACT,Официально опубликованы прямой коммерческий e-mail commerc@gek32.ru и телефон +7 (4832) 30-66-55.,https://gazenergokomplekt.ru/contacts/,ГазЭнергоКомплект,2026-09-02T01:47:00+03:00,HIGH,N5K-20260902-576,new_5000
N5K-0767,N5K-0767-E01,signal,"Запуск новой производственной линии в Егорьевске, инвестиции 108 млн ₽",https://www.retail.ru/rbc/pressreleases/kompaniya-bytplast-zapustila-proizvodstvo-mnogorazovykh-butylok-dlya-vody-v-egorevske/,Retail.ru,2026-09-02T02:45:00+03:00,HIGH,N5K-20260902-577R1,new_5000
N5K-0767,N5K-0767-E02,legal,"Действующее ООО, ИНН 5011018520, ОГРН 1035002350195; генеральный директор и совладелец Владимир Бобров",https://sledi.ru/bytplast-5011018520/,Sledi,2026-09-02T02:45:00+03:00,HIGH,N5K-20260902-577R1,new_5000
N5K-0771,N5K-0771-E01,LEGAL,Действующее ООО; ИНН 2465126384; ОГРН 1152468025379; директор Гаджимахадов Кудрат Абдуллаевич,https://e-ecolog.ru/buh/2025/2465126384,Бухгалтерская отчетность / открытый реестр,2026-09-02T03:29:29+03:00,HIGH,N5K-20260902-578,new_5000
N5K-0771,N5K-0771-E02,SIZE,"Выручка 2025 297,9 млн ₽; после модернизации мощность 294,2 тыс. м² в год",https://www.kommersant.ru/doc/8864012,Коммерсантъ,2026-09-02T03:29:29+03:00,HIGH,N5K-20260902-578,new_5000
N5K-0771,N5K-0771-E03,SIGNAL,"06.08.2026 завершена модернизация на 87,8 млн ₽; закуплено автоматизированное оборудование и увеличены мощности",https://www.kommersant.ru/doc/8864012,Коммерсантъ,2026-09-02T03:29:29+03:00,HIGH,N5K-20260902-578,new_5000
N5K-0771,N5K-0771-E04,CONTACT,Официально опубликованы +7 (391) 219-33-99 и zakaz@skreal24.ru,https://skreal24.ru/,Стекольная Компания Реал,2026-09-02T03:29:29+03:00,HIGH,N5K-20260902-578,new_5000
N5K-0773,N5K-0773-E01,LEGAL,Действующее ООО ТК «ВОРОНЕЖ-АГРО»; ИНН 2620006020; ОГРН 1152651012117; генеральный директор Блохин Дмитрий Александрович.,https://saby.ru/profile/2620006020-365201001,Saby,2026-09-02T03:52:00+03:00,HIGH,N5K-20260902-578R2,new_5000
N5K-0773,N5K-0773-E02,SIZE,"Инвестиции в новый комплекс свыше 22,7 млрд ₽; площадь 38,87 га; проектная мощность до 51 тыс. тонн в год; до 755 рабочих мест.",https://vrn.mk.ru/economics/2026/07/17/voronezhskuyu-oblast-ovoshhami-budet-snabzhat-svoy-teplichnyy-kompleks.html,МК Воронеж / данные региональных властей,2026-09-02T03:52:00+03:00,HIGH,N5K-20260902-578R2,new_5000
N5K-0773,N5K-0773-E03,SIGNAL,"16.07.2026 состоялось открытие тепличного комплекса «Воронеж-Агро», одного из крупнейших инвестиционных проектов ГК «Династия».",https://fomag.ru/news-streem/v-voronezhskoy-oblasti-otkryli-teplichnyy-kompleks-stoimostyu-bolee-22-7-mlrd-rubley/,ТАСС / Fomag,2026-09-02T03:52:00+03:00,HIGH,N5K-20260902-578R2,new_5000
N5K-0773,N5K-0773-E04,CONTACT,Официальный сайт публикует телефон +7 (931) 072-80-76 и email info@voronezh-agro.com.,https://voronezh-agro.com/,Воронеж-Агро,2026-09-02T03:52:00+03:00,HIGH,N5K-20260902-578R2,new_5000
N5K-0774,N5K-0774-E01,LEGAL,Действующее АО ПЛЕМЗАВОД «ПОВАДИНО»; ИНН 5009048052; ОГРН 1055001504854; генеральный директор Сергеенко Игорь Владимирович.,https://companies.rbc.ru/id/1055001504854-ao-plemzavod-povadino/,РБК Компании,2026-09-02T03:56:00+03:00,HIGH,N5K-20260902-578R3,new_5000
N5K-0774,N5K-0774-E02,SIZE,"Выручка 2025 года 1,445 млрд ₽; прибыль 205,6 млн ₽; 191 сотрудник.",https://companies.rbc.ru/id/1055001504854-ao-plemzavod-povadino/,РБК Компании,2026-09-02T03:56:00+03:00,HIGH,N5K-20260902-578R3,new_5000
N5K-0774,N5K-0774-E03,SIGNAL,"02.07.2026 введена молочно-товарная ферма на 1 200 голов; инвестиции около 900 млн ₽, мощность 14 тыс. тонн молока в год.",https://milknews.ru/index/moloko/povadino-fekrma-moloko.html,Milknews / данные Минсельхозпрода Московской области,2026-09-02T03:56:00+03:00,HIGH,N5K-20260902-578R3,new_5000
N5K-0774,N5K-0774-E04,CONTACT,Опубликованы корпоративные телефоны и email pzpovadino@yandex.ru.,https://companium.ru/id/1055001504854-plemzavod-povadino,Companium,2026-09-02T03:56:00+03:00,HIGH,N5K-20260902-578R3,new_5000
N5K-0775,N5K-0775-E01,LEGAL,"АО ФАРМПРОЕКТ, ИНН 7801153192, ОГРН 1027800566045, действующее юрлицо; управляющий Аракелян Аветис Горович.",https://zachestnyibiznes.ru/company/ul/1027800566045_7801153192_AO-FARMPROEKT,За честный бизнес,2026-09-02T04:48:00+03:00,HIGH,N5K-20260902-579,new_5000
N5K-0775,N5K-0775-E02,SIZE,Официальный сайт подтверждает производственный комплекс более 12 000 кв. м; официальный материал компании указывает более 300 специалистов.,https://pharmproject.com/about/,Фармпроект,2026-09-02T04:48:00+03:00,HIGH,N5K-20260902-579,new_5000
N5K-0775,N5K-0775-E03,SIGNAL,03.06.2026 компания объявила о строительстве нового завода в ОЭЗ Санкт-Петербург и создании 125 новых рабочих мест.,https://pharmproject.com/press-center/investitsii-v-zdorove-farmproekt-rasshiryaet-vypusk-lekarstv-v-peterburge/,Фармпроект,2026-09-02T04:48:00+03:00,HIGH,N5K-20260902-579,new_5000
N5K-0775,N5K-0775-E04,CONTACT,Официальный сайт публикует телефон +7 812 331-93-10 и email info@pharmproject.com.,https://pharmproject.com/contacts/,Фармпроект,2026-09-02T04:48:00+03:00,HIGH,N5K-20260902-579,new_5000
N5K-0776,N5K-0776-E01,LEGAL,"ООО АРГУМЕНТУМ ФАРМА, ИНН 5010058369, ОГРН 1215000046480, действующая частная компания; генеральный директор Левченко Олег Олегович.",https://companium.ru/id/1215000046480-argumentum-farma,Companium,2026-09-02T04:48:00+03:00,HIGH,N5K-20260902-579,new_5000
N5K-0776,N5K-0776-E02,SIZE,"Доходы 2025 года 258,3 млн ₽; проект нового завода — 2,5 млрд ₽ и около 100 рабочих мест.",https://zachestnyibiznes.ru/company/ul/1215000046480_5010058369,За честный бизнес,2026-09-02T04:48:00+03:00,HIGH,N5K-20260902-579,new_5000
N5K-0776,N5K-0776-E03,SIGNAL,"20.08.2026 завершается оснащение нового фармзавода в ОЭЗ Дубна; ввод планируется до конца 2026 года, инвестиции 2,5 млрд ₽.",https://www.vedomosti.ru/press_releases/2026/08/20/novii-farmzavod-v-oez-dubna-gotovyat-k-zapusku,Ведомости / Мининвест Московской области,2026-09-02T04:48:00+03:00,HIGH,N5K-20260902-579,new_5000
N5K-0776,N5K-0776-E04,CONTACT,Публичный company dossier публикует телефон +7 495 363-57-55 и email info@argumentum-pharma.ru.,https://companium.ru/id/1215000046480-argumentum-farma,Companium,2026-09-02T04:48:00+03:00,HIGH,N5K-20260902-579,new_5000
N5K-0777,N5K-0777-E01,LEGAL,"ООО ССИ РЕШЕНИЯ действует; ИНН 5044140170, ОГРН 1235000099861; генеральный директор и 100% учредитель — Белинский Андрей Геннадиевич.",https://www.tbank.ru/business/contractor/legal/1235000099861/,Т-Банк Бизнес / registry data,2026-09-02T05:26:59+03:00,HIGH,N5K-20260902-580,new_5000
N5K-0777,N5K-0777-E02,SIZE,"Бухгалтерская выручка за 2025 год около 1,19 млрд ₽; компания реализует производственное расширение с инвестициями свыше 450 млн ₽.",https://www.tbank.ru/business/contractor/legal/1235000099861/,Т-Банк Бизнес / бухгалтерская отчетность,2026-09-02T05:26:59+03:00,HIGH,N5K-20260902-580,new_5000
N5K-0777,N5K-0777-E03,SIGNAL,"4 июня 2026 компания сообщила об открытии нового завода в Есипово, инвестициях свыше 450 млн ₽, 40 новых высокотехнологичных местах и цели удвоить темпы ежегодного роста.",https://ssi-solutions.ru/about/news/pmef-soglashenie-o-sotrudnichestve-mezhdu-ssi-resheniya-i-pravitelstvom-moskovskoy-oblasti/,ССИ Решения — официальный сайт,2026-09-02T05:26:59+03:00,HIGH,N5K-20260902-580,new_5000
N5K-0777,N5K-0777-E04,LPR,Андрей Белинский подтвержден как генеральный директор ССИ Решения; registry source также подтверждает его как 100% учредителя.,https://ssi-solutions.ru/about/news/transrussia-connect-ssi-resheniya/,ССИ Решения — официальный сайт,2026-09-02T05:26:59+03:00,HIGH,N5K-20260902-580,new_5000
N5K-0777,N5K-0777-E05,CONTACT,Официальный маршрут exact company/domain: +7 (499) 500-88-40 и info@ssi-solutions.ru.,https://ssi-solutions.ru/,ССИ Решения — официальный сайт,2026-09-02T05:26:59+03:00,HIGH,N5K-20260902-580,new_5000
N5K-0779,N5K-0779-E01,LEGAL,"ООО ФАРМ ЭЙД ЛТД действует; ИНН 9709002011, ОГРН 1177746521864; генеральный директор — Метов Азамат Олегович.",https://www.tbank.ru/business/contractor/legal/1177746521864/,Т-Банк Бизнес / registry data,2026-09-02T05:33:00+03:00,HIGH,N5K-20260902-580R1,new_5000
N5K-0779,N5K-0779-E02,SIZE,"Выручка 2025 около 819,24 млн ₽; уставный капитал 500 млн ₽; новый производственный проект оценивается в 14,3 млрд ₽.",https://b2b.house/company/OOO-FARM-EJD-LTD_819a35f3-1225-4851-bc53-0c36468f764d/,B2B.House / бухгалтерская отчетность,2026-09-02T05:33:00+03:00,HIGH,N5K-20260902-580R1,new_5000
N5K-0779,N5K-0779-E03,SIGNAL,"03.06.2026 подтвержден проект строительства биофармацевтического комплекса в Ворсино с общим объемом инвестиций 14,3 млрд ₽ и проектной мощностью первого этапа 20 млн единиц препаратов в год.",https://gxpnews.net/2026/06/farm-ejd-postroit-proizvodstvo-biopreparatov-i-vakczin-za-143-mlrd-rublej-pod-kalugoj/,GxP News,2026-09-02T05:33:00+03:00,HIGH,N5K-20260902-580R1,new_5000
N5K-0779,N5K-0779-E04,LPR,Метов Азамат Олегович подтвержден как генеральный директор действующего ООО ФАРМ ЭЙД ЛТД.,https://www.tbank.ru/business/contractor/legal/1177746521864/,Т-Банк Бизнес / registry data,2026-09-02T05:33:00+03:00,HIGH,N5K-20260902-580R1,new_5000
N5K-0779,N5K-0779-E05,CONTACT,Официальный сайт exact company публикует +7 (495) 477-44-24 и info@pharmaid.com.,https://pharmaid.com/contact/,PharmAid official website,2026-09-02T05:33:00+03:00,HIGH,N5K-20260902-580R1,new_5000
N5K-0781,N5K-0781-E01,LEGAL,"Действующее ООО «ПЕТРОДВОРЦОВЫЙ ЧАСОВОЙ ЗАВОД «РАКЕТА», ИНН 7819320133, ОГРН 1147847337571.",https://companies.rbc.ru/id/1147847337571-obschestvo-s-ogranichennoj-otvetstvennostyu-petrodvortsovyij-chasovoj-zavod-raketa/,РБК Компании,2026-09-02T06:24:25+03:00,HIGH,N5K-20260902-581,new_5000
N5K-0781,N5K-0781-E02,SIZE,Действующее производство с подтвержденной отчетностью 2025 года и планом существенного расширения выпуска.,https://b2b.house/company/OOO-PCHZ-RAKETA_0b5ade92-3038-4233-834a-d5688ddfabc6/financial-statements/,B2B.House,2026-09-02T06:24:25+03:00,HIGH,N5K-20260902-581,new_5000
N5K-0781,N5K-0781-E03,SIGNAL,14.08.2026 сообщено о плане расширить производство примерно на 70% к 2029 году и увеличить выпуск механизмов до 12 тыс.,https://www.dp.ru/api/amp/a/2026/08/13/peterburgskij-chasovoj-zavod,Деловой Петербург,2026-09-02T06:24:25+03:00,HIGH,N5K-20260902-581,new_5000
N5K-0781,N5K-0781-E04,LPR,Анатолий Александрович Черданцев подтвержден как генеральный директор действующего юрлица.,https://companies.rbc.ru/id/1147847337571-obschestvo-s-ogranichennoj-otvetstvennostyu-petrodvortsovyij-chasovoj-zavod-raketa/,РБК Компании,2026-09-02T06:24:25+03:00,HIGH,N5K-20260902-581,new_5000
N5K-0781,N5K-0781-E05,CONTACT,На официальном сайте опубликованы info@raketa.com и телефон +7 (800) 600-55-34 доб. 221.,https://world.raketa.com/contacts,Raketa,2026-09-02T06:24:25+03:00,HIGH,N5K-20260902-581,new_5000
N5K-0782,N5K-0782-E01,LEGAL,"Действующее АО ФИРМА «АВГУСТ», ИНН 5046001101, ОГРН 1025006038958.",https://companies.rbc.ru/id/1025006038958-ao-firma-avgust/,РБК Компании,2026-09-02T06:31:24+03:00,HIGH,N5K-20260902-581R1,new_5000
N5K-0782,N5K-0782-E02,SIZE,"Выручка компании за 2025 год составляет 48,13 млрд ₽; компания является крупным производителем агрохимии и имеет масштабные производственные активы.",https://companies.rbc.ru/id/1025006038958-ao-firma-avgust/,РБК Компании,2026-09-02T06:31:24+03:00,HIGH,N5K-20260902-581R1,new_5000
N5K-0782,N5K-0782-E03,SIGNAL,31.08.2026 компания опубликовала предварительные показатели сезона 2025/26 и приоритеты развития; ожидаемый выпуск средств защиты растений около 53 млн л/кг на фоне продолжающегося развития производственной и агропромышленной базы.,https://avgust.com/press/news/industry/tseny-na-szr-mogut-vyrasti-po-otdelnym-pozitsiyam-avgust-k-36-letiyu-otsenil-perspektivy-rynka/,АО Фирма «Август»,2026-09-02T06:31:24+03:00,HIGH,N5K-20260902-581R1,new_5000
N5K-0782,N5K-0782-E04,LPR,Михаил Евгеньевич Данилов подтверждён как генеральный директор АО ФИРМА «АВГУСТ».,https://companies.rbc.ru/id/1025006038958-ao-firma-avgust/,РБК Компании,2026-09-02T06:31:24+03:00,HIGH,N5K-20260902-581R1,new_5000
N5K-0782,N5K-0782-E05,CONTACT,На официальном сайте опубликованы корпоративные маршруты +7 (495) 787-08-00 и corporate@avgust.com.,https://avgust.com/company/,АО Фирма «Август»,2026-09-02T06:31:24+03:00,HIGH,N5K-20260902-581R1,new_5000
N5K-0783,N5K-0783-E01,LEGAL,"Действующее ООО ГК «БЕЛАЯ ДОЛИНА», ИНН 6452908328, ОГРН 1056405002763.",https://companium.ru/id/1056405002763-gk-belaya-dolina,Companium,2026-09-02T06:36:00+03:00,HIGH,N5K-20260902-581R2,new_5000
N5K-0783,N5K-0783-E02,SIZE,Официальный сайт группы указывает три производственные площадки и более 2000 сотрудников; новая фабрика имеет мощность 20 тыс. тонн в год.,https://beldolina.com/,ГК «Белая Долина»,2026-09-02T06:36:00+03:00,HIGH,N5K-20260902-581R2,new_5000
N5K-0783,N5K-0783-E03,SIGNAL,"03.08.2026 подтверждены инвестиции почти 4 млрд ₽ в новую фабрику мороженого, введённую 23.04.2026, мощностью 20 тыс. тонн в год и ориентированную на расширение производства и географии продаж.",https://www.agroinvestor.ru/investments/article/46379-morozhenye-investitsii-gk-belaya-dolina-vlozhila-pochti-4-mlrd-rub-v-fabriku-morozhenogo/,Агроинвестор,2026-09-02T06:36:00+03:00,HIGH,N5K-20260902-581R2,new_5000
N5K-0783,N5K-0783-E04,LPR,Вадим Алексеевич Коноплев указан актуальным руководителем ООО ГК «БЕЛАЯ ДОЛИНА»; в регистрационных данных также указана его управленческая роль заместителя председателя правления по проектам.,https://companium.ru/id/1056405002763-gk-belaya-dolina,Companium,2026-09-02T06:36:00+03:00,HIGH,N5K-20260902-581R2,new_5000
N5K-0783,N5K-0783-E05,CONTACT,На официальном сайте группы опубликованы 8 (800) 500-88-50 и bd@beldolina.ru.,https://beldolina.com/contacts/,ГК «Белая Долина»,2026-09-02T06:36:00+03:00,HIGH,N5K-20260902-581R2,new_5000
N5K-0784,N5K-0784-E01,LEGAL,"ООО «ЛЕСОЗАВОД «СУДОМА», ИНН 6004004293, ОГРН 1126030000172 — действующая коммерческая организация.",https://www.audit-it.ru/contragent/1126030000172_ooo-lesozavod-sudoma,"Audit-it, досье 10.08.2026",2026-09-02T09:25:37+03:00,HIGH,N5K-20260902-584,new_5000
N5K-0784,N5K-0784-E02,SIZE,"Выручка 2025 года около 1,3 млрд ₽ (+25,8%), численность 296 человек.",https://www.audit-it.ru/contragent/1126030000172_ooo-lesozavod-sudoma,Audit-it,2026-09-02T09:25:37+03:00,HIGH,N5K-20260902-584,new_5000
N5K-0784,N5K-0784-E03,SIGNAL,"25.08.2026 завершено внедрение бережливого производства; производительность +15%, упаковка -21,5% времени.",https://sudomawood.ru/news/lesozavod-sudoma-povysil-proizvoditelnost-na-15/,Официальный сайт Судома,2026-09-02T09:25:37+03:00,HIGH,N5K-20260902-584,new_5000
N5K-0784,N5K-0784-E04,LPR,Генеральный директор — Калиниченко Василий Сергеевич.,https://eo.nadzor-info.ru/organization/250051,Nadzor-info,2026-09-02T09:25:37+03:00,HIGH,N5K-20260902-584,new_5000
N5K-0784,N5K-0784-E05,CONTACT,Официально опубликованы приемная генерального директора и коммерческий email.,https://sudomawood.ru/contacts/,Официальный сайт Судома,2026-09-02T09:25:37+03:00,HIGH,N5K-20260902-584,new_5000
N5K-0785,N5K-0785-E01,LEGAL,"ООО «ЗАВОД АНГСТРЕМ», ИНН 7604323568, ОГРН 1177627011913 — действующая организация.",https://companies.rbc.ru/id/1177627011913-ooo-energotehnologicheskaya-kompaniya-angstrem/,"РБК Компании, актуальность 29.08.2026",2026-09-02T09:25:37+03:00,HIGH,N5K-20260902-584,new_5000
N5K-0785,N5K-0785-E02,SIZE,91 сотрудник; предприятие действует как производитель электротехнического оборудования; новая производственная площадка подтверждена официальным сайтом.,https://synapsenet.ru/organizacii/1177627011913-ooo-zavod-angstrem,Синапс,2026-09-02T09:25:37+03:00,HIGH,N5K-20260902-584,new_5000
N5K-0785,N5K-0785-E03,SIGNAL,"Компания строит еще одну производственную площадку, увеличивает штат и вводит новые должности/отделы; переход на Пожарского, 15 — с сентября 2026.",https://dreamjob.ru/employers/303820/vakansii/123362799,Публичный материал работодателя,2026-09-02T09:25:37+03:00,HIGH,N5K-20260902-584,new_5000
N5K-0785,N5K-0785-E04,LPR,Генеральный директор — Дубров Андрей Александрович; учредитель 100% — Завитухин Евгений Владимирович.,https://companies.rbc.ru/id/1177627011913-ooo-energotehnologicheskaya-kompaniya-angstrem/,РБК Компании,2026-09-02T09:25:37+03:00,HIGH,N5K-20260902-584,new_5000
N5K-0785,N5K-0785-E05,CONTACT,"Официальный сайт публикует 8 800 775-87-54, info@angstrem.tech и адрес производства ул. Пожарского, 15.",https://angstrem.tech/contacts/,Официальный сайт Ангстрем,2026-09-02T09:25:37+03:00,HIGH,N5K-20260902-584,new_5000
N5K-0787,N5K-0787-E01,LEGAL,"АО «АБИ ПРОДАКТ», ИНН 3328458132, ОГРН 1083328002780 — действующая организация; генеральный директор Трифонова Татьяна Владимировна.",https://companies.rbc.ru/id/1083328002780-ao-abi-prodakt/,"РБК Компании, актуально на 01.09.2026",2026-09-02T14:27:50+03:00,HIGH,N5K-20260902-585,new_5000
N5K-0787,N5K-0787-E02,SIZE,"Выручка АО «АБИ ПРОДАКТ» за 2025 год около 7,5 млрд ₽; численность 749 сотрудников.",https://reputation.ru/ogrn/1083328002780,Reputation / сведения ФНС и отчетность 2025,2026-09-02T14:27:50+03:00,HIGH,N5K-20260902-585,new_5000
N5K-0787,N5K-0787-E03,SIGNAL,02.09.2026 Татьяна Трифонова сообщила о расширении производства Аби и инвестициях 11 млрд ₽ в новый завод с созданием около 2 тыс. рабочих мест.,https://zebra-tv.ru/novosti/spetsproekty/gendirektor-abi-prodakt-tatyana-trifonova-o-rasshirenii-proizvodstva-i-nabore-novykh-sotrudnikov/,"Зебра ТВ, 02.09.2026",2026-09-02T14:27:50+03:00,HIGH,N5K-20260902-585,new_5000
N5K-0787,N5K-0787-E04,LPR,Татьяна Владимировна Трифонова — генеральный директор АО «АБИ ПРОДАКТ» и публичный руководитель Аби.,https://www.tbank.ru/business/contractor/legal/1083328002780/,Т-Банк Бизнес / контрагент,2026-09-02T14:27:50+03:00,HIGH,N5K-20260902-585,new_5000
N5K-0787,N5K-0787-E05,CONTACT,Официальный сайт Аби публикует головной телефон +7 (4922) 52-99-99 и адрес во Владимире.,https://abi.ru/,Официальный сайт Аби,2026-09-02T14:27:50+03:00,HIGH,N5K-20260902-585,new_5000
N5K-0788,N5K-0788-E01,LEGAL,"ООО «РУБЕТЕК РУС», ИНН 5753051934, ОГРН 1105753000352; генеральный директор Евстафьева Дарья Игоревна.",https://shop.rubetek.com/oferta/,Rubetek — официальная публичная оферта,2026-09-02T15:30:00+03:00,HIGH,N5K-20260902-586R1,new_5000
N5K-0788,N5K-0788-E02,SCALE,Компания указывает 350+ сотрудников и собственное производство; официальный раздел о компании указывает производственные площади 4200 м² в Орле.,https://rubetek.com/about/,Rubetek — официальный сайт,2026-09-02T15:30:00+03:00,HIGH,N5K-20260902-586R1,new_5000
N5K-0788,N5K-0788-E03,SIGNAL,23.04.2026 Rubetek расширил производственные мощности в Орле и запустил новые производственные линии.,https://rubetek.com/about/news/press/rubetek-rasshiryaet-sobstvennye-proizvodstvennye-moshchnosti-v-orle/,Rubetek — официальный пресс-релиз,2026-09-02T15:30:00+03:00,HIGH,N5K-20260902-586R1,new_5000
N5K-0788,N5K-0788-E04,CONTACT,Официальный B2B маршрут связи: partners@rubetek.com; корпоративный телефон 8 800 777-53-73 и форма связи.,https://rubetek.com/contacts/,Rubetek — официальный раздел контактов,2026-09-02T15:30:00+03:00,HIGH,N5K-20260902-586R1,new_5000
N5K-0789,N5K-0789-E01,LEGAL_SIZE,"ООО ПП ВОСХОД действует; ИНН 7203497101, ОГРН 1207200001470; выручка за 2025 год 1,1048 млрд ₽, прибыль 126,747 млн ₽.",https://www.tbank.ru/business/contractor/legal/1207200001470/,Т-Банк Бизнес / реестровые данные,2026-09-02T16:32:00+03:00,HIGH,N5K-20260902-587,new_5000
N5K-0789,N5K-0789-E02,OWNER_LPR,Мирхасанов Рустам Рахимзянович — директор с 24.06.2024 и учредитель 100%.,https://www.tbank.ru/business/contractor/legal/1207200001470/,Т-Банк Бизнес / ЕГРЮЛ,2026-09-02T16:32:00+03:00,HIGH,N5K-20260902-587,new_5000
N5K-0789,N5K-0789-E03,SIGNAL,30.06.2026 ПП ВОСХОД запустило новый цех металлообработки.,https://investintyumen.ru/news/novyy_tsekh_metalloobrabotki_zapustilo_proizvodstvennoe_predpriyatie_-voskhod/,Инвестиционное агентство Тюменской области,2026-09-02T16:32:00+03:00,HIGH,N5K-20260902-587,new_5000
N5K-0789,N5K-0789-E04,CONTACT,Официальный телефон +7 (3452) 21-52-39 и email info@voskhod-pp.ru опубликованы на сайте компании.,https://voskhod-pp.ru/,официальный сайт ПП ВОСХОД,2026-09-02T16:32:00+03:00,HIGH,N5K-20260902-587,new_5000
N5K-2115004848,N5K-2115004848-E01,LEGAL,"ООО ГАРМОНИЯ, ИНН 2115004848, ОГРН 1132137000027, действует; генеральный директор Сергей Порфирьев; собственники Сергей и Борис Порфирьевы по 50%.",https://companies.rbc.ru/id/1132137000027-ooo-obschestvo-s-ogranichennoj-otvetstvennostyu-garmoniya/,РБК Компании,2026-09-02T18:51:00+03:00,HIGH,N5K-20260902-588R1,new_5000
N5K-2115004848,N5K-2115004848-E02,SCALE,"Выручка 544,8 млн ₽ за 2025 год, рост около 162%; 135 сотрудников; производство 68 тыс. дверных комплектов за 2025 год.",https://alestech.ru/factory/1758-garmonia,Ассоциация Лестех,2026-09-02T18:51:00+03:00,HIGH,N5K-20260902-588R1,new_5000
N5K-2115004848,N5K-2115004848-E03,SIGNAL,17.08.2026 открыта новая производственная площадка в Новочебоксарске с инвестициями 215 млн ₽ и 40 новыми рабочими местами.,https://gfchr.org/novosti/v-novocheboksarske-s-gospodderzhkoy-zapushchena-novaya-proizvodstvennaya-ploshchadka/,Гарантийный фонд Чувашской Республики,2026-09-02T18:51:00+03:00,HIGH,N5K-20260902-588R1,new_5000
N5K-2115004848,N5K-2115004848-E04,LPR_CONTACT,Сергей Порфирьев публично назван директором и сооснователем семейного бизнеса; опубликованы телефон и email фабрики.,https://www.zivvestnik.ru/news/ehto_rezultat_kropotlivoj_posledovatelnoj_raboty/2026-05-08-12908,Цивильский вестник / Ассоциация Лестех,2026-09-02T18:51:00+03:00,HIGH,N5K-20260902-588R1,new_5000
N5K-6037009410,N5K-6037009410-E01,LEGAL_SCALE,"ИНН 6037009410, ОГРН 1186027001698; гендиректор Борис Табаев, учредитель Михаил Сутягинский; выручка 2025 2,402 млрд ₽, 204 сотрудника.",https://companies.rbc.ru/id/1186027001698-ooo-pskovskij-zavod-titan-polimer/,РБК Компании,2026-09-02T18:55:00+03:00,HIGH,N5K-20260902-588R1,new_5000
N5K-6037009410,N5K-6037009410-E02,SIGNAL,28.07.2026 экспорт БОПЭТ-пленки вырос на 56% год к году.,https://titan-polymer.ru/news/zavod-titan-polimer-po-itogam-pervogo-polugodiya-uvelichil-eksport-bopet-plenok/,Титан-Полимер,2026-09-02T18:55:00+03:00,HIGH,N5K-20260902-588R1,new_5000
N5K-6037009410,N5K-6037009410-E03,CONTACT,"Официальная страница публикует генерального директора, телефон и email.",https://titan-polymer.ru/contacts/,Титан-Полимер,2026-09-02T18:55:00+03:00,HIGH,N5K-20260902-588R1,new_5000
N5K-2329016248,N5K-2329016248-E01,LEGAL_SCALE,"ИНН 2329016248, ОГРН 1022303582290; гендиректор Александр Кияткин; учредитель АО «Мультидекс»; выручка 2025 6,424 млрд ₽, 448 сотрудников.",https://companies.rbc.ru/id/1022303582290-ooo-obschestvo-s-ogranichennoj-otvetstvennostyu-krahmalnyij-zavod-gulkevichskij/,РБК Компании,2026-09-02T18:55:00+03:00,HIGH,N5K-20260902-588R1,new_5000
N5K-2329016248,N5K-2329016248-E02,SIGNAL,05.02.2026 РУСТАРК объявил удвоение переработки сырья и запуск нового производства модифицированных крахмалов.,https://rustark.com/news/kompaniya-rustark-udvaivaet-proizvodstvennye-moshchnosti-investitsii-v-budushchee,РУСТАРК,2026-09-02T18:55:00+03:00,HIGH,N5K-20260902-588R1,new_5000
N5K-2329016248,N5K-2329016248-E03,CONTACT,"Официальная страница публикует приемную, отдел продаж и форму связи.",https://rustark.com/contacts/,РУСТАРК,2026-09-02T18:55:00+03:00,HIGH,N5K-20260902-588R1,new_5000
GR-RAM-7729477690,GR-RAM-7729477690-E01,legal,"ООО РАМ, ИНН 7729477690, ОГРН 1157746936632, действующая компания; управляющая организация/учредитель ООО БС ХОЛДИНГ.",https://reputation.ru/ogrn/1157746936632,Reputation.ru,2026-09-02T21:38:00+03:00,HIGH,N5K-20260902-591,new_5000
GR-RAM-7729477690,GR-RAM-7729477690-E02,size,"Выручка компании выросла примерно до 1,4 млрд руб. в 2024 году; 182 сотрудника в 2024.",https://reputation.ru/ogrn/1157746936632,Reputation.ru,2026-09-02T21:38:00+03:00,HIGH,N5K-20260902-591,new_5000
GR-RAM-7729477690,GR-RAM-7729477690-E03,signal,6 мая 2026 Rock And Mill открыла проектный офис в Красноярске как часть региональной сети для усиления работы в Сибири.,https://companies.rbc.ru/news/iQ4BXVzeJm/rok-end-mill-otkryil-ofis-v-krasnoyarske/,РБК Компании,2026-09-02T21:38:00+03:00,HIGH,N5K-20260902-591,new_5000
GR-RAM-7729477690,GR-RAM-7729477690-E04,lpr,В интервью 3 апреля 2026 Егор Колесников указан как генеральный директор Rock And Mill.,https://gold.1prime.ru/amp/20260403/intervyu-1280697.html,ПРАЙМ ЗОЛОТО,2026-09-02T21:38:00+03:00,HIGH,N5K-20260902-591,new_5000
GR-RAM-7729477690,GR-RAM-7729477690-E05,contact,Официальный сайт публикует корпоративный телефон +7 499 110-14-72; презентация компании публикует info@rockandmill.ru.,https://rockandmill.ru/contacts,Rock And Mill official website,2026-09-02T21:38:00+03:00,HIGH,N5K-20260902-591,new_5000
GR-MPK-4011015912,GR-MPK-4011015912-E01,LEGAL_SCALE,"ООО «МПК-Сталь» действует; ИНН 4011015912, ОГРН 1054001008918; генеральный директор Карасев Дмитрий Александрович; выручка 2025 426 716 000 руб.",https://companies.rbc.ru/alphabetical-catalog/companies/m-a-l/,РБК Компании,2026-09-03T04:27:49+03:00,HIGH,N5K-20260903-598,new_5000
GR-MPK-4011015912,GR-MPK-4011015912-E02,GROWTH_SIGNAL,3 июня 2026 года компания подписала с Правительством Калужской области соглашение о выпуске линейки беспилотных вездеходных платформ.,https://www.investkaluga.com/media/news/kaluzhskaya-mpk-stal-podpisala-soglashenie-o-vypuske-bespilotnyh-vezdehodnyh-platform-na-pmef-2026/,Агентство развития бизнеса Калужской области,2026-09-03T04:27:49+03:00,HIGH,N5K-20260903-598,new_5000
GR-MPK-4011015912,GR-MPK-4011015912-E03,CONTACT_ROUTE,Официальный сайт публикует корпоративные телефон +7 (48431) 5-20-20 и email info@mpkmk.com.,https://mpkmk.com/,Официальный сайт МПК-Сталь,2026-09-03T04:27:49+03:00,HIGH,N5K-20260903-598,new_5000
GR-6685104520,GR-6685104520-E01,signal,"8 июля 2026 года сообщено о расширении производства модульных ЦОД и инвестициях свыше 35 млн ₽ в лазерную сварку, роботизацию и окрасочно-сушильное оборудование.",https://www.kommersant.ru/gallery/8799293,Коммерсантъ,2026-09-03T06:31:57+03:00,HIGH,N5K-20260903-600,new_5000
GR-6685104520,GR-6685104520-E02,signal_capacity,"В 2026 году производственная мощность ДАТАРК увеличена на 40%, до 50 модулей в год.",https://servernews.ru/1126361,ServerNews,2026-09-03T06:31:57+03:00,HIGH,N5K-20260903-600,new_5000
GR-6685104520,GR-6685104520-E03,legal_scale_lpr,"Действующее ООО «ДАТАРК», ИНН 6685104520, ОГРН 1156658103183; генеральный директор — Тропин Евгений Анатольевич; выручка 2025 года 875,3 млн ₽, 78 сотрудников.",https://companium.ru/id/1156658103183-datark,Companium / сведения ФНС и бухгалтерской отчетности,2026-09-03T06:31:57+03:00,HIGH,N5K-20260903-600,new_5000
GR-6685104520,GR-6685104520-E04,contact,"Официальный сайт публикует info@datark.ru, +7 343 286-17-80 и форму отправки заявки.",https://datark.ru/kontakty/,Официальный сайт ДАТАРК,2026-09-03T06:31:57+03:00,HIGH,N5K-20260903-600,new_5000
GR-N5K-20260903-601-NEIS-ENGINEERING,GR-N5K-20260903-601-NEIS-ENGINEERING-E01,LEGAL_LPR_CONTACT,"ООО Нейс-Инжиниринг: ОГРН 1236100026800, ИНН 6122021400; генеральный директор Смирнов Кирилл Андреевич; официальный телефон +7 938 156-57-00 и email info@armadon.ru.",https://oez-rostovskaya.ru/resident/neis-engineering/,ОЭЗ Ростовская,2026-09-03T07:29:24+03:00,HIGH,N5K-20260903-601,new_5000
GR-N5K-20260903-601-NEIS-ENGINEERING,GR-N5K-20260903-601-NEIS-ENGINEERING-E02,SCALE,"Выручка ООО Нейс-Инжиниринг за 2025 год 112,99 млн рублей; чистая прибыль 9,87 млн рублей.",https://www.tbank.ru/business/contractor/legal/1236100026800/,Т-Бизнес,2026-09-03T07:29:24+03:00,HIGH,N5K-20260903-601,new_5000
GR-N5K-20260903-601-NEIS-ENGINEERING,GR-N5K-20260903-601-NEIS-ENGINEERING-E03,GROWTH_SIGNAL,"23 апреля 2026 сообщено, что завод Армадон — производственная площадка Нейс-Инжиниринг — увеличит выпуск комплектующих для дорожных машин примерно втрое; инвестиции в строительство и оснащение завода превысили 800 млн рублей.",https://south.vedomosti.ru/south/news/2026/04/23/1192621-raza,Ведомости Юг,2026-09-03T07:29:24+03:00,HIGH,N5K-20260903-601,new_5000
GR-N5K-20260903-601-NEIS-ENGINEERING,GR-N5K-20260903-601-NEIS-ENGINEERING-E04,GROWTH_SIGNAL,10 июля 2026 генеральный директор Нейс-Инжиниринг сообщил о планах начать строительство второй очереди завода Армадон в IV квартале 2026 года.,https://south.vedomosti.ru/south/news/2026/07/10/1212680-stroitelstvo,Ведомости Юг,2026-09-03T07:29:24+03:00,HIGH,N5K-20260903-601,new_5000
GR-N5K-20260903-602-OKTAVA-DM,GR-N5K-20260903-602-OKTAVA-DM-E01,LEGAL_SIZE_LPR,"ООО Октава ДМ действует; ИНН 7107132531, ОГРН 1197154009250; генеральный директор Любовь Стальнова; учредитель ООО ИВЛ-Инвест 100%; ОКФС 16; категория МСП — малое предприятие.",https://companies.rbc.ru/id/1197154009250-oktava-dm/,РБК Компании,2026-09-03T08:32:29+03:00,HIGH,N5K-20260903-602,new_5000
GR-N5K-20260903-602-OKTAVA-DM,GR-N5K-20260903-602-OKTAVA-DM-E02,SCALE,"Выручка ООО Октава ДМ за 2025 год составила 388 млн рублей, рост 19% год к году.",https://www.interfax-russia.ru/center/news/tulskaya-oktava-dm-v-2025g-uvelichila-vyruchku-na-19,Интерфакс Россия,2026-09-03T08:32:29+03:00,HIGH,N5K-20260903-602,new_5000
GR-N5K-20260903-602-OKTAVA-DM,GR-N5K-20260903-602-OKTAVA-DM-E03,GROWTH_SIGNAL,23 апреля 2026 года в Туле открыт новый завод ООО Октава ДМ по производству высокотехнологичных аудиоустройств полного цикла.,https://invest-tula.com/press-center/news/18429/,Инвестиционный портал Тульской области,2026-09-03T08:32:29+03:00,HIGH,N5K-20260903-602,new_5000
GR-N5K-20260903-602-OKTAVA-DM,GR-N5K-20260903-602-OKTAVA-DM-E04,CONTACT_ROUTE,Официальный сайт публикует корпоративные телефоны и e-mail info@oktavadm.ru для связи с ООО Октава ДМ.,https://www.oktavadm.ru/contacts,Официальный сайт ООО Октава ДМ,2026-09-03T08:32:29+03:00,HIGH,N5K-20260903-602,new_5000
N5K-5505051550,N5K-5505051550-E01,LEGAL_SCALE_LPR,"ООО «ЗЕРНОВЫЕ ЛИНИИ» действует; ИНН 5505051550, ОГРН 1165543057195; в 2025 году 43 сотрудника и выручка выросла с 2,7 до 3,0 млрд ₽; учредитель и генеральный директор — Кунакбаев Серик Абаевич.",https://reputation.ru/ogrn/1165543057195,Reputation.ru,2026-09-03T10:30:46+03:00,HIGH,N5K-20260903-604,new_5000
N5K-5505051550,N5K-5505051550-E02,GROWTH_SIGNAL,"Официальный сайт сообщает, что в июле 2026 года на форуме «Россия — Казахстан» компания подписала соглашение о сотрудничестве с QAZAQ ASTYQ GROP как шаг в развитии партнёрских отношений.",https://zl-ltd.com/,Официальный сайт Зерновые Линии,2026-09-03T10:30:46+03:00,HIGH,N5K-20260903-604,new_5000
N5K-5505051550,N5K-5505051550-E03,CONTACT_ROUTE,Официальный сайт публикует телефон +7 (3812) 79-03-89 и email office@zl-ltd.com; на сайте собственник и генеральный директор назван Сериком Абаевичем.,https://zl-ltd.com/,Официальный сайт Зерновые Линии,2026-09-03T10:30:46+03:00,HIGH,N5K-20260903-604,new_5000
N5K-7811151194,N5K-7811151194-E01,LEGAL_SCALE_LPR,Действующее ООО; ИНН 7811151194; ОГРН 1047818010426; генеральный директор и 100% учредитель — Гринев Андрей Александрович; выручка 2025 — 834 831 000 ₽.,https://companies.rbc.ru/id/1047818010426-ooo-torgovyij-dom-gefest/,РБК Компании,2026-09-03T11:28:05+03:00,HIGH,N5K-20260903-605,new_5000
N5K-7811151194,N5K-7811151194-E02,GROWTH_SIGNAL,"11.03.2026 сообщено о 200 млн ₽ льготного финансирования на модернизацию, расширение линейки и увеличение выпуска лазерных комплексов.",https://corpmsp.ru/about/press/news/novosti-korporatsii/proizvoditel-otechestvennykh-lazernykh-kompleksov-rasshirit-proizvodstvo-pri-podderzhke-korporatsii-/,Корпорация МСП,2026-09-03T11:28:05+03:00,HIGH,N5K-20260903-605,new_5000
N5K-7811151194,N5K-7811151194-E03,CONTACT_ROUTE,Официальный сайт публикует корпоративный телефон +7 (812) 309-41-36 и email info@tdgefest.ru.,https://tdgefest.ru/company/rekvizity/,Официальный сайт ТД Гефест,2026-09-03T11:28:05+03:00,HIGH,N5K-20260903-605,new_5000
N5K-1648052787,N5K-1648052787-E01,LEGAL_SIZE_LPR,"ООО «ТАТЛИФТ» действует; ИНН 1648052787, ОГРН 1201600067140; генеральный директор Загидуллина Гульшат Альбертовна; выручка 2025 около 1,50 млрд ₽.",https://www.tbank.ru/business/contractor/legal/1201600067140/,Т-Банк контрагенты,2026-09-03T13:32:24+03:00,HIGH,N5K-20260903-607,new_5000
N5K-1648052787,N5K-1648052787-E02,SIGNAL,"17 апреля 2026 года Корпорация МСП сообщила о расширении производственных мощностей нового завода ТАТЛИФТ с планом увеличить выпуск в 2,5 раза.",https://corpmsp.ru/about/press/news/novosti-korporatsii/v-1-kvartale-2026-goda-msp-privlekli-na-birzhe-1-8-mlrd-rubley/,Корпорация МСП,2026-09-03T13:32:24+03:00,HIGH,N5K-20260903-607,new_5000
N5K-1648052787,N5K-1648052787-E03,CONTACT,"Официальный сайт ТАТЛИФТ публикует телефон +7 (800) 770-79-84, email info@tatlift.com, market@tatlift.com и форму связи.",https://tatlift.com/contacts/,ТАТЛИФТ официальный сайт,2026-09-03T13:32:24+03:00,HIGH,N5K-20260903-607,new_5000
N5K-608-001,N5K-608-001-E01,legal_and_scale,"ОАО «Молочный завод Мясниковский» действует; ИНН 6122002775, ОГРН 1026101310465; генеральный директор Обаян Сурен Арсенович; выручка 2025 — 1 516 967 000 ₽; ССЧ — 291.",https://companies.rbc.ru/id/1026101310465-oao-molochnyij-zavod-myasnikovskij/,РБК Компании,2026-09-03T14:27:08+03:00,HIGH,N5K-20260903-608,new_5000
N5K-608-001,N5K-608-001-E02,growth_signal,"В 2026 году предприятие заявило инвестиции 1,2 млрд ₽ в расширение производственных мощностей; мощность переработки должна вырасти с 200 до 350 тонн молока в сутки.",https://milklife.ru/company_news/16507.html,MilkLife / Интерфакс,2026-09-03T14:27:08+03:00,HIGH,N5K-20260903-608,new_5000
N5K-608-001,N5K-608-001-E03,ownership_and_contact,"ОАО «Молочный завод Мясниковский» входит в ГК «Белый медведь»; опубликованы корпоративные телефон, email и сайт холдинга.",https://dairy-news.ru/dairytrends/statistics/holding/belyy-medved-gk/,DairyNews,2026-09-03T14:27:08+03:00,HIGH,N5K-20260903-608,new_5000
N5K-4825047455,N5K-4825047455-E01,signal,"Новый завод упаковки в Тихорецке с инвестициями 9,3 млрд ₽.",https://www.publish.ru/news/202606_20099237,Publish,2026-09-04T12:22:08+03:00,HIGH,N5K-20260904-629,new_5000
N5K-4825047455,N5K-4825047455-E02,signal,Запуск первой очереди завода в Кашире в феврале 2026 года.,https://www.publish.ru/news/202602_20098765,Publish,2026-09-04T12:22:08+03:00,HIGH,N5K-20260904-629,new_5000
N5K-4825047455,N5K-4825047455-E03,company,Официальные реквизиты и опубликованный маршрут связи.,https://l-pak.ru/contacts,Л-ПАК,2026-09-04T12:22:08+03:00,HIGH,N5K-20260904-629,new_5000
N5K-0634-001,N5K-0634-001-E01,SIGNAL,"Вакансия от 03.09.2026 напрямую от собственника Сергея Бодрова: систематизация дилерской базы, команда 5–6 менеджеров, аналитика, рост повторных продаж, CRM-миграция",https://nesiditsa.ru/vacancy/136959559,Вакансия ПРОФЛИСТ МАРКЕТ,2026-09-05T11:35:00+03:00,Высокая,N5K-20260905-634,new_5000
N5K-0634-001,N5K-0634-001-E02,SIGNAL_FULL_TEXT,"Полный текст вакансии подтверждает 80–90% повторной выручки, необходимость сделать базу управляемой в цифрах, вернуть ушедших клиентов и расти по выручке/марже",https://dreamjob.ru/employers/5174684/vakansii/136959559,DreamJob / HH vacancy mirror,2026-09-05T11:35:00+03:00,Высокая,N5K-20260905-634,new_5000
N5K-0634-001,N5K-0634-001-E03,LEGAL_SCALE_LPR,"ООО «ПРОФЛИСТ МАРКЕТ» действует; ИНН 4800014271, ОГРН 1244800002424; директор и учредитель Бодров Сергей Сергеевич; выручка 2025 626,498 млн ₽",https://companies.rbc.ru/id/1244800002424-ooo-proflist-market/,РБК Компании,2026-09-05T11:35:00+03:00,Высокая,N5K-20260905-634,new_5000
N5K-0634-001,N5K-0634-001-E04,LEGAL_SCALE_LPR,"Статус действует; тот же ИНН/ОГРН, директор Бодров Сергей Сергеевич, выручка 626,5 млн ₽",https://saby.ru/profile/4800014271-480001001,Saby,2026-09-05T11:35:00+03:00,Высокая,N5K-20260905-634,new_5000
N5K-0634-001,N5K-0634-001-E05,CONTACT,Официальный сайт публикует +7 903 168 05 19 и info@proflistm.com,https://proflistm.com/,Официальный сайт Proflist Market,2026-09-05T11:35:00+03:00,Высокая,N5K-20260905-634,new_5000
N5K-0631-001,N5K-0631-001-E01,SIGNAL,Вакансия COO опубликована 13.08.2026 и актуальна до 12.09.2026; BARNES прямо указывает этап масштабирования и переход к более системной модели управления,https://moscow.cataloxy.ru/rabota/vacancy1127362617_operatsionnyy-direktor-coo.htm,Cataloxy / HH vacancy mirror,2026-09-05T11:30:00+03:00,Высокая,N5K-20260904-631,new_5000
N5K-0631-001,N5K-0631-001-E02,SIGNAL_FULL_TEXT,"COO отвечает за коммерческий блок, рост выручки и конверсии, единую систему продаж, синхронизацию маркетинга и продаж, прозрачную CRM-воронку, управленческую отчётность, процессы, руководителей, прибыль и системные изменения",https://moscow.cataloxy.ru/rabota/vacancy1127362617_operatsionnyy-direktor-coo.htm,Cataloxy / HH vacancy mirror,2026-09-05T11:30:00+03:00,Высокая,N5K-20260904-631,new_5000
N5K-0631-001,N5K-0631-001-E03,LEGAL_SCALE_LPR,"ООО «РКМ РЕАЛ ЭСТЕЙТ», ИНН 7707430924, ОГРН 1197746350999, действует; генеральный директор Илиопуло Гордей Андреевич; выручка 2025 133,78 млн ₽",https://companium.ru/id/1197746350999-rkm-real-ehsteyt,Companium,2026-09-05T11:30:00+03:00,Высокая,N5K-20260904-631,new_5000
N5K-0631-001,N5K-0631-001-E04,LEGAL_SCALE,"Независимый источник подтверждает выручку ООО «РКМ РЕАЛ ЭСТЕЙТ» за 2025 год 133,78 млн ₽",https://b2b.house/company/OOO-RKM-REAL-ESTEJT_a0b8a8c7-288e-46df-922f-9ef6002821dd/,B2B.House,2026-09-05T11:30:00+03:00,Средняя,N5K-20260904-631,new_5000
N5K-0631-001,N5K-0631-001-E05,CONTACT,"Официальный сайт BARNES Moscow публикует +7 (499) 272-48-72 и moscow@barn-estate.com, адрес офиса на Петровке 19 стр. 1",https://barnes-moscow.com/contacts/,Официальный сайт BARNES Moscow,2026-09-05T11:30:00+03:00,Высокая,N5K-20260904-631,new_5000
N5K-0635-001,N5K-0635-001-E01,SIGNAL,"Вакансия опубликована 01.09.2026: задача вывести компанию на новый уровень выручки; управлять план/факт, конверсиями и воронкой в Битрикс; обновлять регламенты/скрипты/CRM-дисциплину; нанимать и обучать менеджеров; развивать повторные продажи",https://udalenka.work/vacancy/Rukovoditel-otdela-prodazh-tekhoboronekspert-2/,Вакансия Техоборонэксперт,2026-09-05T12:10:00+03:00,Высокая,N5K-20260905-635,new_5000
N5K-0635-001,N5K-0635-001-E02,SIGNAL_FULL_TEXT,"Полный текст вакансии подтверждает готовый поток лидогенерации, структуру хантеры/фермеры, план продаж, ежедневный контроль воронки, CRM, скриптов, найм команды и масштабирование повторных продаж",https://udalenka.work/vacancy/Rukovoditel-otdela-prodazh-tekhoboronekspert-2/,Полный текст вакансии,2026-09-05T12:10:00+03:00,Высокая,N5K-20260905-635,new_5000
N5K-0635-001,N5K-0635-001-E03,LEGAL_SCALE_LPR,"ООО «ТЕХОБОРОНЭКСПЕРТ» действует; ИНН 6729028414, ОГРН 1046758313843; Романенкова Екатерина Игоревна — директор и единственный учредитель 100%; выручка 2025 105,1 млн ₽; 46 сотрудников",https://reputation.ru/ogrn/1046758313843,Reputation.ru,2026-09-05T12:10:00+03:00,Высокая,N5K-20260905-635,new_5000
N5K-0635-001,N5K-0635-001-E04,LEGAL_LINKAGE,"Официальная страница контактов публикует реквизиты ООО «ТЕХОБОРОНЭКСПЕРТ»: ИНН 6729028414, ОГРН 1046758313843, адрес в Смоленске",https://texoboronexpert.ru/kontakty/,Официальный сайт Техоборонэксперт,2026-09-05T12:10:00+03:00,Высокая,N5K-20260905-635,new_5000
N5K-0635-001,N5K-0635-001-E05,CONTACT,Официальный сайт публикует +7 (800) 302-31-28 и info@vashecolog.ru,https://texoboronexpert.ru/kontakty/,Официальный сайт Техоборонэксперт,2026-09-05T12:10:00+03:00,Высокая,N5K-20260905-635,new_5000
N5K-0637-002,N5K-0637-002-E01,SIGNAL,"Вакансия РОП опубликована 12.08.2026: цель — объединить e-commerce, интернет-магазин и дилерскую сеть в единую систему роста выручки и маржинальности",https://dreamjob.ru/employers/107751/vakansii/136170051,DreamJob / HH vacancy mirror,2026-09-05T13:54:00+03:00,Высокая,N5K-20260905-637,new_5000
N5K-0637-002,N5K-0637-002-E02,SIGNAL_FULL_TEXT,"Полный текст вакансии прямо требует навыков построения процессов: регламенты, CRM, отчетность и контроль качества; управление тремя коммерческими направлениями как единой системой роста",https://dreamjob.ru/employers/107751/vakansii/136170051,DreamJob,2026-09-05T13:54:00+03:00,Высокая,N5K-20260905-637,new_5000
N5K-0637-002,N5K-0637-002-E03,LEGAL_SCALE_LPR,"ООО «АЛМАЗ» действует; ИНН 6137006902, ОГРН 1026101716453; частная собственность; директор Поляков Олег Владимирович; учредитель Змиевский Сергей Николаевич; выручка 2025 1,413 млрд ₽; 449 сотрудников",https://b2b.house/company/OOO-ALMAZ_089db1f2-8fc9-4736-80aa-91c0ba667158/,B2B.House / registry and financial data,2026-09-05T13:54:00+03:00,Высокая,N5K-20260905-637,new_5000
N5K-0637-002,N5K-0637-002-E04,LEGAL_LINKAGE,"Публичные отраслевые источники связывают ООО «АЛМАЗ» из Волгодонска и торговую марку «Любимый Дом» с доменом lubidom.ru; адрес юрлица — ул. 7-я Заводская, 44",https://www.solvo.ru/clients/almaz/mebelnaya-fabrika/,Solvo client case,2026-09-05T13:54:00+03:00,Средняя,N5K-20260905-637,new_5000
N5K-0637-002,N5K-0637-002-E05,CONTACT,Публичные актуальные карточки бренда публикуют корпоративные контакты sales@lubidom.ru и +7 (800) 333-87-27; legal source указывает lubidom.ru как сайт ООО «АЛМАЗ»,https://pravda-klientov.ru/company/lubimyy-dom-28,Публичная карточка бренда Любимый Дом,2026-09-05T13:54:00+03:00,Средняя,N5K-20260905-637,new_5000
N5K-0639-001,N5K-0639-001-E01,SIGNAL,"Свежая русскоязычная вакансия РОП опубликована 04.09.2026: развитие и масштабирование отдела продаж; требуется выстроить управляемую, прогнозируемую и прибыльную систему продаж",https://dreamjob.ru/employers/319039/vakansii/136657267,DreamJob / HH vacancy mirror,2026-09-05T15:10:00+03:00,Высокая,N5K-20260905-639,new_5000
N5K-0639-001,N5K-0639-001-E02,SIGNAL_FULL_TEXT,"Полный текст вакансии требует CRM, KPI, оптимизацию воронки, регламенты и скрипты, анализ конверсии, среднего чека и маржинальности и ответственность за финансовый результат",https://dreamjob.ru/employers/319039/vakansii/136657267,DreamJob / HH vacancy mirror,2026-09-05T15:10:00+03:00,Высокая,N5K-20260905-639,new_5000
N5K-0639-001,N5K-0639-001-E03,LEGAL,"Действующее частное ООО «ПРО-ПОТОЛКИ», ИНН 7802662724, ОГРН 1187847106655; генеральный директор Лозука Игорь Александрович",https://saby.ru/profile/7802662724-780501001,Saby / данные ЕГРЮЛ,2026-09-05T15:10:00+03:00,Высокая,N5K-20260905-639,new_5000
N5K-0639-001,N5K-0639-001-E04,SCALE_LPR,Выручка за 2025 год 165 618 000 ₽; 12 сотрудников; учредители Беляков Дмитрий Валерьевич и Лозука Игорь Александрович; Лозука — генеральный директор,https://saby.ru/profile/7802662724-780501001,Saby / бухгалтерская отчетность и ЕГРЮЛ,2026-09-05T15:10:00+03:00,Высокая,N5K-20260905-639,new_5000
N5K-0639-001,N5K-0639-001-E05,CONTACT,Официальный сайт публикует практические контакты офиса в Санкт-Петербурге: +7 (812) 495-44-99 и info@pro-potolki.ru,https://pro-potolki.ru/contacts/,Официальный сайт ПРО-Потолки,2026-09-05T15:10:00+03:00,Высокая,N5K-20260905-639,new_5000
N5K-0641-001,N5K-0641-001-E01,SIGNAL,Русскоязычная вакансия РОП опубликована 21.08.2026; найм связан с открытием нового отдела продаж и расширением филиальной сети,https://dreamjob.ru/employers/3229160/vakansii/134892381,DreamJob / HH vacancy mirror,2026-09-05T16:54:00+03:00,Высокая,N5K-20260905-641,new_5000
N5K-0641-001,N5K-0641-001-E02,SIGNAL_FULL_TEXT,"Полный текст вакансии: управление отделом и KPI, работа с клиентской базой в Битрикс24/CRM, переговоры и личные продажи; заявлено открытие нового отдела продаж",https://dreamjob.ru/employers/3229160/vakansii/134892381,DreamJob / HH vacancy mirror,2026-09-05T16:54:00+03:00,Высокая,N5K-20260905-641,new_5000
N5K-0641-001,N5K-0641-001-E03,LEGAL,"Действующее частное ООО «А СТАЛЬ», ИНН 7802915100, ОГРН 1217800147839; генеральный директор Лапченко Андрей Викторович",https://companium.ru/id/1217800147839-a-stal,Companium / ЕГРЮЛ-ориентированные данные,2026-09-05T16:54:00+03:00,Высокая,N5K-20260905-641,new_5000
N5K-0641-001,N5K-0641-001-E04,SCALE_LPR,"Выручка за 2025 год 2,452 млрд ₽; 118 сотрудников; Лапченко Андрей Викторович — генеральный директор с 16.04.2026 и единственный учредитель с 08.04.2026",https://companium.ru/id/1217800147839-a-stal,Companium / бухгалтерская отчетность и ЕГРЮЛ,2026-09-05T16:54:00+03:00,Высокая,N5K-20260905-641,new_5000
N5K-0641-001,N5K-0641-001-E05,CONTACT,Публичные корпоративные контакты: +7 812 467-31-37 и metal@asteel.pro; официальный сайт группы также публикует контактный маршрут и ИНН 7802915100,https://mk.asteel.pro/kontakty/,Официальный сайт А Сталь / company profile,2026-09-05T16:54:00+03:00,Высокая,N5K-20260905-641,new_5000
N5K-0645-001,N5K-0645-001-E01,SIGNAL,Русскоязычная вакансия Руководителя отдела продаж B2B опубликована 31.08.2026; позиция новая и создана при масштабировании страхового направления,https://dreamjob.ru/employers/125756/vakansii/135953373,DreamJob / HH vacancy mirror,2026-09-05T19:12:00+03:00,Высокая,N5K-20260905-645,new_5000
N5K-0645-001,N5K-0645-001-E02,SIGNAL_FULL_TEXT,"Полный текст вакансии: выстроить работу отдела, расширять агентскую сеть, управлять каналом, повышать конверсию, анализировать воронку, формировать стратегию, тестировать гипотезы роста продаж и создать прозрачную систему отчётности по воронке и KPI",https://dreamjob.ru/employers/125756/vakansii/135953373,DreamJob / HH vacancy mirror,2026-09-05T19:12:00+03:00,Высокая,N5K-20260905-645,new_5000
N5K-0645-001,N5K-0645-001-E03,LEGAL,"Действующее частное ООО «ГРУППА КОМПАНИЙ ВБЦ», ИНН 7703406864, ОГРН 1167746200489; генеральный директор Плаксин Андрей Николаевич",https://www.tbank.ru/business/contractor/legal/1167746200489/,Т-Банк Бизнес / ЕГРЮЛ-ориентированные данные,2026-09-05T19:12:00+03:00,Высокая,N5K-20260905-645,new_5000
N5K-0645-001,N5K-0645-001-E04,SCALE_LPR,"Выручка за 2025 год 518,14 млн ₽; действующий руководитель Плаксин Андрей Николаевич; опубликован состав частных учредителей и корпоративного участника",https://www.tbank.ru/business/contractor/legal/1167746200489/,Т-Банк Бизнес / бухгалтерская отчетность и ЕГРЮЛ,2026-09-05T19:12:00+03:00,Высокая,N5K-20260905-645,new_5000
N5K-0645-001,N5K-0645-001-E05,CONTACT,Официальный документ ВБЦ публикует реквизиты ООО «ВБЦ» ИНН 7703406864 и практические корпоративные контакты 8 (800) 333-58-47 и info@vbankcenter.ru,https://vbclab.ru/files/instruction_registration.pdf,Официальный документ ВБЦ,2026-09-05T19:12:00+03:00,Высокая,N5K-20260905-645,new_5000
N5K-0631-005,N5K-0631-005-E01,SIGNAL,"Вакансия коммерческого директора (CCO) опубликована 07.07.2026: развитие коммерческой функции, следующий этап роста, ключевые переговоры и крупные сделки; аналогичная вакансия также была опубликована 23.05.2026",https://dreamjob.ru/employers/128395/vakansii/134041914,DreamJob / HH vacancy mirror,2026-09-05T19:52:00+03:00,Высокая,N5K-20260904-631,new_5000
N5K-0631-005,N5K-0631-005-E02,LEGAL,"Официальный сайт Unibell указывает ООО «Корпоративные Коммуникации», ИНН 0273925407, адрес Уфа, ул. Менделеева, 170, офис 1111",https://unibell.ru/,Официальный сайт Unibell,2026-09-05T19:52:00+03:00,Высокая,N5K-20260904-631,new_5000
N5K-0631-005,N5K-0631-005-E03,SCALE_LPR,"Действующее ООО «КОРПОРАТИВНЫЕ КОММУНИКАЦИИ», ИНН 0273925407, ОГРН 1190280011448; выручка 2025 422,11 млн ₽; руководитель Хайруллин Денислам Винерович; учредители Хайруллин Денислам Винерович 50% и Стариков Яков Александрович 50%",https://www.tbank.ru/business/contractor/legal/1190280011448/,Т-Банк Бизнес / официальные источники ФНС,2026-09-05T19:52:00+03:00,Высокая,N5K-20260904-631,new_5000
N5K-0631-005,N5K-0631-005-E04,SCALE,"Независимый источник подтверждает выручку ООО «КК» за 2025 год 422,1 млн ₽ и действующий статус",https://companium.ru/id/1190280011448-kk,Companium,2026-09-05T19:52:00+03:00,Высокая,N5K-20260904-631,new_5000
N5K-0631-005,N5K-0631-005-E05,CONTACT,"Официальный сайт публикует телефон 8 495 13 99 333, info@unibell.ru и marketing@unibell.ru",https://unibell.ru/,Официальный сайт Unibell,2026-09-05T19:52:00+03:00,Высокая,N5K-20260904-631,new_5000
N5K-0631-005,N5K-0631-005-E06,DEDUP,Targeted repository searches by INN 0273925407 and domain unibell.ru returned no indexed match before staging; final dedup delegated to canonical merge,https://github.com/alinavasileva-cco/growth-radar,Current canonical targeted search + canonical merge,2026-09-05T19:52:00+03:00,Средняя,N5K-20260904-631,new_5000
N5K-0631-006,N5K-0631-006-E01,SIGNAL,"26.08.2026 работодатель Баярд публикует вакансию коммерческого директора (CCO) торговой сети Ярмарка: анализ рынка, управление отделом, планы продаж, бюджет, финансовые показатели и операционные процессы",https://ufa.cataloxy.ru/rabota/firm683233.htm,Cataloxy / HH vacancy mirror,2026-09-05T20:10:00+03:00,Высокая,N5K-20260904-631,new_5000
N5K-0631-006,N5K-0631-006-E02,SIGNAL,02.09.2026 тот же работодатель Баярд ищет директора сети супермаркетов Ярмарка; адрес работодателя Степана Кувыкина 31,https://nesiditsa.ru/vacancy/136643395,Nesiditsa / HH vacancy mirror,2026-09-05T20:10:00+03:00,Высокая,N5K-20260904-631,new_5000
N5K-0631-006,N5K-0631-006-E03,LEGAL_SCALE,"Действующее ООО «БАЯРД», ИНН 0274108711, ОГРН 1060274002623; 2025 выручка 1 019 883 000 ₽",https://companies.rbc.ru/id/1060274002623-ooo-bayard/,РБК Компании,2026-09-05T20:10:00+03:00,Высокая,N5K-20260904-631,new_5000
N5K-0631-006,N5K-0631-006-E04,LPR_SCALE,"ООО «БАЯРД»: собственник Габдуллин Рамзи Рахматуллович 100%, директор Мельникова Гульфия Раимовна; 221 сотрудник в 2025 году",https://reputation.ru/ogrn/1060274002623,Reputation,2026-09-05T20:10:00+03:00,Высокая,N5K-20260904-631,new_5000
N5K-0631-006,N5K-0631-006-E05,CONTACT,Сеть Ярмарка публикует единый телефон +7 (347) 255-70-03 и официальный домен уфа-ярмарка.рф; публичные справочники сети также подтверждают доменный email sekretariat@yarmarka-ufa.ru,https://yandex.com/maps/org/yarmarka/188086861891/,Yandex Maps + public business directories,2026-09-05T20:10:00+03:00,Средняя,N5K-20260904-631,new_5000
N5K-0631-006,N5K-0631-006-E06,DEDUP,Targeted repository searches by INN 0274108711 and domain yarmarka-ufa.ru returned no indexed match before staging; final dedup delegated to canonical merge,https://github.com/alinavasileva-cco/growth-radar,Current canonical targeted search + canonical merge,2026-09-05T20:10:00+03:00,Средняя,N5K-20260904-631,new_5000
N5K-0631-007,N5K-0631-007-E01,SIGNAL,"Вакансия директора по развитию опубликована 10.08.2026: разработка и реализация стратегии развития компании, запуск новых направлений, поиск клиентов и партнеров, взаимодействие технических и коммерческих подразделений",https://dreamjob.ru/employers/204401/vakansii/136060823,DreamJob / HH vacancy mirror,2026-09-05T20:30:00+03:00,Высокая,N5K-20260904-631,new_5000
N5K-0631-007,N5K-0631-007-E02,LEGAL_CONTACT,"Официальный сайт указывает ООО «Альянс «Комплексная безопасность», ИНН 7714173202, ОГРН 1027739520973; генеральный директор Чуяшов Дмитрий Николаевич; телефоны +7 (495) 101-12-01, +7 (499) 502-17-29 и info@complex-safety.com",https://complex-safety.com/contact/rekvizity/,Официальный сайт Complex Safety Alliance,2026-09-05T20:30:00+03:00,Высокая,N5K-20260904-631,new_5000
N5K-0631-007,N5K-0631-007-E03,SCALE_LPR,"Действующее ООО «АЛЬЯНС «КОМПЛЕКСНАЯ БЕЗОПАСНОСТЬ», ИНН 7714173202, ОГРН 1027739520973; выручка 2025 157,2 млн ₽, 33 сотрудника; Чуяшов Дмитрий Николаевич — учредитель 100% и генеральный директор",https://reputation.ru/ogrn/1027739520973,Reputation,2026-09-05T20:30:00+03:00,Высокая,N5K-20260904-631,new_5000
N5K-0631-007,N5K-0631-007-E04,SCALE,"Независимый источник подтверждает выручку 2024 127,8 млн ₽, 29 сотрудников и действующий статус; текущий owner/CEO Чуяшов Дмитрий Николаевич",https://companium.ru/id/1027739520973-alyans-kompleksnaya-bezopasnost,Companium,2026-09-05T20:30:00+03:00,Высокая,N5K-20260904-631,new_5000
N5K-0631-007,N5K-0631-007-E05,DEDUP,Targeted repository searches by INN 7714173202 and OGRN 1027739520973 returned no indexed match before staging; final dedup delegated to canonical merge,https://github.com/alinavasileva-cco/growth-radar,Current canonical targeted search + canonical merge,2026-09-05T20:30:00+03:00,Средняя,N5K-20260904-631,new_5000
N5K-0631-008,N5K-0631-008-E01,SIGNAL,"Вакансия коммерческого директора опубликована 30.07.2026 работодателем Турбодефлектор (Казань), зарплата 300–500 тыс. ₽",https://cheboksary.cataloxy.ru/rabota/vacancy1124492114_kommercheskiy-direktor.htm,Cataloxy / HH vacancy mirror,2026-09-05T20:57:00+03:00,Высокая,N5K-20260904-631,new_5000
N5K-0631-008,N5K-0631-008-E02,LEGAL_CONTACT,"Официальный сайт бренда Турбодефлектор указывает текущее операционное ООО «Вентиляционный завод «РОТАДО», ИНН 2130177034, ОГРН 1162130064030; главный офис Чебоксары; телефон 8 (800) 222-03-97, sale@turbodeflektor.com и sale@rotado.ru",https://www.turbodeflektor.ru/contacts/,Официальный сайт Турбодефлектор,2026-09-05T20:57:00+03:00,Высокая,N5K-20260904-631,new_5000
N5K-0631-008,N5K-0631-008-E03,SCALE,"ООО «ВЕНТИЛЯЦИОННЫЙ ЗАВОД «РОТАДО», ИНН 2130177034: выручка 2025 595,35 млн ₽",https://www.tbank.ru/business/contractor/legal/1162130064030/,Т-Банк Бизнес,2026-09-05T20:57:00+03:00,Высокая,N5K-20260904-631,new_5000
N5K-0631-008,N5K-0631-008-E04,SCALE_LPR,Действующее ООО «ВЕНТИЛЯЦИОННЫЙ ЗАВОД «РОТАДО»: выручка 2025 около 595 млн ₽; около 126 сотрудников; директор и 100% собственник Захаров Михаил Петрович,https://firmoteka.ru/2130177034,Фирмотека,2026-09-05T20:57:00+03:00,Высокая,N5K-20260904-631,new_5000
N5K-0631-008,N5K-0631-008-E05,DEDUP,Targeted repository search by INN 2130177034 returned no indexed match before staging; final dedup delegated to canonical merge,https://github.com/alinavasileva-cco/growth-radar,Current canonical targeted search + canonical merge,2026-09-05T20:57:00+03:00,Средняя,N5K-20260904-631,new_5000
N5K-0647-001,N5K-0647-001-E01,SIGNAL,Русскоязычная вакансия Руководитель филиала/Руководитель отдела продаж опубликована в августе 2026 года; компания прямо связывает найм с расширением клиентской базы и развитием новых регионов,https://dreamjob.ru/employers/332892/vakansii/136109845,DreamJob / HH vacancy mirror,2026-09-05T20:55:00+03:00,Высокая,N5K-20260905-647,new_5000
N5K-0647-001,N5K-0647-001-E02,SIGNAL_FULL_TEXT,"Полный текст вакансии: стратегическое и оперативное управление филиалом; финансовое планирование, бюджетирование и контроль затрат; управление коммерческой деятельностью, клиентами и переговорами; подбор, развитие и мотивация персонала; внедрение KPI; взаимодействие с маркетингом",https://dreamjob.ru/employers/332892/vakansii/136109845,DreamJob / HH vacancy mirror,2026-09-05T20:55:00+03:00,Высокая,N5K-20260905-647,new_5000
N5K-0647-001,N5K-0647-001-E03,LEGAL,"Официальный сайт публикует полное название ООО «Траст ФМ», ИНН 6670124411, ОГРН 1069670122642 и юридический адрес; независимый legal source подтверждает, что организация действует",https://trastfm.ru/contacts/ekaterinburg,Официальный сайт Траст ФМ,2026-09-05T20:55:00+03:00,Высокая,N5K-20260905-647,new_5000
N5K-0647-001,N5K-0647-001-E04,SCALE_LPR,"ООО «Траст ФМ» действует; выручка за 2025 год 645,118 млн ₽, 27 сотрудников; генеральный директор Фунтова Наталья Владимировна; владельцы Фунтова Наталья Владимировна и Малышкин Владислав Александрович по 50%",https://companies.rbc.ru/id/1069670122642-ooo-trast-fm/,РБК Компании / открытые данные ЕГРЮЛ и бухгалтерской отчетности,2026-09-05T20:55:00+03:00,Высокая,N5K-20260905-647,new_5000
N5K-0647-001,N5K-0647-001-E05,CONTACT,Официальная контактная страница ООО «Траст ФМ» публикует практические корпоративные контакты +7 (343) 204-77-20 и intsale@trastfm.ru одновременно с точными ИНН 6670124411 и ОГРН 1069670122642,https://trastfm.ru/contacts/ekaterinburg,Официальный сайт Траст ФМ,2026-09-05T20:55:00+03:00,Высокая,N5K-20260905-647,new_5000
N5K-0648-001,N5K-0648-001-E01,SIGNAL,Русскоязычная вакансия «Руководитель отдела продаж» размещена 24 августа 2026 года; работодатель ищет руководителя для создания отдела продаж с нуля,https://tayga.rabota.ru/vacancy/54375212/,Работа.ру,2026-09-05T22:05:00+03:00,Высокая,N5K-20260905-648,new_5000
N5K-0648-001,N5K-0648-001-E02,SIGNAL_FULL_TEXT,"Полный текст вакансии требует формирование команды, разработку процессов и регламентов, достижение планов продаж, анализ рынка и конкурентов, расширение клиентской базы, отчётность и анализ эффективности отдела, переговоры и сопровождение ключевых сделок",https://tayga.rabota.ru/vacancy/54375212/,Работа.ру,2026-09-05T22:05:00+03:00,Высокая,N5K-20260905-648,new_5000
N5K-0648-001,N5K-0648-001-E03,LEGAL,"Работа.ру публикует работодателя ООО «ТОПСОН-РУ», тип компании частная, ИНН 9715390122, статус действующая, сайт topson.co; независимые legal sources подтверждают ОГРН 1207700353618 и действующий статус",https://tayga.rabota.ru/company/4162140/,Работа.ру / открытые legal data,2026-09-05T22:05:00+03:00,Высокая,N5K-20260905-648,new_5000
N5K-0648-001,N5K-0648-001-E04,SCALE_LPR,"Финансовая отчетность за 2025 год: выручка 193,9 млн ₽; среднесписочная численность 5 человек; генеральный директор Димитрюхин Никита Павлович; он же единственный учредитель",https://companium.ru/id/1207700353618-topson-ru,Companium / открытые данные ФНС и ЕГРЮЛ,2026-09-05T22:05:00+03:00,Высокая,N5K-20260905-648,new_5000
N5K-0648-001,N5K-0648-001-E05,CONTACT,Официальный сайт TOPSON публикует практические корпоративные контакты +7 916 128 29 99 и info@topson.ru; сайт связан с работодателем ООО «ТОПСОН-РУ» на странице компании Работа.ру,https://topson.co/,Официальный сайт TOPSON,2026-09-05T22:05:00+03:00,Высокая,N5K-20260905-648,new_5000
N5K-0654-001,N5K-0654-001-E01,SIGNAL,Русскоязычная вакансия «Коммерческий директор (CCO)» размещена 25 августа 2026 года работодателем САТУРН ЦЕНТР; источник ведёт на исходную вакансию HH,https://nesiditsa.ru/vacancy/136608592,Не сидится / HH,2026-09-06T01:20:00+03:00,Высокая,N5K-20260906-654,new_5000
N5K-0654-001,N5K-0654-001-E02,SIGNAL_FULL_TEXT,"Полный текст вакансии требует выполнения коммерческих показателей по объёму продаж и доходности, управления коммерческими подразделениями, анализа рыночной ситуации и выявления ключевых возможностей для развития продаж и роста прибыльности; отдельно требуется опыт формирования и системного управления B2B-отделами продаж",https://nesiditsa.ru/vacancy/136608592,Не сидится / HH,2026-09-06T01:20:00+03:00,Высокая,N5K-20260906-654,new_5000
N5K-0654-001,N5K-0654-001-E03,LEGAL,"Официальный сайт Сатурн публикует точное юрлицо ООО «САТУРН СТРОЙМАРКЕТ ЦЕНТР», краткое ООО «САТУРН ЦЕНТР», ИНН 9717052425, ОГРН 1177746041659 и московский адрес; независимые legal sources подтверждают действующий статус",https://msk.saturn.net/structure/o-gruppe-kompaniy/,Официальный сайт Сатурн / открытые данные ФНС и ЕГРЮЛ,2026-09-06T01:20:00+03:00,Высокая,N5K-20260906-654,new_5000
N5K-0654-001,N5K-0654-001-E04,SCALE_LPR,"По актуальным открытым данным за 2025 год выручка ООО «САТУРН ЦЕНТР» составляет 1,650925 млрд ₽; компания действует; директор и единственный учредитель — Федулов Кирилл Ильич; опубликованные источники указывают сотни сотрудников",https://www.moedelo.org/kontragenty/ogrn/1177746041659,Моё дело / открытые данные ФНС и ЕГРЮЛ,2026-09-06T01:20:00+03:00,Высокая,N5K-20260906-654,new_5000
N5K-0654-001,N5K-0654-001-E05,CONTACT,"Официальный сайт точного юрлица публикует практические корпоративные телефоны 8 495 223 60 00 и 8 800 100 21 12, а также обратный звонок, чат и форму сообщения",https://msk.saturn.net/structure/o-gruppe-kompaniy/,Официальный сайт Сатурн,2026-09-06T01:20:00+03:00,Высокая,N5K-20260906-654,new_5000
N5K-0655-001,N5K-0655-001-E01,SIGNAL,Русскоязычная вакансия «Руководитель отдела оптовых продаж (дилерская сеть)» опубликована 15 августа 2026 года работодателем ТЕПЛОМАРКЕТ,https://remote-job.ru/vacancy/show/1486295/rukovoditel-otdela-optovyx-prodazh-dilerskaya-set,Remote-job / HH mirror,2026-09-06T02:03:00+03:00,Высокая,N5K-20260906-655,new_5000
N5K-0655-001,N5K-0655-001-E02,SIGNAL_FULL_TEXT,"Полный текст прямо сообщает, что компания растёт и перестраивает процессы, а дилерский отдел работает без выстроенной системы; руководителю поручено оцифровать воронку, внедрить планёрки, нормативы, отчётность и мотивацию, реактивировать дилеров, повысить частоту и объём закупок, расширить географию и сделать дилерские продажи прогнозируемыми; используются amoCRM и 1С",https://remote-job.ru/vacancy/show/1486295/rukovoditel-otdela-optovyx-prodazh-dilerskaya-set,Remote-job / HH mirror,2026-09-06T02:03:00+03:00,Высокая,N5K-20260906-655,new_5000
N5K-0655-001,N5K-0655-001-E03,LEGAL,"ООО «ТЕПЛОМАРКЕТ» действует, ИНН 7713405274, ОГРН 1157746896713, адрес — Московская область, Мытищи, д. Грибки, ул. Промышленная, влд. 3, стр. 1; товарный знак KARINA зарегистрирован на компании, а актуальные руководства продукции связывают точное ООО и этот адрес с karina.market",https://companies.rbc.ru/id/1157746896713-ooo-tpk-elektropech/,РБК Компании / ЕГРЮЛ,2026-09-06T02:03:00+03:00,Высокая,N5K-20260906-655,new_5000
N5K-0655-001,N5K-0655-001-E04,SCALE_LPR,"За 2025 год выручка ООО «ТЕПЛОМАРКЕТ» составляет 151,777 млн ₽; штат 18 сотрудников; генеральный директор и единственный учредитель — Буйлин Андрей Игоревич",https://companies.rbc.ru/id/1157746896713-ooo-tpk-elektropech/,РБК Компании / открытые данные ФНС и ЕГРЮЛ,2026-09-06T02:03:00+03:00,Высокая,N5K-20260906-655,new_5000
N5K-0655-001,N5K-0655-001-E05,CONTACT,"Публичная карточка ТЕПЛОМАРКЕТ публикует телефон +7 (495) 291-03-34 и одновременно указывает сайты karina.market и teplomarket-m.ru; контакт используется только как корпоративный маршрут к подтверждённому CEO/LPR, без приписывания ему персонального номера",https://urbanplaces.su/ru_moskva/moskva/card-775236-teplomarket,UrbanPlaces,2026-09-06T02:03:00+03:00,Средняя,N5K-20260906-655,new_5000
N5K-0657-001,N5K-0657-001-E01,SIGNAL,Русскоязычная вакансия «Руководитель отдела продаж» работодателя E8 опубликована 10 августа 2026 года; компания ищет руководителя в новый отдел продаж,https://tula.cataloxy.ru/rabota/vacancy1127326077_rukovoditel-otdela-prodazh.htm,Cataloxy / HH mirror,2026-09-06T03:00:00+03:00,Высокая,N5K-20260906-657,new_5000
N5K-0657-001,N5K-0657-001-E02,SIGNAL_FULL_TEXT,"Полный текст вакансии описывает российского производителя теплообменного оборудования и прямо указывает найм руководителя в новый отдел продаж; параллельно компания развивает оптовое направление, что является прямым сигналом масштабирования коммерческой команды",https://dreamjob.ru/employers/115266/vakansii/135693153,Dreamjob / HH mirror,2026-09-06T03:00:00+03:00,Высокая,N5K-20260906-657,new_5000
N5K-0657-001,N5K-0657-001-E03,LEGAL,"Официальный сайт публикует точные реквизиты ООО «Е8»: ИНН 7730653904, ОГРН 1117746857271; компания действует и является российским частным производителем теплообменного оборудования",https://e8company.ru/company/,Официальный сайт Е8,2026-09-06T03:00:00+03:00,Высокая,N5K-20260906-657,new_5000
N5K-0657-001,N5K-0657-001-E04,SCALE_LPR,"За 2025 год выручка ООО «Е8» составляет 1,56858 млрд ₽, штат 151 сотрудник; генеральный директор — Комкова Нина Геннадьевна; учредители — частные лица",https://companies.rbc.ru/id/1117746857271-ooo-e8/,РБК Компании / ЕГРЮЛ и открытые данные ФНС,2026-09-06T03:00:00+03:00,Высокая,N5K-20260906-657,new_5000
N5K-0657-001,N5K-0657-001-E05,CONTACT,Официальный сайт Е8 публикует практические корпоративные контакты +7 (499) 350-29-88 и E8@e8company.ru; они используются только как корпоративный маршрут к подтверждённому CEO/LPR,https://e8company.ru/company/,Официальный сайт Е8,2026-09-06T03:00:00+03:00,Высокая,N5K-20260906-657,new_5000
N5K-0658-001,N5K-0658-001-E01,SIGNAL_DATE,HH-вакансия OMNIMIX «Руководитель отдела продаж (Медийная реклама) / РОП / Head of Sales» имеет датированный период 2026-07-07—2026-09-05 и отмечена как новая в актуальной выдаче,https://moskva.jobrun.ru/%D0%BF%D1%80%D0%BE%D0%B4%D1%83%D0%BA%D1%82%D0%BE%D0%B2%D1%8B%D0%B9-%D0%B8%D1%81%D1%81%D0%BB%D0%B5%D0%B4%D0%BE%D0%B2%D0%B0%D1%82%D0%B5%D0%BB%D1%8C-head-of-r-d-%D0%BA%D0%BE%D0%BC%D0%B0%D0%BD%D0%B4%D1%8B-%D1%80%D0%B0%D0%B1%D0%BE%D1%82%D0%B0/%D0%BC-%D0%BF%D0%B0%D0%B2%D0%B5%D0%BB%D0%B5%D1%86%D0%BA%D0%B0%D1%8F-%D0%BF%D0%B0%D0%B2%D0%B5%D0%BB%D0%B5%D1%86%D0%BA%D0%B0%D1%8F,Jobrun / HH mirror,2026-09-06T03:53:32+03:00,Высокая,N5K-20260906-658,new_5000
N5K-0658-001,N5K-0658-001-E02,SIGNAL_FULL_TEXT,"Полный текст вакансии: OMNIMIX ставит цель роста +50% на 2026 год, меняет структуру на специализированные юниты и ищет лидера, который с нуля построит отдел продаж; задачи включают New Business, холодный B2B, P&L, маржинальность, найм команды и системную работу с воронкой в amoCRM",https://h.careers/job/0153b6eb-2296-4799-aad1-1337d6828bb4,Эйч / HH mirror,2026-09-06T03:53:32+03:00,Высокая,N5K-20260906-658,new_5000
N5K-0658-001,N5K-0658-001-E03,LEGAL,"Официальный сайт публикует точные реквизиты ООО «ОМНИМИКС»: ИНН 9705105601, ОГРН 1177746875745 и московский адрес",https://omnimix.agency/contacts,Официальный сайт OMNIMIX,2026-09-06T03:53:32+03:00,Высокая,N5K-20260906-658,new_5000
N5K-0658-001,N5K-0658-001-E04,SCALE_LPR,ООО «ОМНИМИКС» действует; выручка за 2025 год 947 469 000 ₽; генеральный директор Крапивницкий Дмитрий Викторович; частные учредители Крапивницкий Дмитрий Викторович и Мариев Сергей Павлович,https://companies.rbc.ru/id/1177746875745-omnimix-digital-agency/,РБК Компании / открытые данные ЕГРЮЛ и отчётности,2026-09-06T03:53:32+03:00,Высокая,N5K-20260906-658,new_5000
N5K-0658-001,N5K-0658-001-E05,CONTACT,Официальный сайт OMNIMIX публикует практический телефон +7 (920) 685-85-27 и email коммерческого отдела rudnik@omnimix.ru; контакты используются как корпоративный маршрут к подтверждённому CEO/LPR,https://omnimix.agency/contacts,Официальный сайт OMNIMIX,2026-09-06T03:53:32+03:00,Высокая,N5K-20260906-658,new_5000
N5K-0661-001,N5K-0661-001-E01,SIGNAL_DATE,Вакансия «Руководитель отдела продаж» работодателя Маслозавод Нытвенский обновлена 11.08.2026,https://svoevagro.ru/vacancies/2135735689,Своё Агро,2026-09-06T05:22:00+03:00,Высокая,N5K-20260906-661,new_5000
N5K-0661-001,N5K-0661-001-E02,SIGNAL_FULL_TEXT,"Полный текст вакансии требует разработки и реализации стратегии продаж, постановки целей и контроля планов, анализа результатов, обучения и развития команды, переговоров с ключевыми клиентами, поиска возможностей расширения и внедрения современных инструментов и технологий продаж",https://svoevagro.ru/vacancies/2135735689,Своё Агро,2026-09-06T05:22:00+03:00,Высокая,N5K-20260906-661,new_5000
N5K-0661-001,N5K-0661-001-E03,LEGAL,"ООО «МАСЛОЗАВОД НЫТВЕНСКИЙ» действует; ИНН 5916015580, ОГРН 1055905523970; юридическое лицо находится в Пермском крае и соответствует работодателю Маслозавод Нытвенский",https://companies.rbc.ru/id/1055905523970-ooo-maslozavod-nyitvenskij/,РБК Компании / ЕГРЮЛ,2026-09-06T05:22:00+03:00,Высокая,N5K-20260906-661,new_5000
N5K-0661-001,N5K-0661-001-E04,SCALE_LPR,"Выручка ООО «МАСЛОЗАВОД НЫТВЕНСКИЙ» за 2025 год около 15,83 млрд ₽; численность около 734 сотрудников; генеральный директор — Ашихмин Владислав Юрьевич; единственный учредитель — Поздеев Сергей Владимирович",https://companium.ru/id/1055905523970-maslozavod-nytvensky,Companium / открытые данные ЕГРЮЛ и отчетности,2026-09-06T05:22:00+03:00,Высокая,N5K-20260906-661,new_5000
N5K-0661-001,N5K-0661-001-E05,CONTACT,Опубликованы практические корпоративные контакты Маслозавода Нытвенского: телефон +7 34272 3-11-04 и email info@nytva-maslo.ru; используются как корпоративный маршрут к подтверждённому CEO/LPR,https://nytva-maslo.ru/,Публичный сайт компании,2026-09-06T05:22:00+03:00,Высокая,N5K-20260906-661,new_5000
N5K-0662-001,N5K-0662-001-E01,SIGNAL_DATE,Вакансия «Директор по продажам» работодателя Слон-Электроникс опубликована 03.09.2026; источник агрегирует вакансию с hh.ru,https://dreamjob.ru/employers/171166/vakansii/136903661,DreamJob / hh.ru,2026-09-06T05:57:00+03:00,Высокая,N5K-20260906-662,new_5000
N5K-0662-001,N5K-0662-001-E02,SIGNAL_FULL_TEXT,"Полный текст вакансии требует перейти на следующий уровень развития коммерческой функции: объединить каналы продаж в единую систему, усилить команду, обеспечить рост ключевых бизнес-показателей, оценить текущую коммерческую систему, сформировать стратегию продаж, отвечать за выручку и прибыль, выстроить KPI и мотивацию и оптимизировать структуру и процессы",https://dreamjob.ru/employers/171166/vakansii/136903661,DreamJob / hh.ru,2026-09-06T05:57:00+03:00,Высокая,N5K-20260906-662,new_5000
N5K-0662-001,N5K-0662-001-E03,LEGAL,"ООО СЛОН-ЭЛЕКТРОНИКС действует; ИНН 6670384603, ОГРН 1126670024106; официальный сайт публикует те же реквизиты и адрес в Екатеринбурге, что связывает бренд Слон-Электроникс с точным юрлицом",https://slon-e.ru/info/title.php,Официальный сайт Слон-Электроникс,2026-09-06T05:57:00+03:00,Высокая,N5K-20260906-662,new_5000
N5K-0662-001,N5K-0662-001-E04,SCALE_LPR,"Выручка ООО СЛОН-ЭЛЕКТРОНИКС за 2025 год 205,76 млн ₽; руководитель и единственный учредитель — Светличный Николай Георгиевич; организация действующая",https://www.tbank.ru/business/contractor/legal/1126670024106/,Т-Банк / открытые данные ЕГРЮЛ и отчетности,2026-09-06T05:57:00+03:00,Высокая,N5K-20260906-662,new_5000
N5K-0662-001,N5K-0662-001-E05,CONTACT,Официальный сайт публикует практические корпоративные контакты: +7 800 301-26-03 и info@slon-e.ru; используются как корпоративные маршруты к подтверждённому директору/LPR,https://slon-e.ru/info/title.php,Официальный сайт Слон-Электроникс,2026-09-06T05:57:00+03:00,Высокая,N5K-20260906-662,new_5000
N5K-0663-001,N5K-0663-001-E01,SIGNAL_DATE,Вакансия «Руководитель отдела продаж (нефтепродукты)» работодателя Топливная Компания Омега-Ойл размещена 04.09.2026; источник ведёт на hh.ru,https://nesiditsa.ru/vacancy/136131691,Не сидится / hh.ru,2026-09-06T06:58:00+03:00,Высокая,N5K-20260906-663,new_5000
N5K-0663-001,N5K-0663-001-E02,SIGNAL_FULL_TEXT,"Полный текст вакансии: компания активно развивает бизнес; требуется управление и подбор команды продаж, контроль KPI, организация и оптимизация процессов отдела, достижение плановых объёмов продаж и доходов, расширение клиентской базы и освоение новых рынков, B2B-продажи, CRM AmoCRM и регулярное прогнозирование показателей",https://nesiditsa.ru/vacancy/136131691,Не сидится / hh.ru,2026-09-06T06:58:00+03:00,Высокая,N5K-20260906-663,new_5000
N5K-0663-001,N5K-0663-001-E03,LEGAL,"ООО «ТОПЛИВНАЯ КОМПАНИЯ ОМЕГА-ОЙЛ» действует; ИНН 3801139352, ОГРН 1163850078875; официальный сайт использует то же наименование и публикует московский адрес компании, подтверждая linkage бренда и точного юрлица",https://xn----7sbihxmbpf.xn--p1ai/about/,Официальный сайт ТК Омега-Ойл,2026-09-06T06:58:00+03:00,Высокая,N5K-20260906-663,new_5000
N5K-0663-001,N5K-0663-001-E04,SCALE_LPR,Выручка ООО «ТК ОМЕГА-ОЙЛ» за 2025 год — 2 156 004 тыс. ₽; директор и единственный учредитель — Пешков Александр Алексеевич; организация действующая,https://e-ecolog.ru/buh/2025/3801139352,e-ecolog / бухгалтерская отчетность; Фирмотека / ЕГРЮЛ,2026-09-06T06:58:00+03:00,Высокая,N5K-20260906-663,new_5000
N5K-0663-001,N5K-0663-001-E05,CONTACT,"Официальный сайт публикует корпоративные контакты +7 (924) 606-02-90 и info@tkomega-oil.ru, а также обращение директора Пешкова Александра Алексеевича и форму «Задать вопрос»",https://xn----7sbihxmbpf.xn--p1ai/about/,Официальный сайт ТК Омега-Ойл,2026-09-06T06:58:00+03:00,Высокая,N5K-20260906-663,new_5000
N5K-0666-001,N5K-0666-001-E01,SIGNAL_DATE,Вакансия «Руководитель отдела продаж B2B / промышленное оборудование» работодателя ДАЛКОС опубликована 05.09.2026; источник поддерживает быстрый отклик через hh.ru,https://dreamjob.ru/employers/104470/vakansii/136106796,Dream Job / hh.ru,2026-09-06T08:00:00+03:00,Высокая,N5K-20260906-666,new_5000
N5K-0666-001,N5K-0666-001-E02,SIGNAL_FULL_TEXT,"Полный текст вакансии: управление коммерческими показателями, развитие B2B-продаж промышленного оборудования, постановка целей, контроль воронки и анализ результатов, повышение эффективности менеджеров, рост клиентского портфеля, объёма продаж, прибыли и среднего чека, повторные продажи, проектные сделки, KPI, конверсия и аналитика",https://dreamjob.ru/employers/104470/vakansii/136106796,Dream Job / hh.ru,2026-09-06T08:00:00+03:00,Высокая,N5K-20260906-666,new_5000
N5K-0666-001,N5K-0666-001-E03,LEGAL,"Официальный сайт ДАЛКОС публикует точные реквизиты ООО «ДАЛКОС»: ИНН 7729579004, ОГРН 1077757840522; реестровые источники подтверждают действующее частное юрлицо",https://dalkos.ru/contact/,Официальный сайт ДАЛКОС; РБК Компании,2026-09-06T08:00:00+03:00,Высокая,N5K-20260906-666,new_5000
N5K-0666-001,N5K-0666-001-E04,SCALE_LPR,Выручка ООО «ДАЛКОС» за 2025 год — 6 383 723 000 ₽; среднесписочная численность — 225; генеральный директор Пушков Александр Александрович; частные учредители Пушков Александр Александрович и Калинов Константин Святославович по 50%,https://b2b.house/company/OOO-DALKOS_e0e8a19c-9de8-4fe0-88ad-b5f3b8f58c85/,B2B.house; РБК Компании,2026-09-06T08:00:00+03:00,Высокая,N5K-20260906-666,new_5000
N5K-0666-001,N5K-0666-001-E05,CONTACT,"Официальный сайт публикует практические корпоративные контакты отдела продаж +7 (495) 504-26-79, sales@dalkos.ru и форму заявки",https://dalkos.ru/contact/,Официальный сайт ДАЛКОС,2026-09-06T08:00:00+03:00,Высокая,N5K-20260906-666,new_5000
N5K-0667-001,N5K-0667-001-E01,SIGNAL_DATE,Вакансия «Коммерческий директор / Руководитель коммерческого департамента» работодателя ПКП Полимер-Урал опубликована 01.09.2026; источник поддерживает быстрый отклик через hh.ru,https://dreamjob.ru/employers/1073905/vakansii/136849826,Dream Job / hh.ru,2026-09-06T08:55:00+03:00,Высокая,N5K-20260906-667,new_5000
N5K-0667-001,N5K-0667-001-E02,SIGNAL_FULL_TEXT,"Полный текст вакансии: компания формирует системный коммерческий блок и ищет руководителя для построения управляемой модели B2B- и проектных продаж; требуется построить коммерческий департамент, стратегию, воронку, CRM и аналитику, масштабировать продажи по России, развивать команду, проектные продажи, регионы и отвечать за выручку и маржинальный результат",https://dreamjob.ru/employers/1073905/vakansii/136849826,Dream Job / hh.ru,2026-09-06T08:55:00+03:00,Высокая,N5K-20260906-667,new_5000
N5K-0667-001,N5K-0667-001-E03,LEGAL,"Официальный сайт точного юрлица публикует ООО ПКП «Полимер-Урал» и ИНН 7453297715; реестровые источники подтверждают ОГРН 1167456099348, действующий статус и частную форму собственности",https://polimerural.ru/contacts/,Официальный сайт Полимер-Урал; РБК Компании,2026-09-06T08:55:00+03:00,Высокая,N5K-20260906-667,new_5000
N5K-0667-001,N5K-0667-001-E04,SCALE_LPR,"Выручка ООО ПКП «ПОЛИМЕР-УРАЛ» за 2025 год — 242,3 млн ₽; среднесписочная численность — 35; директор Пермяков Андрей Анатольевич; частные учредители Пермяков Андрей Анатольевич и Александров Сергей Сергеевич",https://companium.ru/id/1167456099348-pkp-polimer-ural,Companium; Firmalyze; РБК Компании,2026-09-06T08:55:00+03:00,Высокая,N5K-20260906-667,new_5000
N5K-0667-001,N5K-0667-001-E05,CONTACT,"Официальный сайт точного юрлица публикует многоканальный корпоративный телефон +7 (351) 711-14-75, email info@polimerural.ru и страницу контактов",https://polimerural.ru/contacts/,Официальный сайт Полимер-Урал,2026-09-06T08:55:00+03:00,Высокая,N5K-20260906-667,new_5000
N5K-0668-001,N5K-0668-001-E01,SIGNAL_DATE,Вакансия «Руководитель отдела продаж» работодателя ОвенКомплектАвтоматика опубликована 01.09.2026 на hh.ru; актуальная агрегированная выдача фиксирует дату и работодателя,https://metasputnik.ru/job/promo/8898/moskva/vakansii-rukovoditel-otdela-prodazh,MetaSputnik / hh.ru,2026-09-06T09:55:00+03:00,Высокая,N5K-20260906-668,new_5000
N5K-0668-001,N5K-0668-001-E02,SIGNAL_FULL_TEXT,"Полный текст вакансии: компания растёт; руководитель отвечает за план по выручке и валовой прибыли, команду и KPI, развитие клиентской базы, входящие лиды, воронку и продажи через Битрикс24, маржинальность, конверсию, клиентскую активность, новые каналы и товарные направления; отдельно указана цель системно увеличивать продажи через команду, CRM и процессы",https://bebee.com/ru/jobs/techmap_ru_136325018,BeBee / HH-derived vacancy,2026-09-06T09:55:00+03:00,Высокая,N5K-20260906-668,new_5000
N5K-0668-001,N5K-0668-001-E03,LEGAL,"Официальный сайт публикует реквизиты ООО «ОвенКомплектАвтоматика», ОГРН 1067746534900; реестровый источник подтверждает ИНН 7721554174, действующий статус, частную форму собственности и совпадающий бренд",https://www.owenkomplekt.ru/kontakty/,Официальный сайт ОвенКомплектАвтоматика; РБК Компании,2026-09-06T09:55:00+03:00,Высокая,N5K-20260906-668,new_5000
N5K-0668-001,N5K-0668-001-E04,SCALE_LPR,"Выручка ООО «ОвенКомплектАвтоматика» за 2025 год — 687,686 млн ₽; среднесписочная численность — 24; генеральный директор Язвинский Станислав Геннадиевич; учредители Язвинский Станислав Геннадиевич и Язвинский Виктор Геннадьевич",https://companies.rbc.ru/id/1067746534900-ooo-obschestvo-s-ogranichennoj-otvetstvennostyu-ovenkomplektavtomatika/,РБК Компании,2026-09-06T09:55:00+03:00,Высокая,N5K-20260906-668,new_5000
N5K-0668-001,N5K-0668-001-E05,CONTACT,"Официальный сайт точного юрлица публикует многоканальный телефон +7 (495) 135-135-5, email info1@owenkomplekt.ru, форму обратного звонка и отдельный маршрут «Написать директору»; на той же странице указан генеральный директор Язвинский Станислав Геннадиевич",https://www.owenkomplekt.ru/kontakty/,Официальный сайт ОвенКомплектАвтоматика,2026-09-06T09:55:00+03:00,Высокая,N5K-20260906-668,new_5000
N5K-0669-001,N5K-0669-001-E01,SIGNAL_DATE,"Вакансия «Руководитель отдела продаж (DIY, B2B, работа с сетями)» работодателя Рбм-Строй опубликована 03.09.2026; страница вакансии поддерживает быстрый отклик через hh.ru",https://dreamjob.ru/employers/86409/vakansii/136607247,Dream Job / hh.ru,2026-09-06T10:57:00+03:00,Высокая,N5K-20260906-669,new_5000
N5K-0669-001,N5K-0669-001-E02,SIGNAL_FULL_TEXT,"Полный текст вакансии требует сформировать и реализовать коммерческую стратегию B2B и сетей, управлять планами по выручке и марже, отделом и воронкой, развивать новых партнёров и ключевых клиентов, анализировать продажи; отдельно нужен опыт выстраивания процессов с нуля или трансформации отдела с внедрением CRM, регламентов, скриптов и отчётности; предусмотрено масштабирование направления",https://dreamjob.ru/employers/86409/vakansii/136607247,Dream Job / hh.ru,2026-09-06T10:57:00+03:00,Высокая,N5K-20260906-669,new_5000
N5K-0669-001,N5K-0669-001-E03,LEGAL,"Официальный сайт бренда Obern публикует точные реквизиты ООО «РБМ-Строй»: ИНН 9709034768, ОГРН 1187746712592, генерального директора Савчука Якова Валерьевича; независимый реестровый источник подтверждает действующий статус компании",https://obern.ru/about/contacts/,Официальный сайт Obern; Точка,2026-09-06T10:57:00+03:00,Высокая,N5K-20260906-669,new_5000
N5K-0669-001,N5K-0669-001-E04,SCALE_LPR,"Финансовая отчётность за 2025 год: выручка ООО «РБМ-СТРОЙ» 857,4 млн ₽; среднесписочная численность 26; форма собственности частная; генеральный директор Савчук Яков Валерьевич; единственный учредитель Колесниченко Алексей Алексеевич",https://companium.ru/id/1187746712592-rbm-stroy,Companium,2026-09-06T10:57:00+03:00,Высокая,N5K-20260906-669,new_5000
N5K-0669-001,N5K-0669-001-E05,CONTACT,"Официальный сайт точного юрлица публикует телефон +7 (495) 487-47-17, email для работы с партнёрами manager@obern.ru и форму заявки; на той же странице указаны реквизиты ООО «РБМ-Строй» и генеральный директор Савчук Яков Валерьевич",https://obern.ru/about/contacts/,Официальный сайт Obern,2026-09-06T10:57:00+03:00,Высокая,N5K-20260906-669,new_5000
N5K-0670-001,N5K-0670-001-E01,SIGNAL_DATE,Вакансия «Руководитель отдела продаж (проектные продажи в сфере ТЭК)» работодателя «Кабельные Системы и Технологии» опубликована 03.09.2026; страница вакансии поддерживает быстрый отклик через hh.ru,https://dreamjob.ru/employers/118969/vakansii/135067612,Dream Job / hh.ru,2026-09-06T11:58:00+03:00,Высокая,N5K-20260906-670,new_5000
N5K-0670-001,N5K-0670-001-E02,SIGNAL_FULL_TEXT,"Полный текст вакансии требует выполнения планов по выручке, поступлению денежных средств и рентабельности, развития клиентской базы и инструментов продаж, управления политикой продаж, планирования прибыли, управления отделом проектных продаж, соблюдения стандартов и регламентов и контроля работы подразделения в CRM Битрикс24",https://dreamjob.ru/employers/118969/vakansii/135067612,Dream Job / hh.ru,2026-09-06T11:58:00+03:00,Высокая,N5K-20260906-670,new_5000
N5K-0670-001,N5K-0670-001-E03,LEGAL,"Официальная страница реквизитов ООО «Кабельные Системы и Технологии» публикует точные ИНН 7447245405, ОГРН 1147447013328, юридический адрес, телефон, email и сайт; независимые источники подтверждают действующий статус компании",https://cstprom.ru/company/rekvizity.php,Официальный сайт КСТ; Reputation.ru; РБК Компании,2026-09-06T11:58:00+03:00,Высокая,N5K-20260906-670,new_5000
N5K-0670-001,N5K-0670-001-E04,SCALE_LPR,"За 2025 год выручка ООО «КСТ» составила 224,14 млн ₽; независимый источник указывает 57 сотрудников; учредитель и генеральный директор — Соболев Игорь Владимирович. В 2025 году компания запустила новое производство с заявленным объёмом инвестиций более 500 млн ₽",https://reputation.ru/ogrn/1147447013328,Reputation.ru; РБК Компании; Ведомости,2026-09-06T11:58:00+03:00,Высокая,N5K-20260906-670,new_5000
N5K-0670-001,N5K-0670-001-E05,CONTACT,"Официальная страница реквизитов точного юрлица публикует телефон 8 (351) 211-06-36, email info@cstprom.ru и сайт; корпоративная страница компании отдельно идентифицирует Соболева Игоря Владимировича как генерального директора",https://cstprom.ru/company/rekvizity.php,Официальный сайт КСТ,2026-09-06T11:58:00+03:00,Высокая,N5K-20260906-670,new_5000
N5K-0671-001,N5K-0671-001-E01,SIGNAL_DATE,Вакансия «Генеральный (исполнительный) директор» работодателя «Семишагофф» опубликована 03.09.2026 и доступна в русскоязычной HH-выдаче,https://spb.jobcareer.ru/jobs/ispolnitelnyj-direktor/,JobCareer / hh.ru,2026-09-06T12:57:45+03:00,Высокая,N5K-20260906-671,new_5000
N5K-0671-001,N5K-0671-001-E02,SIGNAL_FULL_TEXT,"Текст вакансии требует стратегического планирования и развития бизнеса, полного управления сетью магазинов, бюджетирования, контроля KPI, выручки и рентабельности, контроля расходов, запуска новых объектов и повышения эффективности действующих",https://spb.jobcareer.ru/jobs/ispolnitelnyj-direktor/,JobCareer / hh.ru,2026-09-06T12:57:45+03:00,Высокая,N5K-20260906-671,new_5000
N5K-0671-001,N5K-0671-001-E03,LEGAL,"Независимые источники связывают сеть «Семишагофф» с действующим ООО «ТК ПРОГРЕСС»; ИНН 7838471956, ОГРН 1127847102338; статус действующий. ООО принадлежит основателю сети Виталию Поздееву",https://www.tbank.ru/business/contractor/legal/1127847102338/,Т-Банк; РБК Компании; Ведомости,2026-09-06T12:57:45+03:00,Высокая,N5K-20260906-671,new_5000
N5K-0671-001,N5K-0671-001-E04,SCALE_LPR,"По отчетности за 2025 год выручка ООО «ТК ПРОГРЕСС» около 70,67 млрд ₽; компания крупная, сеть насчитывает около 200 магазинов; генеральный директор — Лебедев Сергей Владимирович; единственный учредитель и собственник — Поздеев Виталий Витальевич",https://basis.myseldon.com/ru/company/1127847102338,Seldon; Т-Банк; РБК Компании,2026-09-06T12:57:45+03:00,Высокая,N5K-20260906-671,new_5000
N5K-0671-001,N5K-0671-001-E05,CONTACT,"Официальный сайт «Семишагофф» публикует корпоративный телефон +7 (812) 648-50-00 и рабочую форму обратной связи; эти контакты записаны как корпоративные маршруты, без приписывания персональной принадлежности собственнику",https://semishagoff.org/contacts/,Официальный сайт Семишагофф,2026-09-06T12:57:45+03:00,Высокая,N5K-20260906-671,new_5000
N5K-0674-001,N5K-0674-001-E01,SIGNAL_DATE,Вакансия «Коммерческий директор (B2B)» ООО МНПП «АНТРАКС» опубликована 04.09.2026 во Фрязино,https://energybase.ru/vacancy/1138610,Energybase / hh.ru,2026-09-06T13:57:36+03:00,Высокая,N5K-20260906-674,new_5000
N5K-0674-001,N5K-0674-001-E02,SIGNAL_FULL_TEXT,"Полный текст вакансии требует выстроить коммерческий департамент, управлять всеми каналами продаж и повышать объем продаж и конверсии, разработать регламенты и бизнес-процессы, оптимизировать систему управления продажами, формировать планы ключевых показателей и финансовую отчетность",https://energybase.ru/vacancy/1138610,Energybase / hh.ru,2026-09-06T13:57:36+03:00,Высокая,N5K-20260906-674,new_5000
N5K-0674-001,N5K-0674-001-E03,LEGAL,"Независимые источники подтверждают действующее ООО МНПП «АНТРАКС», ИНН 7735116935, ОГРН 1027735011468; владельцы — физические лица Кучерявенков Андрей Анатольевич 75% и Рукавицына Ксения Сергеевна 25%",https://www.tbank.ru/business/contractor/legal/1027735011468/,Т-Банк; Фирмотека,2026-09-06T13:57:36+03:00,Высокая,N5K-20260906-674,new_5000
N5K-0674-001,N5K-0674-001-E04,SCALE_LPR,"Выручка ООО МНПП «АНТРАКС» за 2025 год 1,074606 млрд ₽; 87 сотрудников. Директор — Рукавицына Ксения Сергеевна; контролирующий собственник 75% — Кучерявенков Андрей Анатольевич",https://firmoteka.ru/7735116935,Фирмотека; Т-Банк,2026-09-06T13:57:36+03:00,Высокая,N5K-20260906-674,new_5000
N5K-0674-001,N5K-0674-001-E05,CONTACT,Официальный сайт АНТРАКС публикует корпоративные контакты +7 495 991-12-30 и sales@antraks.ru; они записаны только как практические корпоративные маршруты без приписывания персональной принадлежности собственнику,https://antraks.ru/contacts,Официальный сайт АНТРАКС,2026-09-06T13:57:36+03:00,Высокая,N5K-20260906-674,new_5000
N5K-0675-001,N5K-0675-001-E01,SIGNAL_DATE,Вакансия «Коммерческий директор» гостинично-туристического комплекса «Ладожская Усадьба» опубликована 04.09.2026,https://facancy.ru/vacancies/kommercheskii-direktor-v-gostinichno-turisticheskii-kompleks-ladozhskaia-usadba,Facancy,2026-09-06T14:55:38+03:00,Высокая,N5K-20260906-675,new_5000
N5K-0675-001,N5K-0675-001-E02,SIGNAL_FULL_TEXT,"Полный текст вакансии требует управлять продажами индивидуальным и корпоративным клиентам и мероприятиями, маркетингом, доходностью и ценообразованием, электронными каналами продаж, а также внедрять и развивать CRM; дополнительный отраслевой источник указывает цель найма — рост загрузки и развитие коммерческих направлений",https://facancy.ru/vacancies/kommercheskii-direktor-v-gostinichno-turisticheskii-kompleks-ladozhskaia-usadba,Facancy; HotelBusinessJobs,2026-09-06T14:55:38+03:00,Высокая,N5K-20260906-675,new_5000
N5K-0675-001,N5K-0675-001-E03,LEGAL,"Действующее частное ООО «ГТК «ЛАДОЖСКАЯ УСАДЬБА», ИНН 1007021940, ОГРН 1121035000525; официальный сайт комплекса использует тот же адрес в поселке Ниэмелянхови, ул. Озерная, 1, что подтверждает linkage бренда с юрлицом",https://www.tbank.ru/business/contractor/legal/1121035000525/,Т-Банк; РБК Компании; официальный сайт Ладожской Усадьбы,2026-09-06T14:55:38+03:00,Высокая,N5K-20260906-675,new_5000
N5K-0675-001,N5K-0675-001-E04,SCALE_LPR,"Выручка ООО «ГТК «ЛАДОЖСКАЯ УСАДЬБА» за 2025 год 239,33 млн ₽; генеральный директор — Юдичева Елена Александровна; учредители — Батулин Алексей Леонидович 50% и Наумов Георгий Анатольевич 50%",https://www.tbank.ru/business/contractor/legal/1121035000525/,Т-Банк; РБК Компании,2026-09-06T14:55:38+03:00,Высокая,N5K-20260906-675,new_5000
N5K-0675-001,N5K-0675-001-E05,CONTACT,Официальный сайт комплекса публикует +7 (921) 700-15-15 и info@ladoga-usadba.ru; контакты записаны только как практические корпоративные маршруты без приписывания персональной принадлежности CEO,https://ladoga-usadba.ru/contacts/,Официальный сайт Ладожской Усадьбы,2026-09-06T14:55:38+03:00,Высокая,N5K-20260906-675,new_5000
N5K-0676-001,N5K-0676-001-E01,SIGNAL_DATE,Вакансия «Коммерческий директор (направление СИЗ)» в Foxy Group опубликована 03.09.2026,https://facancy.ru/vacancies/kommercheskii-direktor-napravlenie-siz-v-mnogoprofilnyi-kholding-foxy-group,Facancy,2026-09-06T15:55:33+03:00,Высокая,N5K-20260906-676,new_5000
N5K-0676-001,N5K-0676-001-E02,SIGNAL_FULL_TEXT,"Полный текст вакансии требует организовать дилерскую сеть, разработать коммерческую стратегию, оптимизировать коммерческие процессы, контролировать планы и KPI, расширять рынки сбыта, управлять B2B-продажами, партнерствами и воронками продаж/маркетинга; позиция названа ключевой для ускорения роста",https://h.careers/job/276a5953-eda8-4ec3-88c3-75b0e0cda8c3,h.careers; Facancy,2026-09-06T15:55:33+03:00,Высокая,N5K-20260906-676,new_5000
N5K-0676-001,N5K-0676-001-E03,LEGAL,"Работодатель вакансии указан как «Фокси-Бокс»; ООО «ФОКСИ-БОКС» действует, ИНН 7805780074, ОГРН 1217800086382, адрес ул. Заставская, д.7; официальный сайт FOXY GROUP публикует тот же главный офис на Заставской, 7, а hh.ru employer page ООО «Фокси-Бокс» описывает FOXY GROUP",https://h.careers/job/276a5953-eda8-4ec3-88c3-75b0e0cda8c3,h.careers; hh.ru; официальный сайт FOXY GROUP; Т-Банк; Companium,2026-09-06T15:55:33+03:00,Высокая,N5K-20260906-676,new_5000
N5K-0676-001,N5K-0676-001-E04,SCALE_LPR,"Выручка ООО «ФОКСИ-БОКС» за 2025 год 4,083257 млрд ₽; 33 сотрудника; директор Василенко Иван Михайлович; учредители Василенко Иван Михайлович 51% и Василенко Елена Петровна 49%; форма собственности частная",https://companium.ru/id/1217800086382-foksi-boks,Companium; B2B.House; Т-Банк,2026-09-06T15:55:33+03:00,Высокая,N5K-20260906-676,new_5000
N5K-0676-001,N5K-0676-001-E05,CONTACT,Официальный сайт FOXY GROUP публикует +7 (812) 565-75-77 и sales@foxy-gloves.ru; контакты записаны только как практические корпоративные маршруты без приписывания персональной принадлежности директору,https://www.foxy-group.ru/contacts/,Официальный сайт FOXY GROUP,2026-09-06T15:55:33+03:00,Высокая,N5K-20260906-676,new_5000
N5K-0677-001,N5K-0677-001-E01,SIGNAL_DATE,Вакансия «Руководитель отдела продаж» компании Тензор указана как опубликованная 04.09.2026,https://dreamjob.ru/employers/47893/vakansii,Dreamjob,2026-09-06T16:54:26+03:00,Высокая,N5K-20260906-677,new_5000
N5K-0677-001,N5K-0677-001-E02,SIGNAL_FULL_TEXT,"Официальный полный текст вакансии требует развивать и настраивать систему продаж, процессы привлечения/обслуживания/удержания клиентов, нанимать и мотивировать команду, улучшать контроль результатов, развивать продуктовую линейку и оптимизировать процессы отдела; требуется опыт руководителя продаж B2B и холодных продаж",https://tensor.ru/about/devcenter/44/501308608,Официальный сайт Тензор,2026-09-06T16:54:26+03:00,Высокая,N5K-20260906-677,new_5000
N5K-0677-001,N5K-0677-001-E03,LEGAL,"ООО «КОМПАНИЯ «ТЕНЗОР» действует; ИНН 7605016030, ОГРН 1027600787994; официальные материалы Тензора/Saby и независимые карточки подтверждают exact legal entity и связь бренда",https://www.tbank.ru/business/contractor/legal/1027600787994/,Т-Банк; Saby; официальный сайт Тензор,2026-09-06T16:54:26+03:00,Высокая,N5K-20260906-677,new_5000
N5K-0677-001,N5K-0677-001-E04,SCALE_LPR,"Выручка ООО «КОМПАНИЯ «ТЕНЗОР» за 2025 год около 22,5 млрд ₽; компания частная; директор Уваров Сергей Васильевич; учредители ООО «ТОРИИ» 82% и ООО «САБИ ТИМ» 18%; Saby указывает около 7000 сотрудников",https://companium.ru/id/1027600787994-kompaniya-tenzor,Companium; Т-Банк; Saby,2026-09-06T16:54:26+03:00,Высокая,N5K-20260906-677,new_5000
N5K-0677-001,N5K-0677-001-E05,CONTACT,Официальная страница контактов Тензора публикует для Ярославля +7 (4852) 50-06-20 и tensor@tensor.ru; контакты записаны только как корпоративные практические маршруты без приписывания персональной принадлежности директору,https://tensor.ru/cto/contacts,Официальный сайт Тензор,2026-09-06T16:54:26+03:00,Высокая,N5K-20260906-677,new_5000
N5K-0680-001,N5K-0680-001-E01,SIGNAL_DATE,Вакансия руководителя отдела продаж мультимодальных перевозок SILMAR опубликована 04.09.2026,https://www.rabota.ru/vacancy/53730375/,Rabota.ru,2026-09-06T18:08:00+03:00,Высокая,N5K-20260906-680,new_5000
N5K-0680-001,N5K-0680-001-E02,SIGNAL_FULL_TEXT,"Полный текст вакансии требует увеличивать выручку, управлять коммерческими показателями, выполнять планы продаж, контролировать KPI менеджеров, развивать клиентскую базу, планировать бюджеты и формировать отчетность",https://www.rabota.ru/vacancy/53730375/,Rabota.ru,2026-09-06T18:08:00+03:00,Высокая,N5K-20260906-680,new_5000
N5K-0680-001,N5K-0680-001-E03,LEGAL,"ООО «МОРСКОЕ АГЕНТСТВО «СИЛМАР» действует; ИНН 7805464304, ОГРН 1089847235279; бренд и юридическое лицо связаны официальной страницей контактов компании и совпадающим адресом",https://www.silmar-group.com/contacts/,Официальный SILMAR; РБК,2026-09-06T18:08:00+03:00,Высокая,N5K-20260906-680,new_5000
N5K-0680-001,N5K-0680-001-E04,SCALE_LPR,"Выручка юридического лица за 2025 год около 5,406 млрд ₽; компания действует; текущий генеральный директор подтвержден реестровыми источниками; учредители — частные российские юридические лица",https://reputation.ru/ogrn/1089847235279,Reputation; B2B.House; РБК,2026-09-06T18:08:00+03:00,Высокая,N5K-20260906-680,new_5000
N5K-0680-001,N5K-0680-001-E05,CONTACT,Официальные и публичные страницы SILMAR публикуют практические корпоративные маршруты связи; они не интерпретируются как персональные контакты руководителя,https://www.silmar-group.com/contacts/,Официальный SILMAR; публичная карточка компании,2026-09-06T18:08:00+03:00,Средняя,N5K-20260906-680,new_5000
N5K-0681-001,N5K-0681-001-E01,SIGNAL_DATE,Вакансия руководителя отдела продаж (ГОКи) МАС Альбион опубликована 04.09.2026,https://dreamjob.ru/employers/149587/vakansii/136982501,DreamJob / HH mirror,2026-09-06T18:53:23+03:00,Высокая,N5K-20260906-681,new_5000
N5K-0681-001,N5K-0681-001-E02,SIGNAL_FULL_TEXT,"Полный текст вакансии требует сформировать и доукомплектовать команду продаж, выстроить планы и KPI по маржинальности/эффективности, развивать клиентскую базу через CRM и ERP, привлекать новых клиентов, работать с ключевыми клиентами и участвовать в изменении бизнес-процессов",https://dreamjob.ru/employers/149587/vakansii/136982501,DreamJob / HH mirror,2026-09-06T18:53:23+03:00,Высокая,N5K-20260906-681,new_5000
N5K-0681-001,N5K-0681-001-E03,LEGAL,"ООО «МАС АЛЬБИОН» действует; ИНН 3808229990, ОГРН 1133850021690; официальный сайт публикует те же реквизиты и связывает бренд с юрлицом",https://albionchem.ru/contacts/,Официальный сайт МАС Альбион; РБК; Т-Банк,2026-09-06T18:53:23+03:00,Высокая,N5K-20260906-681,new_5000
N5K-0681-001,N5K-0681-001-E04,SCALE_LPR,"Выручка за 2025 год 6,75 млрд ₽; директор Булдыгина Ирина Николаевна; частные учредители Старцев Максим Анатольевич 75% и Булдыгина Ирина Николаевна 25%",https://www.tbank.ru/business/contractor/legal/1133850021690/,Т-Банк; РБК,2026-09-06T18:53:23+03:00,Высокая,N5K-20260906-681,new_5000
N5K-0681-001,N5K-0681-001-E05,CONTACT,Официальная страница контактов публикует +7 (495) 134-33-16 и ceo@albionchem.ru; email указан рядом с директором Ириной Булдыгиной и маршрутом «Написать директору»,https://albionchem.ru/contacts/,Официальный сайт МАС Альбион,2026-09-06T18:53:23+03:00,Высокая,N5K-20260906-681,new_5000
N5K-0682-001,N5K-0682-001-E01,SIGNAL_DATE,Вакансия руководителя отдела продаж и маркетинга Группы Отелей ЛЕГЕНДА опубликована 04.09.2026,https://dreamjob.ru/employers/2626375/vakansii/131522518,DreamJob / HH mirror,2026-09-06T19:58:00+03:00,Высокая,N5K-20260906-682,new_5000
N5K-0682-001,N5K-0682-001-E02,SIGNAL_FULL_TEXT,"Полный текст вакансии описывает управление продажами и маркетингом, стратегическое мышление, анализ бизнес-показателей и управление персоналом; сама группа указывает более 20 объектов в управлении",https://dreamjob.ru/employers/2626375/vakansii/131522518,DreamJob / HH mirror,2026-09-06T19:58:00+03:00,Высокая,N5K-20260906-682,new_5000
N5K-0682-001,N5K-0682-001-E03,LEGAL,"ООО «ГРУППА ОТЕЛЕЙ ЛЕГЕНДА» действует; ИНН 7730292782, ОГРН 1227700795420; РБК указывает торговые марки LEGENDA HOTELS / LEGENDA и связывает бренд с точным юрлицом",https://companies.rbc.ru/id/1227700795420-legenda/,РБК Компании,2026-09-06T19:58:00+03:00,Высокая,N5K-20260906-682,new_5000
N5K-0682-001,N5K-0682-001-E04,SCALE_LPR,"Выручка ООО «ГРУППА ОТЕЛЕЙ ЛЕГЕНДА» за 2025 год 328,231 млн ₽; генеральный директор Капанова Светлана Владиславовна; единственный учредитель ООО «ЭН+ ТУРИСТИЧЕСКАЯ ИНФРАСТРУКТУРА»",https://companies.rbc.ru/id/1227700795420-legenda/,РБК Компании,2026-09-06T19:58:00+03:00,Высокая,N5K-20260906-682,new_5000
N5K-0682-001,N5K-0682-001-E05,CONTACT,Для точного юрлица опубликованы +7 908 659-39-81 и deynekana@go-legend.ru; контакты используются только как корпоративные маршруты и не приписываются персонально генеральному директору,https://companium.ru/id/1227700795420-gruppa-oteley-legenda,Companium,2026-09-06T19:58:00+03:00,Средняя,N5K-20260906-682,new_5000
N5K-0688-001,N5K-0688-001-E01,SIGNAL_DATE,Вакансия коммерческого директора B2B ООО «НТЦ СГЭП» опубликована 04.09.2026,https://energybase.ru/vacancy,Energybase,2026-09-06T21:16:30+03:00,Высокая,N5K-20260906-688,new_5000
N5K-0688-001,N5K-0688-001-E02,SIGNAL_FULL_TEXT,"Вакансия описывает руководство коммерческим департаментом научно-производственной компании, управление B2B-продажами, сопровождением клиентов и проектов, развитие бизнес-процессов и команды",https://energybase.ru/vacancy,Energybase,2026-09-06T21:16:30+03:00,Высокая,N5K-20260906-688,new_5000
N5K-0688-001,N5K-0688-001-E03,LEGAL,"Официальная страница реквизитов публикует ООО «НТЦ СГЭП», ИНН 5402026992, ОГРН 1165476210008, адрес и корпоративные контакты; организация действует",https://sgep-it.ru/rekvizity/,Официальный сайт + Т-Банк Бизнес,2026-09-06T21:16:30+03:00,Высокая,N5K-20260906-688,new_5000
N5K-0688-001,N5K-0688-001-E04,SCALE_LPR,"Выручка за 2025 год 2,049723 млрд ₽; директор — Капустин Алексей Вячеславович; единственный учредитель — Капустин Вячеслав Сергеевич",https://www.tbank.ru/business/contractor/legal/1165476210008/,Т-Банк Бизнес + РБК Компании,2026-09-06T21:16:30+03:00,Высокая,N5K-20260906-688,new_5000
N5K-0688-001,N5K-0688-001-E05,CONTACT,"Официальный сайт точного юрлица публикует +7 (383) 383-25-97, sales@sgep-it.ru и форму обращения; контакты используются только как корпоративные маршруты",https://sgep-it.ru/contacts/,Официальный сайт,2026-09-06T21:16:30+03:00,Высокая,N5K-20260906-688,new_5000
N5K-0689-001,N5K-0689-001-E01,SIGNAL_DATE,"Вакансия «Руководитель отдела продаж / РОП (застройщик, недвижимость)» работодателя «Этажи Девелопмент» опубликована 04.09.2026",https://dreamjob.ru/employers/2538988/vakansii/136988881,DreamJob/HH,2026-09-06T21:52:12+03:00,Высокая,N5K-20260906-689,new_5000
N5K-0689-001,N5K-0689-001-E02,SIGNAL_FULL_TEXT,"Полный текст вакансии требует управления продажами жилого проекта и коммерческим результатом, управления воронкой, поиска точек роста по цифрам, развития менеджеров и построения системы стабильного выполнения плана",https://dreamjob.ru/employers/2538988/vakansii/136988881,DreamJob/HH,2026-09-06T21:52:12+03:00,Высокая,N5K-20260906-689,new_5000
N5K-0689-001,N5K-0689-001-E03,LEGAL,"Официальный сайт в согласии на обработку персональных данных прямо идентифицирует владельца etagi.dev как ООО «ЭТАЖИ ДЕВЕЛОПМЕНТ», ИНН 7203529890; реестровый источник подтверждает ОГРН 1217200019519 и действующий статус",https://etagi.dev/,Официальный сайт + РБК Компании,2026-09-06T21:52:12+03:00,Высокая,N5K-20260906-689,new_5000
N5K-0689-001,N5K-0689-001-E04,SCALE_LPR,"Выручка ООО «ЭТАЖИ ДЕВЕЛОПМЕНТ» за 2025 год 240,675 млн ₽; генеральный директор — Габдульманов Марсель Вилович; реестровые источники публикуют действующих участников общества",https://companies.rbc.ru/id/1217200019519-ooo-etazhi-development/,РБК Компании + Saby,2026-09-06T21:52:12+03:00,Высокая,N5K-20260906-689,new_5000
N5K-0689-001,N5K-0689-001-E05,CONTACT,Официальный сайт точного юрлица публикует корпоративный email sale@etagi.dev и форму «Обсудить сотрудничество»; контакты используются только как корпоративные маршруты,https://etagi.dev/services/exclusive/,Официальный сайт,2026-09-06T21:52:12+03:00,Высокая,N5K-20260906-689,new_5000
N5K-0690-001,N5K-0690-001-E01,SIGNAL_DATE,Вакансия «Руководитель отдела продаж кредитных и страховых продуктов» работодателя PELETON опубликована 05.09.2026 на HH; актуальная выдача JobCareer отражает эту дату,https://msk.jobcareer.ru/companies/peleton/,HH через JobCareer,2026-09-06T22:53:30+03:00,Высокая,N5K-20260906-690,new_5000
N5K-0690-001,N5K-0690-001-E02,SIGNAL_FULL_TEXT,"Полный доступный текст вакансии требует организации и контроля работы отделов страхования и кредитования на трех локациях дилерских центров, выполнения плановых показателей, построения сильных команд, превращения идей в работающие процессы и управления по цифрам",https://msk.jobcareer.ru/companies/peleton/,HH через JobCareer,2026-09-06T22:53:30+03:00,Высокая,N5K-20260906-690,new_5000
N5K-0690-001,N5K-0690-001-E03,LEGAL,Официальные сайты бренда идентифицируют оператора как ООО «ПЕЛЕТОН» с ИНН 7751294798 и ОГРН 1247700093960; реестровый источник подтверждает действующий статус и текущее наименование,https://amberauto-peleton.ru/about/company,Официальный сайт PELETON + РБК Компании,2026-09-06T22:53:30+03:00,Высокая,N5K-20260906-690,new_5000
N5K-0690-001,N5K-0690-001-E04,SCALE_LPR,"Выручка ООО «ПЕЛЕТОН» за 2025 год 8,226 млрд ₽; генеральный директор — Васильев Михаил Александрович; единственный участник — Титов Максим Александрович",https://companies.rbc.ru/id/1247700093960-ooo-peleton/,РБК Компании + Companium,2026-09-06T22:53:30+03:00,Высокая,N5K-20260906-690,new_5000
N5K-0690-001,N5K-0690-001-E05,CONTACT,"Официальный сайт PELETON публикует корпоративные маршруты +7 (499) 688-86-39, info@peleton.ru и форму обратной связи; контакты используются только как company-level routes",https://peleton.ru/contacts,Официальный сайт PELETON,2026-09-06T22:53:30+03:00,Высокая,N5K-20260906-690,new_5000
N5K-0693-001,N5K-0693-001-E01,SIGNAL_DATE,Вакансия «Коммерческий директор/Начальник коммерческого отдела» компании НЭОДЕВЕЛОПМЕНТ опубликована 05.09.2026; доступен быстрый отклик через hh.ru,https://dreamjob.ru/employers/92933/vakansii/136342081,Dream Job,2026-09-07T00:23:00+03:00,Высокая,N5K-20260906-693,new_5000
N5K-0693-001,N5K-0693-001-E02,SIGNAL_FULL_TEXT,"Полный текст вакансии требует возглавить развитие коммерческого блока, обеспечить системный приток новых проектов и рост выручки, разработать коммерческую стратегию, вести ключевые переговоры и тендеры, управлять планами продаж и бюджетированием, отвечать за выручку и маржинальность и коммерческую аналитику",https://dreamjob.ru/employers/92933/vakansii/136342081,Dream Job,2026-09-07T00:23:00+03:00,Высокая,N5K-20260906-693,new_5000
N5K-0693-001,N5K-0693-001-E03,LEGAL,"Вакансия прямо называет работодателя ООО «НЭОДЕВЕЛОПМЕНТ» и генерального директора Романа Казакова; РБК и Saby подтверждают действующее ООО с ИНН 7811569672, ОГРН 1147847006185 и генеральным директором Казаковым Романом Юрьевичем",https://companies.rbc.ru/id/1147847006185-ooo-neoretsikling/,Dream Job + РБК Компании + Saby,2026-09-07T00:23:00+03:00,Высокая,N5K-20260906-693,new_5000
N5K-0693-001,N5K-0693-001-E04,SCALE_LPR,"ООО «НЭОДЕВЕЛОПМЕНТ» действует; выручка за 2025 год 218 064 000 ₽, среднесписочная численность 21; единственный участник и генеральный директор — Казаков Роман Юрьевич. Официальный сайт группы указывает 15+ лет опыта и высший уровень ответственности СРО до 10 млрд ₽",https://companies.rbc.ru/id/1147847006185-ooo-neoretsikling/,РБК Компании + официальный сайт НЭОДЕВЕЛОПМЕНТ,2026-09-07T00:23:00+03:00,Высокая,N5K-20260906-693,new_5000
N5K-0693-001,N5K-0693-001-E05,CONTACT,Официальный сайт НЭОДЕВЕЛОПМЕНТ публикует корпоративные маршруты +7 (812) 716-32-32 и info@neorf.ru; контакты используются только как company-level routes,https://нэодевелопмент.рф/,Официальный сайт НЭОДЕВЕЛОПМЕНТ,2026-09-07T00:23:00+03:00,Высокая,N5K-20260906-693,new_5000
N5K-0694-001,N5K-0694-001-E01,SIGNAL_DATE,Вакансия «Коммерческий директор» работодателя ПХ ЛАЗАРЕВСКОЕ опубликована 05.09.2026; страница ведёт на отклик через hh.ru,https://nesiditsa.ru/vacancy/134915688,Не сидится / HH,2026-09-07T00:55:00+03:00,Высокая,N5K-20260907-694,new_5000
N5K-0694-001,N5K-0694-001-E02,SIGNAL_FULL_TEXT,"Полный текст вакансии прямо описывает выход на розничный рынок Москвы и запуск новых направлений с нуля, руководство коммерческим блоком, развитие розницы/e-commerce/HoReCa, рост продаж, новые рынки, анализ маржинальности, P&L, KPI и коммерческие бюджеты",https://nesiditsa.ru/vacancy/134915688,Не сидится / HH,2026-09-07T00:55:00+03:00,Высокая,N5K-20260907-694,new_5000
N5K-0694-001,N5K-0694-001-E03,LEGAL,"Вакансия прямо называет ООО «ПХ «Лазаревское» и адрес Луговая 1; официальный сайт в реквизитах подтверждает ООО, ИНН 7118503160, ОГРН 1107154005210, генерального директора Романовскую Кристину Фёдоровну и тот же адрес",https://lazarevo.ru/kontakty/,Официальный сайт ПХ Лазаревское,2026-09-07T00:55:00+03:00,Высокая,N5K-20260907-694,new_5000
N5K-0694-001,N5K-0694-001-E04,SCALE_LPR,"Действующее частное ООО; выручка за 2025 год 3 306 911 000 ₽, 722 сотрудника; генеральный директор и собственник 100% — Романовская Кристина Федоровна. Официальный сайт называет её собственником и генеральным директором и указывает масштаб предприятия",https://firmoteka.ru/7118503160,Фирмотека + официальный сайт ПХ Лазаревское + B2B.house,2026-09-07T00:55:00+03:00,Высокая,N5K-20260907-694,new_5000
N5K-0694-001,N5K-0694-001-E05,CONTACT,"Официальная страница контактов публикует 8 (800) 200-19-81, приемную +7 (48751) 72-288, info@lazarevo.ru и реквизиты юрлица; контакты используются только как company-level routes",https://lazarevo.ru/kontakty/,Официальный сайт ПХ Лазаревское,2026-09-07T00:55:00+03:00,Высокая,N5K-20260907-694,new_5000
N5K-0695-001,N5K-0695-001-E01,SIGNAL_DATE,Вакансия «Руководитель отдела продаж (дистрибуция грузовой техники...)» размещена 06.09.2026; в тексте прямо названа компания «ПремиумАвто» из ГК STIMUL,https://nesiditsa.ru/vacancy/136382362,Не сидится / HH,2026-09-07T01:57:00+03:00,Высокая,N5K-20260907-695,new_5000
N5K-0695-001,N5K-0695-001-E02,SIGNAL_FULL_TEXT,"Полный текст вакансии требует развивать дилерскую сеть и прямой канал продаж, подключать новых партнеров в регионах, определять точки роста и коммерческие условия, управлять KPI и аналитикой, региональными менеджерами и крупными сделками",https://nesiditsa.ru/vacancy/136382362,Не сидится / HH,2026-09-07T01:57:00+03:00,Высокая,N5K-20260907-695,new_5000
N5K-0695-001,N5K-0695-001-E03,LEGAL,"Официальный сайт Daewoo Trucks указывает, что официальным дистрибьютором марки в России является ООО «ПремиумАвто», и публикует московский офис по адресу ул. Вильгельма Пика, 11, совпадающий с адресом вакансии. Реестровые источники подтверждают ООО «ПРЕМИУМАВТО», ИНН 2511090946 и ОГРН 1142511034786",https://daewoo-truck.ru/about,Официальный сайт Daewoo Trucks / ООО «ПремиумАвто» + РБК Компании + Т-Банк Бизнес,2026-09-07T01:57:00+03:00,Высокая,N5K-20260907-695,new_5000
N5K-0695-001,N5K-0695-001-E04,SCALE_LPR,"ООО «ПРЕМИУМАВТО» — действующее частное российское юрлицо; выручка за 2025 год 487 393 000 ₽, активы 2 042 326 000 ₽; генеральный директор — Ким Юрий Львович; учредитель 100% — Ким Татьяна Николаевна",https://companies.rbc.ru/id/1142511034786-ooo-premiumavto/,РБК Компании + Т-Банк Бизнес + Companium,2026-09-07T01:57:00+03:00,Высокая,N5K-20260907-695,new_5000
N5K-0695-001,N5K-0695-001-E05,CONTACT,Официальная страница контактов публикует корпоративные маршруты 8 800 222-70-88 и info@daewoo-truck.ru; они используются только как company-level contacts и не приписываются CEO/собственнику,https://daewoo-truck.ru/contacts,Официальный сайт Daewoo Trucks / ООО «ПремиумАвто»,2026-09-07T01:57:00+03:00,Высокая,N5K-20260907-695,new_5000
N5K-0697-001,N5K-0697-001-E01,SIGNAL_DATE,Вакансия менеджера по продажам газоаналитического оборудования опубликована 05.09.2026 для ООО «НПО «ПРИБОР» ГАНК» в Москве,https://energybase.ru/region/moskovskaya-oblast/vacancies,Energybase / HH,2026-09-07T03:05:00+03:00,Высокая,N5K-20260907-697,new_5000
N5K-0697-001,N5K-0697-001-E02,SIGNAL_FULL_TEXT,"В описании вакансии прямо указаны B2B-привлечение клиентов, переговоры, подготовка технико-коммерческих предложений и ведение сделок по оборудованию собственного производства; это активный outbound B2B business-intent",https://energybase.ru/region/moskovskaya-oblast/vacancies,Energybase / HH,2026-09-07T03:05:00+03:00,Высокая,N5K-20260907-697,new_5000
N5K-0697-001,N5K-0697-001-E03,LEGAL,"Официальный сайт подтверждает бренд и адрес ООО «НПО «ПРИБОР» ГАНК»; независимые реестровые источники подтверждают ИНН 7724223692, ОГРН 1027739382461 и действующий статус российского частного ООО",https://www.gank4.ru/,Официальный сайт НПО ПРИБОР ГАНК + РБК Компании + Т-Банк Бизнес,2026-09-07T03:05:00+03:00,Высокая,N5K-20260907-697,new_5000
N5K-0697-001,N5K-0697-001-E04,SCALE_LPR,"ООО «НПО «ПРИБОР» ГАНК» — действующее частное российское юрлицо; выручка за 2025 год 1 870 144 000 ₽, прибыль 556 083 000 ₽; генеральный директор — Чекалин Николай Сергеевич; единственный учредитель — Кукушкин Алексей Викторович, 100%",https://companies.rbc.ru/id/1027739382461-ooo-obschestvo-s-ogranichennoj-otvetstvennostyu-npo-pribor-gank/,РБК Компании + Т-Банк Бизнес,2026-09-07T03:05:00+03:00,Высокая,N5K-20260907-697,new_5000
N5K-0697-001,N5K-0697-001-E05,CONTACT,Официальная страница контактов публикует корпоративные маршруты 8 (800) 201-00-92 и gank4@gank4.ru; они используются только как company-level contacts и не приписываются CEO/собственнику,https://www.gank4.ru/contacts/,Официальный сайт НПО ПРИБОР ГАНК,2026-09-07T03:05:00+03:00,Высокая,N5K-20260907-697,new_5000
N5K-0698-001,N5K-0698-001-E01,SIGNAL_DATE,Вакансия коммерческого директора для ООО «ПК «ЭЛИТГРУПП ИНВЕСТ» опубликована 04.09.2026 в Москве,https://msk.terdo.ru/item/6575352/,Terdo / вакансия работодателя,2026-09-07T03:54:43+03:00,Высокая,N5K-20260907-698,new_5000
N5K-0698-001,N5K-0698-001-E02,SIGNAL_FULL_TEXT,"Полный текст вакансии содержит прямой S1 business-intent: увеличение продаж, управление продажами по России, планы продаж, увеличение прибыли и снижение издержек, оптимизация бизнес-процессов, бюджетирование, развитие новых каналов сбыта и стратегических партнерств",https://msk.terdo.ru/item/6575352/,Terdo / вакансия работодателя,2026-09-07T03:54:43+03:00,Высокая,N5K-20260907-698,new_5000
N5K-0698-001,N5K-0698-001-E03,LEGAL,"ООО «ПК «ЭЛИТГРУПП ИНВЕСТ» — действующее российское частное юрлицо; ИНН 7706428016, ОГРН 1157746939778; официальный сайт подтверждает бренд и мясоперерабатывающую деятельность",https://companies.rbc.ru/id/1157746939778-ooo-proizvodstvennaya-kompaniya-elitgrupp-invest/,РБК Компании + официальный сайт ЭЛИТГРУПП ИНВЕСТ,2026-09-07T03:54:43+03:00,Высокая,N5K-20260907-698,new_5000
N5K-0698-001,N5K-0698-001-E04,SCALE_LPR,Выручка ООО «ПК «ЭЛИТГРУПП ИНВЕСТ» за 2025 год 10 502 154 000 ₽; генеральный директор — Акопов Вадим Армаисович; участники — ООО «Элит Капитал» 99% и ООО «РСХБ-Финанс» 1%,https://saby.ru/profile/7706428016-772801001,Saby + Т-Банк Бизнес + открытые реестры,2026-09-07T03:54:43+03:00,Высокая,N5K-20260907-698,new_5000
N5K-0698-001,N5K-0698-001-E05,CONTACT,"Официальный сайт публикует телефон руководителя отдела продаж +7 (969) 999-99-80, email v54999023@gmail.com и корпоративную форму/страницу контактов; эти маршруты не приписываются CEO",https://elitgroup-invest.ru/,Официальный сайт ЭЛИТГРУПП ИНВЕСТ,2026-09-07T03:54:43+03:00,Высокая,N5K-20260907-698,new_5000
N5K-0700-001,N5K-0700-001-E01,SIGNAL_DATE,Вакансия менеджера по продажам КИПиА (регионального) АО «ЭМИС» опубликована 04.09.2026 в Москве,https://energybase.ru/vacancy/1136634,Energybase / вакансия,2026-09-07T04:57:30+03:00,Высокая,N5K-20260907-700,new_5000
N5K-0700-001,N5K-0700-001-E02,SIGNAL_FULL_TEXT,"Полный текст вакансии содержит S2 business-intent: продвижение продукции по территории РФ, самостоятельный поиск новых B2B-заказчиков, переговоры с ключевыми лицами и построение долгосрочных отношений с предприятиями газоснабжения и газораспределения",https://energybase.ru/vacancy/1136634,Energybase / вакансия,2026-09-07T04:57:30+03:00,Высокая,N5K-20260907-700,new_5000
N5K-0700-001,N5K-0700-001-E03,LEGAL,"АО «ЭМИС» — действующее российское непубличное акционерное общество; ИНН 7729428453, ОГРН 1037729015807; юридический адрес Челябинск, Комсомольский проспект, д. 29, стр. 7 совпадает с официальным сайтом",https://companies.rbc.ru/id/1037729015807-zao-zakryitoe-aktsionernoe-obschestvo-elektronnyie-i-mehanicheskie-izmeritelnyie-sistemyi/,РБК Компании + официальный сайт ЭМИС,2026-09-07T04:57:30+03:00,Высокая,N5K-20260907-700,new_5000
N5K-0700-001,N5K-0700-001-E04,SCALE_LPR,"Выручка АО «ЭМИС» за 2025 год 7,74 млрд ₽, прибыль 2,91 млрд ₽, 476 сотрудников; генеральный директор — Андреевских Георгий Эдуардович",https://firmoteka.ru/7729428453,Firmoteka / данные ФНС + РБК Компании,2026-09-07T04:57:30+03:00,Высокая,N5K-20260907-700,new_5000
N5K-0700-001,N5K-0700-001-E05,CONTACT,"Официальный сайт АО «ЭМИС» публикует телефоны +7 (351) 729-99-12 и 8 (800) 301-66-88, email отдела продаж sales@emis-kip.ru и форму заказа звонка; контакты используются как корпоративные маршруты и не приписываются генеральному директору",https://emis-kip.ru/kon/,Официальный сайт ЭМИС,2026-09-07T04:57:30+03:00,Высокая,N5K-20260907-700,new_5000
N5K-0701-001,N5K-0701-001-E01,SIGNAL_DATE,Вакансия руководителя отдела продаж / руководителя обособленного подразделения Оптиксервис опубликована 06.09.2026 в Екатеринбурге,https://dreamjob.ru/employers/143607/vakansii/136150275,Dream Job / вакансия с HH,2026-09-07T05:57:52+03:00,Высокая,N5K-20260907-701,new_5000
N5K-0701-001,N5K-0701-001-E02,SIGNAL_FULL_TEXT,"Полный текст вакансии содержит S1 business-intent: развитие продаж территории через увеличение клиентской базы и развитие действующих клиентов, организация каналов сбыта, выполнение KPI, управление командой, переговоры с ЛПР и совместное бизнес-планирование с клиентами",https://dreamjob.ru/employers/143607/vakansii/136150275,Dream Job / полный текст вакансии,2026-09-07T05:57:52+03:00,Высокая,N5K-20260907-701,new_5000
N5K-0701-001,N5K-0701-001-E03,LEGAL,"ООО «ОПТИКСЕРВИС» — действующее российское частное юрлицо; ИНН 5405346944, ОГРН 1075405015542. Официальный сайт opticcenter.ru идентифицирует компанию как ООО «Оптиксервис»; реквизиты того же юрлица опубликованы на связанном официальном сервисе dostavkalinz.ru",https://www.opticcenter.ru/,Официальный сайт Оптиксервис + dostavkalinz.ru + РБК Компании,2026-09-07T05:57:52+03:00,Высокая,N5K-20260907-701,new_5000
N5K-0701-001,N5K-0701-001-E04,SCALE_LPR,"Выручка ООО «ОПТИКСЕРВИС» за 2025 год 3,79 млрд ₽; директор и учредитель — Строганцев Андрей Николаевич. Полный текст вакансии также указывает более 230 сотрудников и 5 филиалов в России",https://www.tbank.ru/business/contractor/legal/1075405015542/,Т-Банк / ЗаЧестныйБизнес / Saby / Dream Job,2026-09-07T05:57:52+03:00,Высокая,N5K-20260907-701,new_5000
N5K-0701-001,N5K-0701-001-E05,CONTACT,Официальный сайт Оптиксервис публикует корпоративный телефон +7 (383) 230-07-77 и форму обратной связи; контакты используются только как company-level маршруты и не приписываются директору,https://www.opticcenter.ru/,Официальный сайт Оптиксервис,2026-09-07T05:57:52+03:00,Высокая,N5K-20260907-701,new_5000
N5K-0702-001,N5K-0702-001-E01,SIGNAL_DATE,Вакансия Руководитель отдела продаж / Head of Sales B2B компании Наймикс опубликована 07.09.2026 в Москве,https://dreamjob.ru/employers/112027/vakansii/137017518,Dream Job / вакансия с HH,2026-09-07T06:53:50+03:00,Высокая,N5K-20260907-702,new_5000
N5K-0702-001,N5K-0702-001-E02,SIGNAL_FULL_TEXT,"Полный текст вакансии содержит прямой S1 business-intent: перезапуск B2B-продаж, аудит команды/воронок/метрик, холодный outbound и входящий контур, регламентация продаж, единые метрики, сквозная аналитика, управление конверсиями и экономикой, гипотезы роста, изменение мотивации и усиление команды",https://dreamjob.ru/employers/112027/vakansii/137017518,Dream Job / полный текст вакансии,2026-09-07T06:53:50+03:00,Высокая,N5K-20260907-702,new_5000
N5K-0702-001,N5K-0702-001-E03,LEGAL,"ООО «НАЙМИКС» — действующее российское частное юрлицо; ИНН 5047217640, ОГРН 1185053038994. Официальный сайт Наймикс публикует тот же московский адрес Ленинградское шоссе 16А стр. 3, который совпадает с юридическим адресом юрлица",https://naimix.ru/contacts,Официальный сайт Наймикс + B2B.House + ФНС БФО,2026-09-07T06:53:50+03:00,Высокая,N5K-20260907-702,new_5000
N5K-0702-001,N5K-0702-001-E04,SCALE_LPR,"Выручка ООО «НАЙМИКС» за 2025 год 478,812 млн ₽; среднесписочная численность 50. Генеральный директор с 02.02.2026 — Емец Виктор Валентинович; Т-Банк также указывает его участником с долей 5%",https://b2b.house/company/OOO-NAJMIKS_afbb5c8f-55a2-4413-98b9-5ef157750454/,B2B.House + Т-Банк + ФНС БФО,2026-09-07T06:53:50+03:00,Высокая,N5K-20260907-702,new_5000
N5K-0702-001,N5K-0702-001-E05,CONTACT,Официальный сайт Наймикс публикует корпоративные телефон 8 800 500 56 54 и email direct@naimix.info; контакты используются только как company-level маршруты и не приписываются генеральному директору,https://naimix.ru/contacts,Официальный сайт Наймикс,2026-09-07T06:53:50+03:00,Высокая,N5K-20260907-702,new_5000
N5K-0705-001,N5K-0705-001-E01,SIGNAL_DATE,Вакансия Руководитель отдела маркетинга компании Гриль №1 опубликована 07.09.2026,https://nesiditsa.ru/vacancy/137032202,Публичное зеркало вакансии HH,2026-09-07T08:31:00+03:00,Высокая,N5K-20260907-705,new_5000
N5K-0705-001,N5K-0705-001-E02,SIGNAL_FULL_TEXT,"Полный текст вакансии содержит прямой S1 business-intent: масштабирование федеральной и франчайзинговой сети, построение системного маркетинга, участие в стратегии бизнеса, управление командой и бюджетом, прогнозирование выручки, аналитика продаж, ROMI/CAC/LTV/Retention, CRM и B2B-лидогенерация франшизы",https://nesiditsa.ru/vacancy/137032202,Публичное зеркало вакансии HH / полный текст,2026-09-07T08:31:00+03:00,Высокая,N5K-20260907-705,new_5000
N5K-0705-001,N5K-0705-001-E03,LEGAL,"ООО «ГРИЛЬ 1 ФРАНЧАЙЗИНГ» — действующее российское частное юрлицо; ИНН 2223627938, ОГРН 1192225014882. Юридический адрес — Барнаул, ул. Антона Петрова, 196А; сеть Гриль №1 использует этот адрес, а 2ГИС прямо указывает ООО «Гриль 1 Франчайзинг» и ОГРН 1192225014882 для бренда",https://www.tbank.ru/business/contractor/legal/1192225014882/,Т-Банк + 2ГИС + официальный сайт Гриль №1,2026-09-07T08:31:00+03:00,Высокая,N5K-20260907-705,new_5000
N5K-0705-001,N5K-0705-001-E04,SCALE_LPR,"Выручка ООО «ГРИЛЬ 1 ФРАНЧАЙЗИНГ» за 2025 год 146,610 млн ₽. Директор и единственный участник с 24.05.2024 — Сергеева Анастасия Николаевна",https://www.tbank.ru/business/contractor/legal/1192225014882/,Т-Банк + B2B.House,2026-09-07T08:31:00+03:00,Высокая,N5K-20260907-705,new_5000
N5K-0705-001,N5K-0705-001-E05,CONTACT,Официальный сайт Гриль №1 публикует корпоративный телефон +7 (3852) 57-17-76 и email feedback@grill1.org; контакты используются только как company-level маршруты и не приписываются директору,https://grill1.org/,Официальный сайт Гриль №1,2026-09-07T08:31:00+03:00,Высокая,N5K-20260907-705,new_5000
N5K-0706-001,N5K-0706-001-E01,SIGNAL_DATE,Вакансия «Руководитель отдела продаж металлоконструкций 200-500к» компании ГК ОРЛИНК датирована 06.09.2026,https://jobrun.ru/%D1%80%D1%83%D0%BA%D0%BE%D0%B2%D0%BE%D0%B4%D0%B8%D1%82%D0%B5%D0%BB%D1%8C-%D0%BE%D1%82%D0%B4%D0%B5%D0%BB%D0%B0-%D0%BB%D0%BE%D0%B3%D0%B8%D1%81%D1%82%D0%B8%D0%BA%D0%B8-%D0%BC%D1%83%D0%BB%D1%8C%D1%82%D0%B8%D0%BC%D0%BE%D0%B4%D0%B0%D0%BB%D1%8C%D0%BD%D1%8B%D0%B5-%D0%BF%D0%B5%D1%80%D0%B5%D0%B2%D0%BE%D0%B7%D0%BA%D0%B8-%D1%80%D0%B0%D0%B1%D0%BE%D1%82%D0%B0/%D0%BA%D0%BE%D0%BC%D0%BF-%D0%B3%D0%BA,JobRun / HH mirror,2026-09-07T08:56:00+03:00,Высокая,N5K-20260907-706,new_5000
N5K-0706-001,N5K-0706-001-E02,SIGNAL_FULL_TEXT,"Полный текст вакансии содержит прямой S1 business-intent: усиление блока продаж, построение отдела с нуля, воронка, регламенты, скрипты, CRM, KPI, каналы поступления лидов, проектные B2B-продажи и ответственность за валовую прибыль",https://dreamjob.ru/employers/3236956/vakansii/136575896,"DreamJob / вакансия HH, полный текст",2026-09-07T08:56:00+03:00,Высокая,N5K-20260907-706,new_5000
N5K-0706-001,N5K-0706-001-E03,LEGAL,"Официальный раздел реквизитов подтверждает точное юрлицо ООО «ГРУППА КОМПАНИЙ ОРЛИНК», ИНН 7715431248, ОГРН 1147746502727, адрес ул. Вавилова 2/1; независимые контрагентские источники подтверждают действующий статус",https://orlink.ru/company/requisites/,Официальный сайт ГК ОРЛИНК + Точка + Reputation,2026-09-07T08:56:00+03:00,Высокая,N5K-20260907-706,new_5000
N5K-0706-001,N5K-0706-001-E04,SCALE_LPR,"Выручка ООО «ГК ОРЛИНК» за 2025 год составляет 196,39 млн ₽; генеральный директор и единственный участник — Балясов Вячеслав Сергеевич. Вакансия дополнительно указывает оборот компании 600 млн ₽ и мощности 12 000 тонн металлоконструкций в год",https://b2b.house/company/OOO-GK-ORLINK_0a0abaaa-0514-46dd-9f5a-c9e3df7b7cba/,B2B.House + официальный сайт + вакансия,2026-09-07T08:56:00+03:00,Высокая,N5K-20260907-706,new_5000
N5K-0706-001,N5K-0706-001-E05,CONTACT,Официальный сайт публикует прямой рабочий email генерального директора v.balyasov@orlink.ru и корпоративный телефон +7 (499) 703-07-43; email привязан к карточке Балясова Вячеслава Сергеевича,https://orlink.ru/,Официальный сайт ГК ОРЛИНК,2026-09-07T08:56:00+03:00,Высокая,N5K-20260907-706,new_5000
N5K-0710-001,N5K-0710-001-E01,SIGNAL_DATE,Вакансия «Руководитель отдела продаж» компании РЯД-Сервис датирована 07.09.2026,https://nesiditsa.ru/vacancy/136974156,HH mirror / Не сидится,2026-09-07T10:01:43+03:00,Высокая,N5K-20260907-710,new_5000
N5K-0710-001,N5K-0710-001-E02,SIGNAL_FULL_TEXT,"Полный текст вакансии подтверждает прямой S1 business-intent: развитие направления продаж, управление и развитие команды, поиск новых ключевых клиентов и партнёров, увеличение продаж и конверсии, CRM Битрикс24 и аналитика",https://nesiditsa.ru/vacancy/136974156,HH mirror / полный текст вакансии,2026-09-07T10:01:43+03:00,Высокая,N5K-20260907-710,new_5000
N5K-0710-001,N5K-0710-001-E03,LEGAL,"Адрес работодателя в вакансии совпадает с юридическим адресом действующего ООО «РЯД-СЕРВИС»; официальный сайт rcold.ru и 2ГИС связывают торгово-сервисную фирму РЯД-Сервис с этим адресом и сайтом; ИНН 2224001580, ОГРН 1022201526423",https://rcold.ru/,Официальный сайт rcold.ru + 2ГИС + Точка,2026-09-07T10:01:43+03:00,Высокая,N5K-20260907-710,new_5000
N5K-0710-001,N5K-0710-001-E04,SCALE_LPR,"Выручка ООО «РЯД-СЕРВИС» за 2024 год составляет 554,667 млн ₽; компания действует; с 14.01.2026 генеральный директор и 100% учредитель — Ратанин Артём Геннадьевич",https://check.tochka.com/company/1022201526423/,Точка + РБК Компании,2026-09-07T10:01:43+03:00,Высокая,N5K-20260907-710,new_5000
N5K-0710-001,N5K-0710-001-E05,CONTACT,Официальный сайт публикует корпоративные маршруты +7 (800) 250-59-79 и info@holod22.ru; контакты не приписываются лично генеральному директору,https://rcold.ru/,Официальный сайт rcold.ru,2026-09-07T10:01:43+03:00,Высокая,N5K-20260907-710,new_5000
N5K-0712-001,N5K-0712-001-E01,SIGNAL_DATE,Вакансия «Руководитель отдела активных продаж (РОП) — Telecom» компании СМС ЛИДС датирована 04.09.2026,https://vgorode.moscow/rabota/vakansiya-136467137/,HH mirror / Vgorode.Moscow,2026-09-07T10:55:56+03:00,Высокая,N5K-20260907-712,new_5000
N5K-0712-001,N5K-0712-001-E02,SIGNAL_FULL_TEXT,"Полный текст вакансии подтверждает прямой S1 business-intent: запуск активных B2B-продаж с нуля, поиск крупных клиентов и выход на ЛПР, формирование команды, построение процессов и воронки, управление коммерческими показателями, ответственность за выручку и маржинальность",https://vgorode.moscow/rabota/vakansiya-136467137/,HH mirror / полный текст вакансии,2026-09-07T10:55:56+03:00,Высокая,N5K-20260907-712,new_5000
N5K-0712-001,N5K-0712-001-E03,LEGAL,"Официальный сайт SMSLeads прямо указывает ООО «СМС ЛИДС», ИНН 9701243086 и ОГРН 1237700191123; адрес вакансии Москва, Пресненская набережная, 12 совпадает с адресом юрлица",https://smsleads.ru/,Официальный сайт SMSLeads,2026-09-07T10:55:56+03:00,Высокая,N5K-20260907-712,new_5000
N5K-0712-001,N5K-0712-001-E04,SCALE_LPR,"ООО «СМС ЛИДС» действует; выручка за 2025 год 1,38786 млрд ₽; директор Юсупов Озод Азимович; 100% учредитель Никитенко Дмитрий Викторович",https://companies.rbc.ru/id/1237700191123-obschestvo-s-ogranichennoj-otvetstvennostyu-sms-lids/,РБК Компании + Фирмотека + ЗаЧестныйБизнес,2026-09-07T10:55:56+03:00,Высокая,N5K-20260907-712,new_5000
N5K-0712-001,N5K-0712-001-E05,CONTACT,Официальный сайт публикует корпоративные маршруты +7 (903) 405-96-94 и info@smsleads.ru; контакты не приписываются лично директору,https://smsleads.ru/,Официальный сайт SMSLeads,2026-09-07T10:55:56+03:00,Высокая,N5K-20260907-712,new_5000
N5K-0715-001,N5K-0715-001-E01,SIGNAL_DATE,Вакансия «Руководитель отдела продаж» компании ЧКЗ-ЮГ актуальна 07.09.2026,https://dreamjob.ru/employers/663615/vakansii/136561944,HH mirror / DreamJob,2026-09-07T12:03:00+03:00,Высокая,N5K-20260907-715,new_5000
N5K-0715-001,N5K-0715-001-E02,SIGNAL_FULL_TEXT,"Полный текст вакансии подтверждает прямой S1 business-intent: вывести продажи на новый уровень; разработать стратегию увеличения реализации промышленного оборудования; построить и оптимизировать воронку, стандарты, регламенты и бизнес-процессы; контролировать KPI и выполнять планы по выручке и прибыли",https://dreamjob.ru/employers/663615/vakansii/136561944,HH mirror / DreamJob / полный текст вакансии,2026-09-07T12:03:00+03:00,Высокая,N5K-20260907-715,new_5000
N5K-0715-001,N5K-0715-001-E03,LEGAL,"Официальный сайт ЧКЗ-ЮГ прямо указывает ИНН 2312170072, ОГРН 1102312002506, юридический адрес и подтверждает деятельность официального дилера ЧКЗ",https://chkz-ug.ru/,Официальный сайт ЧКЗ-ЮГ,2026-09-07T12:03:00+03:00,Высокая,N5K-20260907-715,new_5000
N5K-0715-001,N5K-0715-001-E04,SCALE_LPR,"ООО «ЧКЗ-ЮГ» действует; выручка за 2025 год 186,334 млн ₽; директор и единственный учредитель Решетников Андрей Владимирович",https://e-ecolog.ru/buh/2025/2312170072,Отчетность ФНС/Росстат + РБК Компании,2026-09-07T12:03:00+03:00,Высокая,N5K-20260907-715,new_5000
N5K-0715-001,N5K-0715-001-E05,CONTACT,"Официальный сайт публикует +7 (861) 298-25-45, +7 (964) 890-77-11 и info@chkz-ug.ru; контакты не приписываются лично директору",https://chkz-ug.ru/,Официальный сайт ЧКЗ-ЮГ,2026-09-07T12:03:00+03:00,Высокая,N5K-20260907-715,new_5000
N5K-0719-001,N5K-0719-001-E01,SIGNAL_DATE,Вакансия «Руководитель отдела продаж» МСТ Инжиниринг опубликована 01.09.2026,https://moskva.jobrun.ru/%D1%80%D1%83%D0%BA%D0%BE%D0%B2%D0%BE%D0%B4%D0%B8%D1%82%D0%B5%D0%BB%D1%8C-it-%D0%BE%D1%82%D0%B4%D0%B5%D0%BB%D0%B0-%D1%80%D0%B0%D0%B1%D0%BE%D1%82%D0%B0/%D0%BC-%D1%8D%D0%BB%D0%B5%D0%BA%D1%82%D1%80%D0%BE%D0%B7%D0%B0%D0%B2%D0%BE%D0%B4%D1%81%D0%BA%D0%B0%D1%8F-%D1%8D%D0%BB%D0%B5%D0%BA%D1%82%D1%80%D0%BE%D0%B7%D0%B0%D0%B2%D0%BE%D0%B4%D1%81%D0%BA%D0%B0%D1%8F-%D1%8D%D0%BB%D0%B5%D0%BA%D1%82%D1%80%D0%BE%D0%B7%D0%B0%D0%B2%D0%BE%D0%B4%D1%81%D0%BA%D0%B0%D1%8F-%D1%8D%D0%BB%D0%B5%D0%BA%D1%82%D1%80%D0%BE%D0%B7%D0%B0%D0%B2%D0%BE%D0%B4%D1%81%D0%BA%D0%B0%D1%8F,JobRun / HH mirror,2026-09-07T14:01:30+03:00,Высокая,N5K-20260907-719,new_5000
N5K-0719-001,N5K-0719-001-E02,SIGNAL_FULL_TEXT,"Полный текст вакансии подтверждает прямой S1 business-intent: построить продажи завода с нуля, загрузить резерв мощности, обработать входящий поток, запускать направление, поднимать выручку, набирать и обучать людей; собственник принимает решения напрямую",https://dreamjob.ru/employers/412338/vakansii/136857454,DreamJob / HH mirror / полный текст вакансии,2026-09-07T14:01:30+03:00,Высокая,N5K-20260907-719,new_5000
N5K-0719-001,N5K-0719-001-E03,LEGAL,Официальный сайт идентифицирует бизнес как ООО МСТ ИНЖИНИРИНГ и подтверждает производство металлоконструкций; действующее юрлицо ООО «МСТ ИНЖИНИРИНГ» имеет ИНН 5027272586 и ОГРН 1195027001960,https://msteng.ru/installation,Официальный сайт МСТ Инжиниринг + РБК Компании,2026-09-07T14:01:30+03:00,Высокая,N5K-20260907-719,new_5000
N5K-0719-001,N5K-0719-001-E04,SCALE_LPR,"ООО «МСТ ИНЖИНИРИНГ» действует; выручка за 2025 год 274,75 млн ₽; генеральный директор Тендряков Роман Александрович, он же мажоритарный собственник 70%; Чмелев Валентин Викторович владеет 30%",https://www.tbank.ru/business/contractor/legal/1195027001960/,T-Банк + РБК Компании + TenderGuru,2026-09-07T14:01:30+03:00,Высокая,N5K-20260907-719,new_5000
N5K-0719-001,N5K-0719-001-E05,CONTACT,Официальный сайт публикует +7 926 710-24-03 и zakaz@msteng.ru; контакты используются как корпоративные маршруты и не приписываются лично директору,https://msteng.ru/,Официальный сайт МСТ Инжиниринг,2026-09-07T14:01:30+03:00,Высокая,N5K-20260907-719,new_5000
N5K-0720-001,N5K-0720-001-E01,SIGNAL_DATE,Вакансия «Руководитель продаж / Head of Sales» REDSMS датирована 24.08.2026 в HH-mirror JobRun,https://moskva.jobrun.ru/%D1%80%D1%83%D0%BA%D0%BE%D0%B2%D0%BE%D0%B4%D0%B8%D1%82%D0%B5%D0%BB%D1%8C-%D0%BF%D1%80%D0%BE%D0%B4%D0%B0%D0%B6-head-of-sales-%D1%80%D0%B0%D0%B1%D0%BE%D1%82%D0%B0,JobRun / HH mirror,2026-09-07T14:55:09+03:00,Высокая,N5K-20260907-720,new_5000
N5K-0720-001,N5K-0720-001-E02,SIGNAL_FULL_TEXT,"Полный текст вакансии подтверждает прямой S1 business-intent: B2B-план продаж, ключевые переговоры, новые точки роста, анализ показателей, совершенствование процессов, CRM, развитие команды и участие в коммерческой стратегии",https://dreamjob.ru/employers/43681/vakansii/136551991,DreamJob / HH mirror / полный текст вакансии,2026-09-07T14:55:09+03:00,Высокая,N5K-20260907-720,new_5000
N5K-0720-001,N5K-0720-001-E03,LEGAL,"Официальный сайт прямо идентифицирует ООО «РЕДСМС» и публикует ИНН 7706787495, ОГРН 1137746020389; юрлицо действующее",https://redsms.ru/o-kompanii/,Официальный сайт REDSMS + Firmoteka,2026-09-07T14:55:09+03:00,Высокая,N5K-20260907-720,new_5000
N5K-0720-001,N5K-0720-001-E04,SCALE_LPR,"ООО «РЕДСМС» действует; выручка за 2025 год 891,9 млн ₽; 20 сотрудников; генеральный директор и 100% собственник — Звонов Максим Владиславович",https://firmoteka.ru/7706787495,Firmoteka / данные ФНС + Seldon,2026-09-07T14:55:09+03:00,Высокая,N5K-20260907-720,new_5000
N5K-0720-001,N5K-0720-001-E05,CONTACT,Официальный сайт публикует 8-800-7755-096 и support@redsms.ru; контакты используются только как корпоративные маршруты и не приписываются лично директору,https://redsms.ru/o-kompanii/,Официальный сайт REDSMS,2026-09-07T14:55:09+03:00,Высокая,N5K-20260907-720,new_5000
N5K-0724-001,N5K-0724-001-E01,SIGNAL_DATE,Вакансия «Руководитель отдела продаж» НЗСП опубликована 06.09.2026,https://dreamjob.ru/employers/249118/vakansii/136627215,DreamJob / HH mirror,2026-09-07T16:15:00+03:00,Высокая,N5K-20260907-724,new_5000
N5K-0724-001,N5K-0724-001-E02,SIGNAL_FULL_TEXT,"Полный текст вакансии подтверждает S1 business-intent: Bitrix24, активное привлечение крупных B2B-клиентов по России, развитие партнёрской базы, ключевые переговоры, аналитика и ответственность за план продаж",https://dreamjob.ru/employers/249118/vakansii/136627215,DreamJob / HH mirror / полный текст вакансии,2026-09-07T16:15:00+03:00,Высокая,N5K-20260907-724,new_5000
N5K-0724-001,N5K-0724-001-E03,LEGAL,"Официальный сайт идентифицирует ООО Новосибирский завод светодиодной продукции по адресу Новосибирск, ул. Горбаня, 33; независимые источники подтверждают ИНН 5406980078, ОГРН 1175476095453 и действующий статус",https://gensvet.ru/,Официальный сайт ГЕНСВЕТ + Т-Банк Бизнес + регуляторный реестр,2026-09-07T16:15:00+03:00,Высокая,N5K-20260907-724,new_5000
N5K-0724-001,N5K-0724-001-E04,SCALE_LPR,"ООО НЗСП действует; выручка за 2025 год 267,76 млн ₽; генеральный директор с 24.04.2026 и 100% собственник — Цыплаков Алексей Геннадьевич",https://xfirm.ru/company/5406980078,Xfirm + Т-Банк Бизнес,2026-09-07T16:15:00+03:00,Высокая,N5K-20260907-724,new_5000
N5K-0724-001,N5K-0724-001-E05,CONTACT,Официальный сайт публикует 8 383 248-55-48 и info@gensvet.ru; контакты используются только как корпоративные маршруты,https://gensvet.ru/,Официальный сайт ГЕНСВЕТ,2026-09-07T16:15:00+03:00,Высокая,N5K-20260907-724,new_5000
N5K-0725-001,N5K-0725-001-E01,SIGNAL_DATE,Вакансия «Руководитель коммерческого отдела» ТиграЛ опубликована 05.09.2026,https://dreamjob.ru/employers/375614/vakansii/136890755,DreamJob / HH mirror,2026-09-07T17:00:39+03:00,Высокая,N5K-20260907-725,new_5000
N5K-0725-001,N5K-0725-001-E02,SIGNAL_FULL_TEXT,"Полный текст вакансии подтверждает S1 business-intent: расширение географии, привлечение новых клиентов, рост маржинальности, ключевые переговоры, регулярная аналитика продаж, внедрение инструментов повышения эффективности и развитие команды",https://dreamjob.ru/employers/375614/vakansii/136890755,DreamJob / HH mirror / полный текст вакансии,2026-09-07T17:00:39+03:00,Высокая,N5K-20260907-725,new_5000
N5K-0725-001,N5K-0725-001-E03,LEGAL,"Работодатель ТиграЛ идентифицируется как ООО «ТИГРАЛ» в Санкт-Петербурге; вакансии этого employer profile указывают базу на Новгородском проспекте 24 к2, совпадающую с ранее опубликованным адресом действующего ООО «ТИГРАЛ» ИНН 7810887217 / ОГРН 1127847551567; независимые регистрационные источники подтверждают действующий статус",https://companies.rbc.ru/id/1127847551567-ooo-tigral/,DreamJob employer profile + РБК Компании + SPARK-Интерфакс,2026-09-07T17:00:39+03:00,Высокая,N5K-20260907-725,new_5000
N5K-0725-001,N5K-0725-001-E04,SCALE_LPR,"ООО «ТИГРАЛ» действует; выручка за 2025 год 1 878,156 млн ₽; генеральный директор и 100% собственник — Ганеев Тагир Минигазимович",https://companies.rbc.ru/id/1127847551567-ooo-tigral/,РБК Компании + SPARK-Интерфакс,2026-09-07T17:00:39+03:00,Высокая,N5K-20260907-725,new_5000
N5K-0725-001,N5K-0725-001-E05,CONTACT,Официальный сайт публикует 8 (812) 677-10-41 и info@tigral.me; контакты используются только как корпоративные маршруты,https://tigral.me/sibir/,Официальный сайт ТиграЛ,2026-09-07T17:00:39+03:00,Высокая,N5K-20260907-725,new_5000
N5K-0727-001,N5K-0727-001-E01,SIGNAL_DATE,"Вакансия «Руководитель отдела активных продаж (B2B, услуги)» Центра охраны труда НСС Консалт датирована 27.08.2026",https://moskva.jobrun.ru/%D1%80%D1%83%D0%BA%D0%BE%D0%B2%D0%BE%D0%B4%D0%B8%D1%82%D0%B5%D0%BB%D1%8C-%D0%BE%D1%82%D0%B4%D0%B5%D0%BB%D0%B0-%D0%BF%D1%80%D0%BE%D0%B4%D0%B0%D0%B6-%D1%81%D1%82%D1%80%D0%BE%D0%B8%D1%82%D0%B5%D0%BB%D1%8C%D0%BD%D1%8B%D0%B9-b2b-%D1%80%D0%B0%D0%B1%D0%BE%D1%82%D0%B0/%D0%BC-%D0%B3%D0%BE%D0%B2%D0%BE%D1%80%D0%BE%D0%B2%D0%BE-%D1%80%D1%83%D0%BC%D1%8F%D0%BD%D1%86%D0%B5%D0%B2%D0%BE-%D1%81%D0%B0%D0%BB%D0%B0%D1%80%D1%8C%D0%B5%D0%B2%D0%BE-%D1%82%D1%80%D0%BE%D0%BF%D0%B0%D1%80%D0%B5%D0%B2%D0%BE,JobRun / HH mirror,2026-09-07T18:02:00+03:00,Высокая,N5K-20260907-727,new_5000
N5K-0727-001,N5K-0727-001-E02,SIGNAL_FULL_TEXT,"Текст роли подтверждает S1 business-intent: компания вступает в фазу активного роста и ищет лидера для усиления и масштабирования уже работающего B2B-отдела продаж, управления и развития команды и вывода коммерческой функции на новый уровень",https://dreamjob.ru/employers/198491/vakansii/132759859,DreamJob / HH mirror / полный текст той же роли,2026-09-07T18:02:00+03:00,Высокая,N5K-20260907-727,new_5000
N5K-0727-001,N5K-0727-001-E03,LEGAL,HH employer profile идентифицирует работодателя как ООО Центр охраны труда НСС Консалт; регистрационные источники подтверждают действующее ООО «ЦЕНТР ОХРАНЫ ТРУДА НСС КОНСАЛТ» ИНН 9729062393 / ОГРН 1177746219166,https://hh.ru/employer/3197053,HH employer profile + Т-Банк Бизнес + РБК Компании,2026-09-07T18:02:00+03:00,Высокая,N5K-20260907-727,new_5000
N5K-0727-001,N5K-0727-001-E04,SCALE_LPR,"ООО «ЦЕНТР ОХРАНЫ ТРУДА НСС КОНСАЛТ» действует; выручка за 2025 год 129,275 млн ₽; генеральный директор — Порочкин Дмитрий Борисович; участники: Порочкин Борис Николаевич 51% и Порочкин Дмитрий Борисович 49%",https://www.tbank.ru/business/contractor/legal/1177746219166/,Т-Банк Бизнес + B2B.house,2026-09-07T18:02:00+03:00,Высокая,N5K-20260907-727,new_5000
N5K-0727-001,N5K-0727-001-E05,CONTACT,"Официальный сайт публикует 8 (495) 212-18-51, 8 (800) 500-73-52 и info@ohranatrud.ru; в increment используются корпоративные телефон и email без приписывания их лично LPR",https://www.ohranatrud.ru/ohrana-truda/press.html,Официальный сайт НСС Консалт,2026-09-07T18:02:00+03:00,Высокая,N5K-20260907-727,new_5000
N5K-0731-001,N5K-0731-001-E01,SIGNAL_DATE,Актуальная карточка работодателя показывает вакансию «Антикризисный коммерческий директор (CCO)» от 14.08.2026; предложение остаётся в текущем списке вакансий компании,https://voronezh.cataloxy.ru/firms/vemm-vrn.ru.htm,Cataloxy,2026-09-07T19:14:00+03:00,Высокая,N5K-20260907-731,new_5000
N5K-0731-001,N5K-0731-001-E02,SIGNAL_FULL_TEXT,"Полный текст той же повторно размещаемой роли подтверждает S1 business-intent: антикризисный принцип работы коммерческого отдела, организация и управление отделом продаж, личные продажи, развитие регионов и агентской сети, знакомство с текущей ситуацией в продажах и общение с собственником",https://h.careers/job/0af35310-e48b-48e3-a697-f3d8a345a305,H.Careers / полный текст роли,2026-09-07T19:14:00+03:00,Высокая,N5K-20260907-731,new_5000
N5K-0731-001,N5K-0731-001-E03,LEGAL,"Точный работодатель ООО «ВОРОНЕЖЭЛЕВАТОРМЕЛЬМАШ» действует; ИНН 3663080736, ОГРН 1103668003570; юридические и операционные данные совпадают с брендом и адресами вакансии",https://companium.ru/id/1103668003570-voronezhehlevatormelmash,Companium + РБК Компании + Cataloxy,2026-09-07T19:14:00+03:00,Высокая,N5K-20260907-731,new_5000
N5K-0731-001,N5K-0731-001-E04,SCALE_LPR,"ООО «ВОРОНЕЖЭЛЕВАТОРМЕЛЬМАШ» действует; выручка за 2025 год 553,9 млн ₽, 55 сотрудников; директор — Матяшов Сергей Александрович; единственный учредитель — Ермашова Светлана Александровна",https://companium.ru/id/1103668003570-voronezhehlevatormelmash,Companium + ЗаЧестныйБизнес,2026-09-07T19:14:00+03:00,Высокая,N5K-20260907-731,new_5000
N5K-0731-001,N5K-0731-001-E05,CONTACT,Опубликованы практические корпоративные контакты ООО «Воронежэлеватормельмаш»: +7 (473) 239-15-91 и m1@vemm-vrn.ru; они используются как корпоративные и не приписываются лично директору,https://infra-konkurs.ru/partners,Партнерская карточка + Cataloxy,2026-09-07T19:14:00+03:00,Средняя,N5K-20260907-731,new_5000
N5K-0732-001,N5K-0732-001-E01,SIGNAL_DATE,"Вакансия «Руководитель удаленного отдела продаж / РОП (построение отдела с нуля, B2B)» опубликована 01.09.2026",https://dreamjob.ru/employers/2618872/vakansii/136266875,DreamJob,2026-09-07T19:57:00+03:00,Высокая,N5K-20260907-732,new_5000
N5K-0732-001,N5K-0732-001-E02,SIGNAL_FULL_TEXT,"Полный текст вакансии подтверждает S1 business-intent: создание нового удаленного B2B-отдела продаж с нуля, аудит лидов/CRM/воронки, найм команды, скрипты и регламенты, управление конверсией/валовой прибылью/маржой, цель 10+ млн ₽ маржи в месяц",https://dreamjob.ru/employers/2618872/vakansii/136266875,DreamJob / полный текст вакансии,2026-09-07T19:57:00+03:00,Высокая,N5K-20260907-732,new_5000
N5K-0732-001,N5K-0732-001-E03,LEGAL,"Официальная политика/согласие сайта DEEP прямо связывает бренд deepcont.com с ООО «АТЛАС», ИНН 6685178258, ОГРН 1206600048247, адресом в Екатеринбурге и корпоративным email; юрлицо действующее",https://deepcont.com/consent,Официальный сайт DEEP,2026-09-07T19:57:00+03:00,Высокая,N5K-20260907-732,new_5000
N5K-0732-001,N5K-0732-001-E04,SCALE_LPR,"ООО «АТЛАС» действует; выручка за 2025 год 321,881 млн ₽; генеральный директор и единственный учредитель — Фогель Андрей Викторович",https://companies.rbc.ru/id/1206600048247-obschestvo-s-ogranichennoj-otvetstvennostyu-shervud/,РБК Компании + Saby,2026-09-07T19:57:00+03:00,Высокая,N5K-20260907-732,new_5000
N5K-0732-001,N5K-0732-001-E05,CONTACT,Официальный сайт DEEP публикует практические корпоративные контакты +7 495 740 88 67 и sale@deepcont.com; они используются как корпоративные маршруты и не приписываются лично генеральному директору,https://deepcont.com/,Официальный сайт DEEP,2026-09-07T19:57:00+03:00,Высокая,N5K-20260907-732,new_5000
N5K-0735-001,N5K-0735-001-E01,SIGNAL_DATE,Вакансия «Коммерческий директор (CCO/Chief Commercial Officer)» John Truck опубликована на hh.ru 04.09.2026,https://www.rabota-ipoisk.ru/%D0%BA%D0%BE%D0%BC%D0%BC%D0%B5%D1%80%D1%87%D0%B5%D1%81%D0%BA%D0%B8%D0%B9-%D0%B4%D0%B8%D1%80%D0%B5%D0%BA%D1%82%D0%BE%D1%80-cco-%D1%80%D0%B0%D0%B1%D0%BE%D1%82%D0%B0,Rabota-iPoisk / hh.ru mirror,2026-09-07T22:05:00+03:00,Высокая,N5K-20260907-735,new_5000
N5K-0735-001,N5K-0735-001-E02,SIGNAL_FULL_TEXT,"Полный текст вакансии подтверждает S1 intent: агрессивный рост доли рынка, построение и руководство командой продаж, амбициозные планы, ключевые B2B-переговоры, новые коммерческие направления, масштабирование процессов и управление планом/фактом/воронкой",https://dreamjob.ru/employers/137930/vakansii/136628131,DreamJob / полный текст вакансии,2026-09-07T22:05:00+03:00,Высокая,N5K-20260907-735,new_5000
N5K-0735-001,N5K-0735-001-E03,LEGAL,"John Truck по адресу Дзержинск, Московское шоссе, 8 связан с ООО «ПТС НН», ИНН 5263092995, ОГРН 1125263004052; действующее юрлицо по тому же адресу подтверждено реестровым источником, а товарные знаки JOHN TRUCK принадлежат ООО «ПТС НН»",https://companies.rbc.ru/okved/45.32/,РБК Компании + John Truck,2026-09-07T22:05:00+03:00,Высокая,N5K-20260907-735,new_5000
N5K-0735-001,N5K-0735-001-E04,SCALE_LPR,"ООО «ПТС НН» действует; выручка около 1,88 млрд ₽; генеральный директор — Комиссаров Евгений Владимирович; независимый реестровый источник также указывает его как учредителя",https://companies.rbc.ru/okved/45.32/,РБК Компании + Xfirm,2026-09-07T22:05:00+03:00,Высокая,N5K-20260907-735,new_5000
N5K-0735-001,N5K-0735-001-E05,CONTACT,Официальные сайты John Truck публикуют практические корпоративные контакты 8 800 500 14 71 и sales@pts-nn.ru; контакты сохранены как корпоративные маршруты без приписывания лично генеральному директору,https://johntruck.ru/,Официальный сайт John Truck + официальный дилерский сайт Dongfeng John Truck,2026-09-07T22:05:00+03:00,Высокая,N5K-20260907-735,new_5000
N5K-0741-002,N5K-0741-002-E01,SIGNAL_DATE,Вакансия «Руководитель отдела холодных продаж» MAXMA опубликована 17.08.2026,https://vgorode.moscow/rabota/vakansiya-135759057/,Vgorode / HH vacancy mirror,2026-09-07T23:53:42+03:00,Высокая,N5K-20260907-741,new_5000
N5K-0741-002,N5K-0741-002-E02,SIGNAL_FULL_TEXT,"Полный текст подтверждает S1 intent: вывести направление на новый уровень, масштабировать outbound, развивать SDR, повышать конверсии и средний чек, управлять через CRM-данные и метрики, создавать новые сегменты и системно усиливать команду",https://vgorode.moscow/rabota/vakansiya-135759057/,Vgorode / полный текст вакансии,2026-09-07T23:53:42+03:00,Высокая,N5K-20260907-741,new_5000
N5K-0741-002,N5K-0741-002-E03,LEGAL,"Официальный сайт MAXMA прямо указывает ООО «Доставка покупателей», ИНН 5041206183, ОГРН 1175053011451; РБК подтверждает действующий статус и торговую марку MAXMA",https://maxma.com/,Официальный сайт MAXMA + РБК Компании,2026-09-07T23:53:42+03:00,Высокая,N5K-20260907-741,new_5000
N5K-0741-002,N5K-0741-002-E04,SCALE_LPR,"Выручка ООО «Доставка покупателей» за 2025 год 187,452 млн ₽ (+33,6% г/г); генеральный директор — Хурумов Лев Евгеньевич, также соучредитель",https://saby.ru/profile/5041206183-771801001,Saby + B2B.House,2026-09-07T23:53:42+03:00,Высокая,N5K-20260907-741,new_5000
N5K-0741-002,N5K-0741-002-E05,CONTACT,Официальный сайт MAXMA публикует +7 (499) 938-49-80 и hello@maxma.com; контакты сохранены только как корпоративные маршруты,https://maxma.com/,Официальный сайт MAXMA,2026-09-07T23:53:42+03:00,Высокая,N5K-20260907-741,new_5000
N5K-0742-001,N5K-0742-001-E01,SIGNAL_DATE,Актуальная вакансия «Менеджер по развитию в проектное бюро» ООО «МЭГЛИ ПРОЕКТ» зафиксирована как свежая 04.09.2026,https://dreamjob.ru/employers/123908/vakansii/136902398,DreamJob / HH-linked vacancy + JobVK date cross-check,2026-09-08T00:52:46+03:00,Высокая,N5K-20260908-742,new_5000
N5K-0742-001,N5K-0742-001-E02,SIGNAL_FULL_TEXT,"Полный текст подтверждает business-intent: рост клиентской базы и объёма заказов, привлечение девелоперов/застройщиков, расширение сотрудничества, переговоры с ЛПР, CRM-воронка, прогнозирование сделок, KPI и тендеры",https://dreamjob.ru/employers/123908/vakansii/136902398,DreamJob / полный текст вакансии,2026-09-08T00:52:46+03:00,Высокая,N5K-20260908-742,new_5000
N5K-0742-001,N5K-0742-001-E03,LEGAL,"ООО «МЭГЛИ ПРОЕКТ» действует; ИНН 7727787827, ОГРН 1127746748623. Адрес юрлица совпадает с адресом, опубликованным на официальном сайте MAGLY: Москва, Ленинский проспект, 32",https://companies.rbc.ru/id/1127746748623-ooo-megli-proekt/,РБК Компании + официальный сайт MAGLY,2026-09-08T00:52:46+03:00,Высокая,N5K-20260908-742,new_5000
N5K-0742-001,N5K-0742-001-E04,SCALE_LPR,"Выручка ООО «МЭГЛИ ПРОЕКТ» за 2025 год 577,982 млн ₽; генеральный директор и 100% учредитель — Макаренко Ольга Вячеславовна",https://b2b.house/company/OOO-MEGLI-PROEKT_514fde9e-8137-4315-9687-d349b66a063a/,B2B.House + T-Bank/RBC cross-check,2026-09-08T00:52:46+03:00,Высокая,N5K-20260908-742,new_5000
N5K-0742-001,N5K-0742-001-E05,CONTACT,Официальный сайт MAGLY публикует +7 (499) 520-77-80 и magly@maglyproekt.com; контакты сохранены только как корпоративные маршруты,https://maglyproekt.com/,Официальный сайт MAGLY,2026-09-08T00:52:46+03:00,Высокая,N5K-20260908-742,new_5000
N5K-0743-001,N5K-0743-001-E01,SIGNAL_DATE,Актуальная вакансия «Коммерческий директор» компании PROGRESS опубликована 02.09.2026,https://dreamjob.ru/employers/36363/vakansii/136879399,DreamJob / HH-linked vacancy,2026-09-08T01:56:51+03:00,Высокая,N5K-20260908-743,new_5000
N5K-0743-001,N5K-0743-001-E02,SIGNAL_FULL_TEXT,"Полный текст подтверждает прямой business-intent: прирост чистой прибыли, P&L, рентабельность сделок, управляемая воронка, дашборды, KPI, аудит структуры и доработки ERP/1С и CRM",https://dreamjob.ru/employers/36363/vakansii/136879399,DreamJob / полный текст вакансии,2026-09-08T01:56:51+03:00,Высокая,N5K-20260908-743,new_5000
N5K-0743-001,N5K-0743-001-E03,LEGAL,"ООО «Компания Прогресс» действует; ИНН 7810544178, ОГРН 1097847025770; юридический адрес — Санкт-Петербург, проспект Обуховской Обороны, 70 к3, совпадающий с площадкой PROGRESS",https://companies.rbc.ru/id/1097847025770-ooo-kompaniya-progress/,РБК Компании + 2ГИС/официальный сайт PROGRESS,2026-09-08T01:56:51+03:00,Высокая,N5K-20260908-743,new_5000
N5K-0743-001,N5K-0743-001-E04,SCALE_LPR,"Выручка ООО «Компания Прогресс» за 2024 год 946,901 млн ₽; организация действует; генеральный директор Железнова Екатерина Сергеевна, она же учредитель 51%",https://companies.rbc.ru/id/1097847025770-ooo-kompaniya-progress/,РБК Компании,2026-09-08T01:56:51+03:00,Высокая,N5K-20260908-743,new_5000
N5K-0743-001,N5K-0743-001-E05,CONTACT,Официальный сайт PROGRESS публикует +7 (812) 622-08-88 и info@ttcprogress.ru; контакты сохранены только как корпоративные маршруты,https://www.ttcprogress.ru/participate/,Официальный сайт PROGRESS,2026-09-08T01:56:51+03:00,Высокая,N5K-20260908-743,new_5000
N5K-0745-001,N5K-0745-001-E01,SIGNAL_DATE,Актуальная вакансия «Гроус Лид/Growth Lead» компании giper.fm опубликована 04.09.2026; HH vacancy id 137006829,https://spb.hh.ru/vacancy/137006829,HH / Digital Club Jobs mirror,2026-09-08T03:52:32+03:00,Высокая,N5K-20260908-745,new_5000
N5K-0745-001,N5K-0745-001-E02,SIGNAL_FULL_TEXT,"Полный текст подтверждает прямой business-intent: поиск новых точек роста рекламного бизнеса, запуск новых продуктов и направлений, проверка growth-гипотез и превращение успешных решений в масштабируемые продукты и новые источники выручки",https://t.me/s/digitalclubjobs,Digital Club Jobs / полный текст вакансии с HH-ссылкой,2026-09-08T03:52:32+03:00,Высокая,N5K-20260908-745,new_5000
N5K-0745-001,N5K-0745-001-E03,LEGAL,"Официальный сайт giper.fm указывает юридическое лицо ООО «Гипер», ИНН 7813122311, ОГРН 1037828023056, адрес Санкт-Петербург, ул. Шереметьевская, д.13 лит. А, офис 502; реестровые источники подтверждают действующий статус и частную форму собственности",https://giper.fm/contacts,Официальный сайт giper.fm + ЕГРЮЛ/Companium,2026-09-08T03:52:32+03:00,Высокая,N5K-20260908-745,new_5000
N5K-0745-001,N5K-0745-001-E04,SCALE_LPR,"ООО «ГИПЕР» действует; выручка около 31,4 млрд ₽ за 2025; 366 сотрудников; управляющий ИП и крупнейший учредитель 98% — Плаксин Максим Георгиевич, которого официальный сайт giper.fm называет CEO & Founder",https://companium.ru/id/1037828023056-giper,Companium + официальный сайт giper.fm,2026-09-08T03:52:32+03:00,Высокая,N5K-20260908-745,new_5000
N5K-0745-001,N5K-0745-001-E05,CONTACT,Официальный сайт giper.fm публикует +7 (812) 332-16-44 и office@giper.fm для сотрудничества; контакты сохранены только как корпоративные маршруты,https://giper.fm/contacts,Официальный сайт giper.fm,2026-09-08T03:52:32+03:00,Высокая,N5K-20260908-745,new_5000
N5K-0746-003,N5K-0746-003-E01,SIGNAL_DATE,Вакансия Head of Sales OPENCITY размещена 11.08.2026,https://nesiditsa.ru/vacancy/136141553,HH mirror,2026-09-08T04:54:19+03:00,Высокая,N5K-20260908-746,new_5000
N5K-0746-003,N5K-0746-003-E02,SIGNAL_FULL_TEXT,Полный текст указывает перестройку и масштабирование отдела продаж и задачу собрать управляемую систему конверсии лидов в сделки,https://dreamjob.ru/employers/172606/vakansii/136141553,Dream Job,2026-09-08T04:54:19+03:00,Высокая,N5K-20260908-746,new_5000
N5K-0746-003,N5K-0746-003-E03,LEGAL,Домклик связывает OPENCITY с ООО ОПЕН СИТИ ИНН 7743343709; РБК подтверждает ОГРН 1207700251340 и действующий статус,https://agencies.domclick.ru/agency/293986,Домклик и РБК,2026-09-08T04:54:19+03:00,Высокая,N5K-20260908-746,new_5000
N5K-0746-003,N5K-0746-003-E04,SCALE_LPR,"Юрлицо действует; выручка 253,2 млн ₽ за 2025; директор и единственный учредитель Дружинин Евгений Айдынович",https://companium.ru/id/1207700251340-open-siti,Companium,2026-09-08T04:54:19+03:00,Высокая,N5K-20260908-746,new_5000
N5K-0746-003,N5K-0746-003-E05,CONTACT,Официальный сайт публикует +7 (495) 106-62-66; официальный Telegram публикует корпоративный маршрут opencity_manager,https://theopencity.ru/,Официальные каналы OPENCITY,2026-09-08T04:54:19+03:00,Высокая,N5K-20260908-746,new_5000
N5K-0749-001,N5K-0749-001-E01,SIGNAL_DATE,Актуальный листинг вакансии Account Director / New business Director / Руководитель отдела продаж у Мастерминд датирован 06.09.2026 на HH-зеркале,https://www.rabota-ipoisk.ru/account-director-%D1%80%D0%B0%D0%B1%D0%BE%D1%82%D0%B0-%D0%B2-%D0%BC%D0%BE%D1%81%D0%BA%D0%B2%D0%B0,Работа и поиск / HH mirror,2026-09-08T06:18:00+03:00,Высокая,N5K-20260908-749,new_5000
N5K-0749-001,N5K-0749-001-E02,SIGNAL_FULL_TEXT,"Полный текст вакансии требует масштабирования, передачи лидеру продаж и тендеров, построения предсказуемой прозрачной системы, потока новых контрактов при плановой рентабельности и контроля метрик в реальном времени",https://dreamjob.ru/employers/247552/vakansii/136071777,DreamJob / HH mirror,2026-09-08T06:18:00+03:00,Высокая,N5K-20260908-749,new_5000
N5K-0749-001,N5K-0749-001-E03,LEGAL,"HH-профиль работодателя ООО Мастерминд напрямую связывает рекламное агентство Mastermind с сайтом btlkazan.ru и владельцем Марселем Валиевым; реестровый профиль ООО МАСТЕРМИНД подтверждает ИНН 1655295100 и ОГРН 1141690042790, того же руководителя/владельца и рекламную деятельность",https://hh.ru/employer/830256,HeadHunter + РБК Компании,2026-09-08T06:18:00+03:00,Высокая,N5K-20260908-749,new_5000
N5K-0749-001,N5K-0749-001-E04,SCALE_LPR,"ООО МАСТЕРМИНД действует; выручка за 2025 год 244,970 млн ₽; генеральный директор и единственный учредитель — Валиев Марсель Камилович",https://companies.rbc.ru/id/1141690042790-ooo-mastermind/,РБК Компании,2026-09-08T06:18:00+03:00,Высокая,N5K-20260908-749,new_5000
N5K-0749-001,N5K-0749-001-E05,CONTACT,Официальный сайт Mastermind публикует +7 906 111-55-10 и promo@btlkazan.ru как корпоративные контакты и указывает Марселя Валиева генеральным директором,https://btlkazan.ru/,Официальный сайт Mastermind,2026-09-08T06:18:00+03:00,Высокая,N5K-20260908-749,new_5000
N5K-0750-001,N5K-0750-001-E01,SIGNAL_DATE,Актуальный листинг вакансии Руководитель отдела продаж у ТД ИТО-Туламаш виден в текущей выдаче 08.09.2026; зеркала HH показывают вакансию как свежую/актуальную,https://dreamjob.ru/employers/364508/vakansii/136768867,DreamJob / HH mirror,2026-09-08T06:57:00+03:00,Высокая,N5K-20260908-750,new_5000
N5K-0750-001,N5K-0750-001-E02,SIGNAL_FULL_TEXT,"Полный текст вакансии требует операционного управления отделом продаж, набора и обучения новых менеджеров, разработки мотивации, устойчивого роста продаж, стратегии развития продаж по направлениям/рынкам/продуктам, развития клиентской базы и переговоров с ЛПР по крупным сделкам",https://nesiditsa.ru/vacancy/134611946,Несидится / HH mirror,2026-09-08T06:57:00+03:00,Высокая,N5K-20260908-750,new_5000
N5K-0750-001,N5K-0750-001-E03,LEGAL,"Вакансия и официальный сайт используют точное наименование ООО ТД ИТО-Туламаш; реестровые профили подтверждают действующее ООО ТД ИТО-ТУЛАМАШ, ИНН 7719465230, ОГРН 1177746074318",https://www.tbank.ru/business/contractor/legal/1177746074318/,Т-Банк Бизнес + официальный сайт,2026-09-08T06:57:00+03:00,Высокая,N5K-20260908-750,new_5000
N5K-0750-001,N5K-0750-001-E04,SCALE_LPR,"ООО ТД ИТО-ТУЛАМАШ действует и относится к среднему бизнесу; подтвержденная выручка 424,3 млн ₽; генеральный директор Бурдак Сергей Викторович, он же совладелец 42,86%",https://companies.rbc.ru/id/1177746074318-ooo-torgovyij-dom-ito-tulamash/,РБК Компании + Т-Банк Бизнес,2026-09-08T06:57:00+03:00,Высокая,N5K-20260908-750,new_5000
N5K-0750-001,N5K-0750-001-E05,CONTACT,Официальный сайт ТД ИТО-Туламаш публикует +7 495 935-70-94 и info@itotulamash.ru как корпоративные контакты,https://itotulamash.ru/contakts,Официальный сайт ТД ИТО-Туламаш,2026-09-08T06:57:00+03:00,Высокая,N5K-20260908-750,new_5000
N5K-0753-001,N5K-0753-001-E01,SIGNAL_DATE,Вакансия Коммерческий директор B&B Кондитерской фабрики размещена 02.09.2026,https://nesiditsa.ru/vacancy/136499680,Несидится / HH mirror,2026-09-08T09:02:00+03:00,Высокая,N5K-20260908-753,new_5000
N5K-0753-001,N5K-0753-001-E02,SIGNAL_FULL_TEXT,"Полный текст вакансии указывает ответственность за все каналы продаж РФ и экспорт, клиентский сервис и транспортную логистику; ключевая цель — масштабирование бизнеса через развитие новых каналов и вывод на рынок новых продуктов",https://svoevagro.ru/vacancies/2136499680,Своё / агрегатор вакансии,2026-09-08T09:02:00+03:00,Высокая,N5K-20260908-753,new_5000
N5K-0753-001,N5K-0753-001-E03,LEGAL,"Вакансия прямо называет Подольскую кондитерскую фабрику АО «БИ-ЭНД-БИ (B&B)»; официальный сайт и независимый реестровый профиль подтверждают АО «БИ-ЭНД-БИ (В&В)», ИНН 5036002297, ОГРН 1035007205221",https://beandbe.ru/kontaktyi.html,Официальный сайт B&B + РБК Компании,2026-09-08T09:02:00+03:00,Высокая,N5K-20260908-753,new_5000
N5K-0753-001,N5K-0753-001-E04,SCALE_LPR,"АО «БИ-ЭНД-БИ (В&В)» действует; ОКФС 16; 334 сотрудника; выручка за 2024 год 2,581676 млрд ₽; управляющий — индивидуальный предприниматель Шкурский Виталий Васильевич",https://companies.rbc.ru/id/1035007205221-ao-bi-end-bi-v-and-v/,РБК Компании,2026-09-08T09:02:00+03:00,Высокая,N5K-20260908-753,new_5000
N5K-0753-001,N5K-0753-001-E05,CONTACT,"Официальный сайт B&B публикует +7 (495) 542-40-43 и info@beandbe.ru как корпоративные контакты, а также отдельные маршруты региональных и экспортных продаж",https://beandbe.ru/kontaktyi.html,Официальный сайт B&B,2026-09-08T09:02:00+03:00,Высокая,N5K-20260908-753,new_5000
N5K-0756-001,N5K-0756-001-E01,SIGNAL_DATE,Вакансия Руководитель тендерного отдела/руководитель коммерческого направления компании работодателя Актив-Б опубликована 31.08.2026,https://dreamjob.ru/employers/2693215/vakansii/136765716,Dream Job / HH,2026-09-08T10:03:00+03:00,Высокая,N5K-20260908-756,new_5000
N5K-0756-001,N5K-0756-001-E02,SIGNAL_FULL_TEXT,"Полный текст вакансии требует вывести коммерческое направление на новый уровень, открыть прямые продажи промышленного оборудования, сформировать отдел с нуля/развить команду, внедрить KPI и CRM и вести план/факт аналитику по победам, выручке и маржинальности; роль работает напрямую с собственником",https://dreamjob.ru/employers/2693215/vakansii/136765716,Dream Job / HH,2026-09-08T10:03:00+03:00,Высокая,N5K-20260908-756,new_5000
N5K-0756-001,N5K-0756-001-E03,LEGAL,"Вакансия называет работодателя Актив-Б и адрес Самара, ул. Галактионовская, 106А; актуальные реестровые профили подтверждают точное ООО «АКТИВ-Б», ИНН 5602023886, ОГРН 1155658020627, по адресу ул. Галактионовская, д. 106А, помещение Н4",https://www.tbank.ru/business/contractor/legal/1155658020627/,Т-Банк Бизнес + Dream Job/HH,2026-09-08T10:03:00+03:00,Высокая,N5K-20260908-756,new_5000
N5K-0756-001,N5K-0756-001-E04,SCALE_LPR,"ООО «АКТИВ-Б» действует; выручка за 2025 год 641,47 млн ₽, среднесписочная численность 18; директор и единственный учредитель — Гошовский Иван Михайлович",https://b2b.house/company/OOO-AKTIV-B_bd1d9cb6-f8b6-4618-9f48-a4608cb9e6a0/,B2B.House + Т-Банк Бизнес,2026-09-08T10:03:00+03:00,Высокая,N5K-20260908-756,new_5000
N5K-0756-001,N5K-0756-001-E05,CONTACT,Для точного ООО «АКТИВ-Б» опубликован корпоративный email aktiv.b63@gmail.com; свежая вакансия также предоставляет действующий быстрый маршрут отклика через hh.ru,https://zachestnyibiznes.ru/company/ul/1155658020627_5602023886_OOO-AKTIV-B,ЗаЧестныйБизнес + Dream Job/HH,2026-09-08T10:03:00+03:00,Средняя,N5K-20260908-756,new_5000
N5K-0757-001,N5K-0757-001-E01,SIGNAL_DATE,Вакансия «Директор по развитию региональных продаж» работодателя ВЭЛМО РУС опубликована 13.08.2026 и доступна как действующая вакансия с быстрым откликом через hh.ru.,https://dreamjob.ru/employers/2323732/vakansii/136201519,Dream Job / HH,2026-09-08T10:57:36+03:00,Высокая,N5K-20260908-757,new_5000
N5K-0757-001,N5K-0757-001-E02,SIGNAL_FULL_TEXT,"Полный текст вакансии прямо говорит о запуске нового направления, выводе нового бренда на рынок и построении дилерской сети с нуля по всей России; включает стратегический план, переговоры с владельцами/топ-менеджерами и контроль KPI.",https://dreamjob.ru/employers/2323732/vakansii/136201519,Dream Job / HH,2026-09-08T10:57:36+03:00,Высокая,N5K-20260908-757,new_5000
N5K-0757-001,N5K-0757-001-E03,LEGAL,"Официальные дилерские страницы идентифицируют ООО «ВЭЛМО РУС», ИНН 9729168255, ОГРН 5177746220097, и связывают его с брендом/сайтом valmo-rus.ru; юрлицо действует.",https://lcv-dongfeng.ru/contacts/chuvashskaya-respublika/,Dongfeng + реестровые источники,2026-09-08T10:57:36+03:00,Высокая,N5K-20260908-757,new_5000
N5K-0757-001,N5K-0757-001-E04,SCALE_LPR,"ООО «ВЭЛМО РУС» действует; выручка за 2025 год около 4,21 млрд ₽, 56 сотрудников; учредитель — Булдаков Антон Николаевич, генеральный директор с 07.07.2026 — Валитова Зарина Талгатовна.",https://reputation.ru/ogrn/5177746220097,Reputation.ru + Т-Банк Бизнес,2026-09-08T10:57:36+03:00,Высокая,N5K-20260908-757,new_5000
N5K-0757-001,N5K-0757-001-E05,CONTACT,Для точного ООО «ВЭЛМО РУС» опубликован телефон 8 (800) 777-54-29; корпоративный email sp@valmo.trade опубликован на дилерских страницах; вакансия даёт действующий маршрут отклика.,https://shacman.ru/service/,SHACMAN / Dongfeng / Dream Job,2026-09-08T10:57:36+03:00,Высокая,N5K-20260908-757,new_5000
N5K-0757-002,N5K-0757-002-E01,SIGNAL_DATE,Свежий листинг вакансии «Директор по развитию региональных сетей» работодателя СИМБАТ датирован 04.09.2026 в актуальном агрегированном HH-потоке и остаётся доступен через Dream Job/HH.,https://jobrun.ru/%D0%B4%D0%B8%D1%80%D0%B5%D0%BA%D1%82%D0%BE%D1%80-%D0%BF%D0%BE-%D1%80%D0%B0%D0%B7%D0%B2%D0%B8%D1%82%D0%B8%D1%8E-%D1%80%D0%B5%D0%B3%D0%B8%D0%BE%D0%BD%D0%B0%D0%BB%D1%8C%D0%BD%D1%8B%D1%85-%D1%81%D0%B5%D1%82%D0%B5%D0%B9-%D1%81%D0%B5%D1%82%D0%B8-%D0%B4%D0%B8%D1%81%D0%BA%D0%B0%D1%83%D0%BD%D1%82%D0%B5%D1%80%D1%8B-%D1%80%D0%B0%D0%B1%D0%BE%D1%82%D0%B0,JobRun / HH + Dream Job,2026-09-08T10:57:36+03:00,Высокая,N5K-20260908-757,new_5000
N5K-0757-002,N5K-0757-002-E02,SIGNAL_FULL_TEXT,"Полный текст вакансии требует усилить коммерческий блок, реализовать стратегию, привлекать сетевых клиентов в Москве и регионах, развивать продажи по существующей базе и внедрять мероприятия для увеличения объёмов продаж; требуется опыт входа в сети с нуля.",https://dreamjob.ru/employers/45584/vakansii/136738380,Dream Job / HH,2026-09-08T10:57:36+03:00,Высокая,N5K-20260908-757,new_5000
N5K-0757-002,N5K-0757-002-E03,LEGAL,"Отраслевые источники связывают бренд «Симбат», сайты simbat.ru/igr.ru и точное ООО «СИМБАТ», ИНН 7731351857, ОГРН 1177746227306; юрлицо действует.",https://kidsoboz.ru/firms/485223/user_top100/,KidsOboz + РБК Компании,2026-09-08T10:57:36+03:00,Высокая,N5K-20260908-757,new_5000
N5K-0757-002,N5K-0757-002-E04,SCALE_LPR,"ООО «СИМБАТ» действует; выручка за 2025 год 7,501733 млрд ₽; генеральный директор — Круковский Иван Михайлович; учредители — Сидорова Елена Михайловна 51% и Пасечная Наталья Александровна 49%.",https://companies.rbc.ru/id/1177746227306-ooo-simbat/,РБК Компании + реестровые источники,2026-09-08T10:57:36+03:00,Высокая,N5K-20260908-757,new_5000
N5K-0757-002,N5K-0757-002-E05,CONTACT,Для точного ООО «СИМБАТ» опубликован корпоративный телефон +7 (495) 933-27-02 и корпоративный email info@igr.ru; вакансия предоставляет действующий маршрут отклика через HH.,https://kidsoboz.ru/firms/485223/user_top100/,KidsOboz + АКГИ + Dream Job,2026-09-08T10:57:36+03:00,Средняя,N5K-20260908-757,new_5000
N5K-0764-001,N5K-0764-001-E01,SIGNAL_DATE,Вакансия «Руководитель отдела продаж (электронная торговая площадка В2В)» работодателя Группа компаний ПроАгро обновлена 07.09.2026.,https://svoevagro.ru/vacancies/2137068509,HH mirror / Своё Агро,2026-09-08T12:56:45+03:00,Высокая,N5K-20260908-764,new_5000
N5K-0764-001,N5K-0764-001-E02,SIGNAL_FULL_TEXT,"Полный текст вакансии требует аудита существующего продукта, технической составляющей, структуры, продвижения, работы с клиентами и CRM; подготовки предложений по развитию продаж, планирования, прогнозирования и аналитической работы.",https://svoevagro.ru/vacancies/2137068509,HH mirror / Своё Агро,2026-09-08T12:56:45+03:00,Высокая,N5K-20260908-764,new_5000
N5K-0764-001,N5K-0764-001-E03,LEGAL,"АО «ГРУППА КОМПАНИЙ «ПРОАГРО» действует; ИНН 7702390570, ОГРН 1157746875109. Официальные сайты группы публикуют те же бренд и реквизиты/контакты.",https://www.proagro.su/,официальный сайт ПроАгро + РБК Компании,2026-09-08T12:56:45+03:00,Высокая,N5K-20260908-764,new_5000
N5K-0764-001,N5K-0764-001-E04,SCALE_LPR,АО «ГРУППА КОМПАНИЙ «ПРОАГРО» — среднее предприятие; выручка за 2025 год 1 231 110 000 ₽. Генеральный директор и учредитель — Квасов Владимир Николаевич.,https://companies.rbc.ru/id/1157746875109-ao-gruppa-kompanij-proagro/,РБК Компании,2026-09-08T12:56:45+03:00,Высокая,N5K-20260908-764,new_5000
N5K-0764-001,N5K-0764-001-E05,CONTACT,Официальный сайт группы публикует +7 (495) 777-39-24 и info@proagro.su; вакансия даёт действующий маршрут отклика. Контакты не приписываются лично CEO.,https://www.proagro.su/kontakty/,официальный сайт ПроАгро + HH mirror,2026-09-08T12:56:45+03:00,Высокая,N5K-20260908-764,new_5000
N5K-0768-001,N5K-0768-001-E01,SIGNAL_DATE,Вакансия «Руководитель службы координаторов лечения/руководитель отдела продаж» работодателя Dental Way в Мытищах обновлена 07.09.2026.,https://svoevagro.ru/vacancies/2136296845,HH mirror / Своё Агро,2026-09-08T14:14:00+03:00,Высокая,N5K-20260908-768,new_5000
N5K-0768-001,N5K-0768-001-E02,SIGNAL_FULL_TEXT,"Полный текст вакансии требует обеспечения плана продаж, контроля качества консультаций и переговоров, найма/развития команды, планёрок и аттестаций, индивидуальных планов развития, обучения отдела продаж и соблюдения стандартов работы сети.",https://svoevagro.ru/vacancies/2136296845,HH mirror / Своё Агро,2026-09-08T14:14:00+03:00,Высокая,N5K-20260908-768,new_5000
N5K-0768-001,N5K-0768-001-E03,LEGAL,"Официальный раздел лицензий Dental Way привязывает клинику в Мытищах по адресу ул. Станционная, стр. 7 к ООО «ЦИФРОВАЯ СТОМАТОЛОГИЯ», ИНН 5029249293, ОГРН 1195081063462. Юрлицо действует.",https://dentalway.ru/licenses/,официальный сайт Dental Way + Т-Банк,2026-09-08T14:14:00+03:00,Высокая,N5K-20260908-768,new_5000
N5K-0768-001,N5K-0768-001-E04,SCALE_LPR,"Выручка ООО «ЦИФРОВАЯ СТОМАТОЛОГИЯ» за 2025 год 228,19 млн ₽; 32 сотрудника. Генеральный директор — Лобейко Антон Владимирович; учредители: Тимофеев Дмитрий Евгеньевич 70%, Лобейко Антон Владимирович 30%.",https://www.tbank.ru/business/contractor/legal/1195081063462/,Т-Банк + Saby/Xfirm,2026-09-08T14:14:00+03:00,Высокая,N5K-20260908-768,new_5000
N5K-0768-001,N5K-0768-001-E05,CONTACT,Официальный раздел лицензий Dental Way публикует для клиники в Мытищах +7 (495) 186-67-32 и info@dentalway.ru. Контакты не приписываются лично CEO.,https://dentalway.ru/licenses/,официальный сайт Dental Way,2026-09-08T14:14:00+03:00,Высокая,N5K-20260908-768,new_5000
N5K-0771-001,N5K-0771-001-E01,SIGNAL_DATE,Вакансия «Директор дивизиона «Юг»» работодателя Мустанг Технологии Кормления обновлена 03.09.2026.,https://svoevagro.ru/vacancies/2136928592,HH mirror / Своё Агро,2026-09-08T14:53:42+03:00,Высокая,N5K-20260908-771,new_5000
N5K-0771-001,N5K-0771-001-E02,SIGNAL_FULL_TEXT,"Полный текст вакансии требует управления коммерческим результатом территории как бизнесом: выполнение планов продаж и коммерческой прибыли, развитие клиентской базы и крупных клиентов, управление прибыльностью клиентского портфеля, прогнозом продаж и коммерческими рисками; отдельно требуются B2B-продажи, коммерческая аналитика и управление воронкой.",https://svoevagro.ru/vacancies/2136928592,HH mirror / Своё Агро,2026-09-08T14:53:42+03:00,Высокая,N5K-20260908-771,new_5000
N5K-0771-001,N5K-0771-001-E03,LEGAL,"ООО «МУСТАНГ ТЕХНОЛОГИИ КОРМЛЕНИЯ», ИНН 7728763032, ОГРН 1117746089845 — действующее российское частное юрлицо; exact legal name совпадает с работодателем вакансии.",https://companies.rbc.ru/amp/ogrn/1117746089845/,РБК Компании + Точка,2026-09-08T14:53:42+03:00,Высокая,N5K-20260908-771,new_5000
N5K-0771-001,N5K-0771-001-E04,SCALE_LPR,"Выручка юрлица за 2025 год около 6,27 млрд ₽; 64–66 сотрудников. Единственный учредитель — Мартыненко Алексей Анатольевич, 100%. Управление осуществляет ООО «УК «МУСТАНГ».",https://www.tbank.ru/business/contractor/legal/1117746089845/,Т-Банк + РБК Компании + Seldon,2026-09-08T14:53:42+03:00,Высокая,N5K-20260908-771,new_5000
N5K-0771-001,N5K-0771-001-E05,CONTACT,Для центрального офиса компании опубликованы корпоративный телефон и email на домене mustangtk.ru; также доступен публичный корпоративный Telegram-маршрут. Эти контакты не приписываются лично собственнику.,https://expodat.com/en/companies/company/119940-mustang-tekhnologii-kormleniya-ooo.html,публичная карточка компании + Telegram компании,2026-09-08T14:53:42+03:00,Высокая,N5K-20260908-771,new_5000
N5K-0773-001,N5K-0773-001-E01,SIGNAL_DATE,Вакансия «Коммерческий директор» ООО «ТРАНСПРОМСТРОЙ» опубликована 01.09.2026; Jobcart показывает её как свежую вакансию с активным публичным контактом.,https://jobcart.ru/job/kommercheskij-direktor-2/,Jobcart,2026-09-08T16:57:38+03:00,Высокая,N5K-20260908-773,new_5000
N5K-0773-001,N5K-0773-001-E02,SIGNAL_FULL_TEXT,"Полный текст вакансии требует разработки и реализации коммерческой стратегии, развития федеральных продаж логистических услуг, привлечения новых корпоративных заказчиков и переговоров с собственниками, генеральными, коммерческими и закупочными директорами; компания прямо связывает найм с развитием бизнеса и расширением клиентского портфеля.",https://jobcart.ru/job/kommercheskij-direktor-2/,Jobcart,2026-09-08T16:57:38+03:00,Высокая,N5K-20260908-773,new_5000
N5K-0773-001,N5K-0773-001-E03,LEGAL,"Официальный сайт публикует реквизиты ООО «ТРАНСПРОМСТРОЙ»: ИНН 7729791219, ОГРН 1147748015821, Москва. Независимые актуальные реестровые источники подтверждают, что юрлицо действует и имеет частную форму собственности.",https://transpromstroy.ru/,официальный сайт + РБК Компании + Выберу.ру,2026-09-08T16:57:38+03:00,Высокая,N5K-20260908-773,new_5000
N5K-0773-001,N5K-0773-001-E04,SCALE_LPR,"Выручка ООО «ТРАНСПРОМСТРОЙ» за 2025 год — 549 962 000 ₽; компания относится к субъектам среднего предпринимательства. Генеральный директор — Шередеко Николай Сергеевич; учредители: Орляк Анатолий Юрьевич 41%, Мухин Игорь Витальевич 22,14%, Сальников Максим Александрович 22,14%, Королев Валентин Владимирович 14,71%.",https://b2b.house/company/OOO-TRANSPROMSTROJ_9580df5e-fb8b-4952-9563-5b8e74b2dc69/,B2B.House + РБК Компании,2026-09-08T16:57:38+03:00,Высокая,N5K-20260908-773,new_5000
N5K-0773-001,N5K-0773-001-E05,CONTACT,Официальный сайт публикует корпоративные +7 (495) 975-93-68 и info@transpromstroy.ru; вакансия отдельно публикует контакт Юлии +7 (958) 578-71-68. Ни один из этих маршрутов не приписывается лично CEO или собственникам.,https://transpromstroy.ru/,официальный сайт + Jobcart,2026-09-08T16:57:38+03:00,Высокая,N5K-20260908-773,new_5000
N5K-0774-001,N5K-0774-001-E01,SIGNAL_DATE,"Свежая русскоязычная вакансия «Директор по продажам / Руководитель отдела продаж» ВЕРТРО опубликована 08.09.2026; HH показывает вакансию за последние сутки, Dreamjob — как опубликованную сегодня.",https://dreamjob.ru/employers/30215/vakansii/137058284,HH + Dreamjob,2026-09-08T17:54:35+03:00,Высокая,N5K-20260908-774,new_5000
N5K-0774-001,N5K-0774-001-E02,SIGNAL_FULL_TEXT,"Полный текст вакансии требует формировать и обучать команду, выстраивать продажи, управлять продажами промышленного вентиляционного оборудования и маркетинговыми процессами для увеличения доли рынка, выполнять плановые показатели, развивать клиентскую базу строительных, проектных и монтажных организаций и вести регулярное планирование и отчетность.",https://dreamjob.ru/employers/30215/vakansii/137058284,Dreamjob / HH vacancy mirror,2026-09-08T17:54:35+03:00,Высокая,N5K-20260908-774,new_5000
N5K-0774-001,N5K-0774-001-E03,LEGAL,"Официальный сайт ВЕРТРО публикует реквизиты ООО «ВЕРТРО»: ИНН 7728692222, ОГРН 1097746047277, Москва, генеральный директор Сибирцев Сергей Михайлович. Независимые актуальные источники подтверждают действующий статус и частных физических лиц-учредителей.",https://www.vertro.ru/rekvizity/,официальный сайт + Т-Банк + РБК Компании,2026-09-08T17:54:35+03:00,Высокая,N5K-20260908-774,new_5000
N5K-0774-001,N5K-0774-001-E04,SCALE_LPR,"Выручка ООО «ВЕРТРО» за 2025 год — 1 210 622 000 ₽; актуальные источники указывают более 100 сотрудников и категорию среднего бизнеса. Генеральный директор — Сибирцев Сергей Михайлович; учредители-физлица: Новицкий Игорь Алексеевич 30%, Басов Денис Сергеевич 28%, Панов Евгений Владимирович 21%, Карасевич Антон Валерьевич 21%.",https://www.tbank.ru/business/contractor/legal/1097746047277/,Т-Банк + РБК Компании + B2B.House,2026-09-08T17:54:35+03:00,Высокая,N5K-20260908-774,new_5000
N5K-0774-001,N5K-0774-001-E05,CONTACT,"Официальный сайт ВЕРТРО публикует корпоративные 8 (800) 707-52-56, 8 (495) 150-52-55 и info@vertro.ru. Эти маршруты не приписываются лично генеральному директору или собственникам.",https://www.vertro.ru/kontakty/,официальный сайт,2026-09-08T17:54:35+03:00,Высокая,N5K-20260908-774,new_5000
N5K-0775-001,N5K-0775-001-E01,SIGNAL_DATE,HH в выдаче свежих вакансий за последние 3 дня на 08.09.2026 показывает вакансию «Руководитель отдела продаж» прямого работодателя ООО Билдэкс в Москве; выдача доступна и проиндексирована 08.09.2026.,https://hh.ru/vacancies/rukovoditel_otdela_prodazh/za_poslednie_tri_dnya,HH,2026-09-08T18:52:54+03:00,Высокая,N5K-20260908-775,new_5000
N5K-0775-001,N5K-0775-001-E02,SIGNAL_FULL_TEXT,"Полный текст актуальной вакансии требует планировать продажи, участвовать в ценовой политике, анализировать рынок, оптимизировать и развивать каналы сбыта, вести ключевых клиентов, формировать KPI менеджеров, участвовать в найме и обучении, автоматизировать бизнес-процессы; отдельно требуется уверенное владение CRM, настройка воронки продаж и автоматизация бизнес-процессов.",https://2gis.ru/moscow/firm/4504127908940887/tab/vacancies,2ГИС / HH vacancy mirror,2026-09-08T18:52:54+03:00,Высокая,N5K-20260908-775,new_5000
N5K-0775-001,N5K-0775-001-E03,LEGAL,"Актуальные реестровые источники подтверждают действующее ООО «БИЛДЭКС»: ИНН 3705061495, ОГРН 1063705002272, производство строительных металлических конструкций; официальный сайт компании — bildex.ru. Генеральный директор — Марков Константин Эдуардович.",https://zachestnyibiznes.ru/company/ul/1063705002272_3705061495_OOO-BILDEKS,ЗаЧестныйБизнес + официальный сайт,2026-09-08T18:52:54+03:00,Высокая,N5K-20260908-775,new_5000
N5K-0775-001,N5K-0775-001-E04,SCALE_LPR,"Выручка ООО «БИЛДЭКС» за 2025 год — 5 565 928 000 ₽; 235 сотрудников. Генеральный директор — Марков Константин Эдуардович. Учредители-физлица: Кочергин Дмитрий Викторович 40%, Ларионов Андрей Владимирович 20%, Шилов Георгий Александрович 20%, Коготков Сергей Анатольевич 20%.",https://zachestnyibiznes.ru/company/ul/1063705002272_3705061495_OOO-BILDEKS,ЗаЧестныйБизнес + ГИР БО,2026-09-08T18:52:54+03:00,Высокая,N5K-20260908-775,new_5000
N5K-0775-001,N5K-0775-001-E05,CONTACT,"Официальный сайт BILDEX публикует корпоративные 8 (800) 555-42-56, +7 (495) 640-64-40 и info@bildex.ru. Эти маршруты не приписываются лично генеральному директору или собственникам.",https://www.bildex.ru/contacts/,официальный сайт BILDEX,2026-09-08T18:52:54+03:00,Высокая,N5K-20260908-775,new_5000
N5K-0778-001,N5K-0778-001-E01,SIGNAL_DATE,Актуальная русскоязычная вакансия «Коммерческий директор (CCO/Chief Commercial Officer)» прямого работодателя Пластика ОКОН опубликована 31.08.2026 и актуальна до 30.09.2026; свежая HH-выдача также показывает эту вакансию в начале сентября 2026.,https://frjazino.cataloxy.ru/rabota/vacancy1127691703_kommercheskiy-direktor-ccochief-commercial-officer.htm,Cataloxy / HeadHunter mirror,2026-09-08T21:02:30+03:00,Высокая,N5K-20260908-778,new_5000
N5K-0778-001,N5K-0778-001-E02,SIGNAL_FULL_TEXT,"Полный текст вакансии требует разработать и корректировать коммерческую стратегию, контролировать планы по четырём каналам сбыта и воронку, выстроить KPI руководителей, управлять бюджетом коммерческого департамента, ценообразованием и маржинальностью; отдельно требуется успешный опыт внедрения CRM и построения отдела продаж с нуля/под ключ.",https://frjazino.cataloxy.ru/rabota/vacancy1127691703_kommercheskiy-direktor-ccochief-commercial-officer.htm,Cataloxy / HeadHunter mirror,2026-09-08T21:02:30+03:00,Высокая,N5K-20260908-778,new_5000
N5K-0778-001,N5K-0778-001-E03,LEGAL,"Официальный сайт подтверждает точное действующее ООО «Пластика Окон», ИНН 5050068726, ОГРН 1085050000342, юридический адрес во Фрязино. Актуальные реестровые источники подтверждают директора Буханову Татьяну Евгеньевну и частного собственника Петюшина Владимира Анатольевича, 100%.",https://www.plastika-okon.ru/contacts/,официальный сайт + РБК Компании,2026-09-08T21:02:30+03:00,Высокая,N5K-20260908-778,new_5000
N5K-0778-001,N5K-0778-001-E04,SCALE_LPR,Выручка ООО «ПЛАСТИКА ОКОН» за 2025 год — 6 298 804 000 ₽; среднесписочная численность — 1028 сотрудников. Директор — Буханова Татьяна Евгеньевна; собственник-физлицо Петюшин Владимир Анатольевич — 100%.,https://ruinn.ru/company/5050068726-ooo-plastika-okon,руИНН + РБК Компании,2026-09-08T21:02:30+03:00,Высокая,N5K-20260908-778,new_5000
N5K-0778-001,N5K-0778-001-E05,CONTACT,Официальный сайт ООО «Пластика Окон» публикует +7 (495) 988-78-88 и sale@plastika-okon.ru. Эти контакты сохранены как корпоративные маршруты и не приписываются лично директору или собственнику.,https://www.plastika-okon.ru/contacts/,официальный сайт Пластика Окон,2026-09-08T21:02:30+03:00,Высокая,N5K-20260908-778,new_5000
N5K-0779-001,N5K-0779-001-E01,SIGNAL_DATE,Русскоязычная вакансия «Директор по продажам (ИТ/ИБ)» работодателя Security Vision датирована 07.09.2026 и остаётся доступной в свежей выдаче; официальный карьерный раздел Security Vision одновременно показывает эту позицию среди открытых вакансий.,https://vgorode.moscow/rabota/vakansiya-135557774/,публичный mirror вакансии + официальный career-раздел Security Vision,2026-09-08T21:57:01+03:00,Высокая,N5K-20260908-779,new_5000
N5K-0779-001,N5K-0779-001-E02,SIGNAL_FULL_TEXT,"Полный текст вакансии требует оперативного управления коммерческим департаментом, управления численностью и развитием команды, внедрения скриптов продаж и системы мотивации, руководства ценообразованием и бюджетом, прогнозирования выручки и управления воронкой, контроля обработки лидов и оптимизации процессов продаж.",https://vgorode.moscow/rabota/vakansiya-135557774/,публичный mirror вакансии,2026-09-08T21:57:01+03:00,Высокая,N5K-20260908-779,new_5000
N5K-0779-001,N5K-0779-001-E03,LEGAL,"Официальный сайт Security Vision прямо указывает ООО «Интеллектуальная безопасность», ИНН 7719435412, ОГРН 5157746309518 и московский адрес. Актуальные реестровые источники подтверждают действующий статус, генерального директора Руслана Рахметова и частных учредителей-физлиц.",https://www.securityvision.ru/contacts/,официальный сайт Security Vision + РБК Компании,2026-09-08T21:57:01+03:00,Высокая,N5K-20260908-779,new_5000
N5K-0779-001,N5K-0779-001-E04,SCALE_LPR,"Публичные актуальные источники показывают масштаб бизнеса около 667 млн ₽ выручки; официальный сайт сообщает о 600+ проектах автоматизации для крупнейших компаний и госструктур. Генеральный директор и основной собственник — Рахметов Руслан Гиззатович, доля 90%.",https://saby.ru/profile/7719435412-770501001,Saby + официальный сайт Security Vision + РБК Компании,2026-09-08T21:57:01+03:00,Высокая,N5K-20260908-779,new_5000
N5K-0779-001,N5K-0779-001-E05,CONTACT,Официальный сайт Security Vision публикует +7 (495) 803-3660 и sales@securityvision.ru. Эти контакты сохранены как корпоративные маршруты и не приписываются лично генеральному директору или собственнику.,https://www.securityvision.ru/contacts/,официальный сайт Security Vision,2026-09-08T21:57:01+03:00,Высокая,N5K-20260908-779,new_5000
N5K-0782-001,N5K-0782-001-E01,SIGNAL_DATE,Русскоязычная вакансия «Директор по продажам/Sales Director» работодателя ООО «КАВКАЗСКИЙ БЮВЕТ» опубликована 02.09.2026 и подтверждается несколькими актуальными публичными mirror-источниками HH.,https://dreamjob.ru/employers/190728/vakansii/136869125,Dreamjob + Svoevagro,2026-09-08T23:59:00+03:00,Высокая,N5K-20260908-782,new_5000
N5K-0782-001,N5K-0782-001-E02,SIGNAL_FULL_TEXT,"Полный текст вакансии требует ответственности за результат отдела продаж, развития команды и новых направлений, разработки долгосрочной стратегии предприятия/ассортимента/брендов, работы с федеральными сетями и новыми дистрибьюторами, квартального и годового планирования продаж и финансового результата, управления трейд-маркетинговым бюджетом и отчётности перед собственником и советом директоров.",https://dreamjob.ru/employers/190728/vakansii/136869125,Dreamjob,2026-09-08T23:59:00+03:00,Высокая,N5K-20260908-782,new_5000
N5K-0782-001,N5K-0782-001-E03,LEGAL,"Актуальные реестровые источники подтверждают действующее ООО «КАВКАЗСКИЙ БЮВЕТ», ИНН 2364016508, ОГРН 1172375097993, генерального директора Хоменкова Михаила Дмитриевича и его 100% долю как единственного собственника. Официальный сайт в footer прямо использует наименование ООО «Кавказский Бювет» и тот же адрес предприятия.",https://companies.rbc.ru/id/1172375097993-ooo-kavkazskij-byuvet/,РБК Компании + официальный сайт компании,2026-09-08T23:59:00+03:00,Высокая,N5K-20260908-782,new_5000
N5K-0782-001,N5K-0782-001-E04,SCALE_LPR,"Финансовые данные за 2025 год показывают выручку 852 985 000 ₽, чистую прибыль 112 233 000 ₽ и активы 1 886 944 000 ₽. Вакансия называет работодателя федеральной компанией. Реальный LPR — генеральный директор и единственный собственник Хоменков Михаил Дмитриевич.",https://companies.rbc.ru/amp/ogrn/1172375097993/,РБК Компании + актуальная вакансия,2026-09-08T23:59:00+03:00,Высокая,N5K-20260908-782,new_5000
N5K-0782-001,N5K-0782-001-E05,CONTACT,Официальный сайт ООО «Кавказский Бювет» публикует горячую линию 8-800-500-8-900 и корпоративный email caucasus@buvette.one. Они сохранены как корпоративные маршруты и не приписываются лично генеральному директору/собственнику.,https://buvette.one/contacts,официальный сайт компании,2026-09-08T23:59:00+03:00,Высокая,N5K-20260908-782,new_5000
N5K-0783-001,N5K-0783-001-E01,SIGNAL_DATE,Русскоязычная вакансия «Коммерческий директор (CCO)/Руководитель службы продаж» работодателя Уфанет опубликована 25.08.2026; на момент проверки вакансия остаётся актуальной в публичной выдаче.,https://dreamjob.ru/employers/140756/vakansii/136608911,Dreamjob + HH public listing,2026-09-09T01:10:00+03:00,Высокая,N5K-20260909-783,new_5000
N5K-0783-001,N5K-0783-001-E02,SIGNAL_FULL_TEXT,"Полный текст вакансии требует роста выручки и прибыли, разработки и внедрения коммерческой стратегии, управления продажами и KPI, развития новых направлений, привлечения новых клиентов, ключевых переговоров, бюджетирования и настройки бизнес-процессов для повышения маржинальности.",https://dreamjob.ru/employers/140756/vakansii/136608911,Dreamjob,2026-09-09T01:10:00+03:00,Высокая,N5K-20260909-783,new_5000
N5K-0783-001,N5K-0783-001-E03,LEGAL,"Официальный сайт Уфанета подтверждает АО «УФАНЕТ», ИНН 0278109628, ОГРН 1050204596914. Актуальные реестровые источники подтверждают действующий статус и генерального директора Бахтиярова Искандара Махмудовича.",https://business.ufanet.ru/contacts,официальный сайт Уфанет + актуальные реестровые источники,2026-09-09T01:10:00+03:00,Высокая,N5K-20260909-783,new_5000
N5K-0783-001,N5K-0783-001-E04,SCALE_LPR,Выручка АО «УФАНЕТ» за 2025 год составляет 13 499 880 000 ₽; численность около 3 тыс. сотрудников. Генеральный директор и практический LPR — Бахтияров Искандар Махмудович. Публично раскрытая структура акционеров включает частных владельцев/частные юрлица и не указывает государство как владельца.,https://www.audit-it.ru/contragent/1050204596914_ao-ufanet,Audit-it + Коммерсантъ + официальный сайт группы,2026-09-09T01:10:00+03:00,Высокая,N5K-20260909-783,new_5000
N5K-0783-001,N5K-0783-001-E05,CONTACT,Официальные ресурсы АО «УФАНЕТ» публикуют корпоративный телефон 09388 и email ufanet@ufanet.ru. Они сохранены только как корпоративные маршруты и не приписываются лично CEO или акционерам.,https://business.ufanet.ru/contacts,официальные ресурсы Уфанет,2026-09-09T01:10:00+03:00,Высокая,N5K-20260909-783,new_5000
N5K-0788-001,N5K-0788-001-E01,SIGNAL_DATE,Русскоязычная вакансия «Коммерческий директор (CCO/Chief Commercial Officer)» прямого работодателя Снабавто опубликована 06.09.2026 на HH и актуальна до 05.11.2026.,https://jobrun.ru/chief-compliance-officer-cco-работа,Jobrun + HH public listing,2026-09-09T03:24:00+03:00,Высокая,N5K-20260909-788,new_5000
N5K-0788-001,N5K-0788-001-E02,SIGNAL_FULL_TEXT,"Текст вакансии требует разработать долгосрочную коммерческую стратегию с определением целевых рынков и приоритетов роста; координировать продажи, закупки и маркетинг; развивать новые каналы сбыта и партнерские программы; контролировать маржинальность, рентабельность и оборачиваемость и находить узкие места в затратах.",https://lyubertsy.najtiraboty.ru/companies/snabavto/,НайтиРаботы + HH mirrors,2026-09-09T03:24:00+03:00,Высокая,N5K-20260909-788,new_5000
N5K-0788-001,N5K-0788-001-E03,LEGAL,"Официальный сайт подтверждает бренд и ООО «Снабавто» с головным офисом в Люберцах; независимые реестровые профили подтверждают действующее ООО «СНАБАВТО», ИНН 5027192549, ОГРН 1125027015420, адрес ул. Котельническая, д.18.",https://snabavto.com/contacts/,официальный сайт Снабавто + Saby/Reputation,2026-09-09T03:24:00+03:00,Высокая,N5K-20260909-788,new_5000
N5K-0788-001,N5K-0788-001-E04,SCALE_LPR,"За 2025 год выручка ООО «СНАБАВТО» составляет 1 797 222 000 ₽, прибыль 414 705 000 ₽; организация действует. Генеральный директор и 100% учредитель — Набока Андрей Александрович.",https://saby.ru/profile/5027192549-502701001,Saby + Reputation/Firmoteka,2026-09-09T03:24:00+03:00,Высокая,N5K-20260909-788,new_5000
N5K-0788-001,N5K-0788-001-E05,CONTACT,"Официальный сайт Снабавто публикует корпоративные телефон +7 (495) 212-06-35, email info@snabavto.com и Telegram @snabavto_official. Контакты сохранены как корпоративные маршруты и не приписываются лично CEO/собственнику.",https://snabavto.com/contacts/,официальный сайт Снабавто,2026-09-09T03:24:00+03:00,Высокая,N5K-20260909-788,new_5000
N5K-0789-001,N5K-0789-001-E01,SIGNAL_DATE,Русскоязычная вакансия «Коммерческий директор (CCO/Chief Commercial Officer)» работодателя Макарий обновлена 07.09.2026.,https://svoevagro.ru/vacancies/2137041637,Svoevagro,2026-09-09T03:56:00+03:00,Высокая,N5K-20260909-789,new_5000
N5K-0789-001,N5K-0789-001-E02,SIGNAL_FULL_TEXT,Полный текст вакансии содержит прямой S1 business-intent: разработка и реализация коммерческой стратегии; формирование отдела продаж по работе с оптовыми клиентами и традиционной розницей; развитие долгосрочных отношений с ключевыми федеральными сетями и подключение новых сетей.,https://svoevagro.ru/vacancies/2137041637,Svoevagro,2026-09-09T03:56:00+03:00,Высокая,N5K-20260909-789,new_5000
N5K-0789-001,N5K-0789-001-E03,LEGAL,"Официальный сайт использует бренд «Макарий-М» и прямо указывает ООО «Макарий-М» как поставщика; независимые реестровые профили подтверждают действующее ООО «МАКАРИЙ-М», ИНН 7735598083, ОГРН 5137746129263, Зеленоград.",https://makarik.ru/,официальный сайт Макарий-М + Reputation/Точка,2026-09-09T03:56:00+03:00,Высокая,N5K-20260909-789,new_5000
N5K-0789-001,N5K-0789-001-E04,SCALE_LPR,"За 2025 год выручка ООО «МАКАРИЙ-М» составляет 521,3 млн ₽; организация действует. Генеральный директор — Червяков Олег Анатольевич; 100% собственник — Бальчикова Вероника Викторовна.",https://firmoteka.ru/7735598083,Firmoteka + Reputation/Точка,2026-09-09T03:56:00+03:00,Высокая,N5K-20260909-789,new_5000
N5K-0789-001,N5K-0789-001-E05,CONTACT,Официальный сайт ООО «Макарий-М» публикует корпоративный телефон 8 (495) 118-24-02 и форму запроса оптовых цен. Контакт сохранён как корпоративный маршрут и не приписывается лично CEO/собственнику.,https://makarik.ru/,официальный сайт Макарий-М,2026-09-09T03:56:00+03:00,Высокая,N5K-20260909-789,new_5000
N5K-0791-001,N5K-0791-001-E01,SIGNAL_DATE,Русскоязычная вакансия «Коммерческий директор (Заместитель генерального директора по коммерческой части)» работодателя «ПАРК-ОТЕЛЬ ОРЛОВСКИЙ» размещена 08.09.2026.,https://nesiditsa.ru/vacancy/137125451,Несидится / HH mirror,2026-09-09T04:59:00+03:00,Высокая,N5K-20260909-791,new_5000
N5K-0791-001,N5K-0791-001-E02,SIGNAL_FULL_TEXT,"Полный текст вакансии содержит прямой коммерческий intent: формирование доходной части бюджета; управление отделом продаж, службой приема и размещения, бронированием, маркетингом и рекламой; проведение исследований рынка; управление клиентским сервисом и персоналом.",https://nesiditsa.ru/vacancy/137125451,Несидится / HH mirror,2026-09-09T04:59:00+03:00,Высокая,N5K-20260909-791,new_5000
N5K-0791-001,N5K-0791-001-E03,LEGAL,"Официальные реквизиты Парк-отеля «Орловский» подтверждают ООО «ПАРК-ОТЕЛЬ «ОРЛОВСКИЙ», ИНН 5003112456; независимые реестровые профили подтверждают ОГРН 1155003000173 и действующий статус.",https://orlowsky.ru/about/requisites/,официальный сайт Парк-отеля Орловский + РБК Компании/Т-Банк,2026-09-09T04:59:00+03:00,Высокая,N5K-20260909-791,new_5000
N5K-0791-001,N5K-0791-001-E04,SCALE_LPR,За 2025 год выручка ООО «ПАРК-ОТЕЛЬ «ОРЛОВСКИЙ» составляет 360 881 000 ₽; среднесписочная численность 78 сотрудников. Генеральный директор с 04.03.2026 — Лукьянов Сергей Николаевич; 100% собственник — Журавлева Ольга Игоревна.,https://companium.ru/id/1155003000173-park-otel-orlovsky,Companium + РБК Компании + Т-Банк,2026-09-09T04:59:00+03:00,Высокая,N5K-20260909-791,new_5000
N5K-0791-001,N5K-0791-001-E05,CONTACT,Официальный сайт публикует прямые корпоративные контакты отдела продаж: +7 (495) 159-04-48 и sales@orlowsky.ru. Контакты сохранены как корпоративные и не приписываются лично CEO/собственнику.,https://orlowsky.ru/about/contacts/,официальный сайт Парк-отеля Орловский,2026-09-09T04:59:00+03:00,Высокая,N5K-20260909-791,new_5000
N5K-0796-001,N5K-0796-001-E01,SIGNAL_DATE,Русскоязычная вакансия «Руководитель отдела продаж СТМ (БАД)» прямого работодателя Миофарм опубликована 07.09.2026 и актуальна до 07.10.2026; источник указывает партнёра HeadHunter.,https://moscow.cataloxy.ru/rabota/vacancy1128663949_rukovoditel-otdela-prodazh-stm-bad.htm,Cataloxy / HeadHunter,2026-09-09T06:15:00+03:00,Высокая,N5K-20260909-796,new_5000
N5K-0796-001,N5K-0796-001-E02,SIGNAL_FULL_TEXT,"Полный текст вакансии содержит прямой business-intent: выполнение плана продаж СТМ в аптечных сетях и FMCG, ведение аптечных сетей TOP-30, развитие отдела продаж — контроль, координация, подбор и развитие сотрудников; компания указывает ежегодный прирост оборота 30–50%.",https://moscow.cataloxy.ru/rabota/vacancy1128663949_rukovoditel-otdela-prodazh-stm-bad.htm,Cataloxy / HeadHunter,2026-09-09T06:15:00+03:00,Высокая,N5K-20260909-796,new_5000
N5K-0796-001,N5K-0796-001-E03,LEGAL,"Действующее частное ООО «МИОФАРМ», ИНН 7731303878, ОГРН 1167746050284. Генеральный директор и единственный учредитель — Коханов Михаил Владимирович, доля 100%. Товарный знак MIOPHARM зарегистрирован на ООО «МИОФАРМ», что подтверждает brand→legal linkage.",https://www.tbank.ru/business/contractor/legal/1167746050284/,Т-Банк + РБК Компании/товарный знак MIOPHARM,2026-09-09T06:15:00+03:00,Высокая,N5K-20260909-796,new_5000
N5K-0796-001,N5K-0796-001-E04,SCALE_LPR,"Выручка ООО «МИОФАРМ» за 2025 год около 2,09 млрд ₽; среднесписочная численность 160 сотрудников по ФНС. Генеральный директор и 100% собственник — Коханов Михаил Владимирович. Актуальная вакансия дополнительно сообщает о 190+ сотрудниках и собственной производственной площадке.",https://companium.ru/id/1167746050284-miofarm,Companium + Т-Банк + текущая вакансия,2026-09-09T06:15:00+03:00,Высокая,N5K-20260909-796,new_5000
N5K-0796-001,N5K-0796-001-E05,CONTACT,Официальный сайт MIOPHARM публикует практические корпоративные контакты +7 (499) 685-48-39 и info@miopharm.info. Контакты сохранены как корпоративные и не приписаны лично CEO/собственнику.,https://miopharm.info/,официальный сайт MIOPHARM,2026-09-09T06:15:00+03:00,Высокая,N5K-20260909-796,new_5000
N5K-0802-001,N5K-0802-001-E01,SIGNAL_DATE,Русскоязычная вакансия «Коммерческий директор» компании Мир Сыров обновлена 07.09.2026 в Краснодаре.,https://svoevagro.ru/vacancies/2137073129,Своё Фермерство,2026-09-09T07:15:00+03:00,Высокая,N5K-20260909-802,new_5000
N5K-0802-001,N5K-0802-001-E02,SIGNAL_FULL_TEXT,Полный текст вакансии содержит прямой business-intent: разработка стратегии и плана развития предприятия; выполнение плана продаж по всем регионам; расширение клиентской базы и работа с ключевыми клиентами; управление продажами и построение бизнес-процессов; анализ финансовых показателей для решений по увеличению прибыли; опыт развития региональных представительств.,https://svoevagro.ru/vacancies/2137073129,Своё Фермерство,2026-09-09T07:15:00+03:00,Высокая,N5K-20260909-802,new_5000
N5K-0802-001,N5K-0802-001-E03,LEGAL,"Действующее частное ООО «МИР СЫРОВ», ИНН 2312272035, ОГРН 1182375044301. Директор — Чечетко Андрей Андреевич; учредители Чечетко Андрей Андреевич 50% и Аникиенко Артем Анатольевич 50%. Официальный сайт использует адрес Промышленный проезд, 14, офис 1, совпадающий с юридическим адресом, что подтверждает brand→legal linkage.",https://мирсыров.рф/contacts/,официальный сайт Мир Сыров + РБК/ЕГРЮЛ + ЗАЧЕСТНЫЙБИЗНЕС,2026-09-09T07:15:00+03:00,Высокая,N5K-20260909-802,new_5000
N5K-0802-001,N5K-0802-001-E04,SCALE_LPR,"Выручка ООО «МИР СЫРОВ» за 2025 год 3 651 419 000 ₽, чистая прибыль 24 771 000 ₽; численность 60 сотрудников по данным ФНС. Директор и совладелец 50% — Чечетко Андрей Андреевич.",https://companies.rbc.ru/id/1182375044301-ooo-obschestvo-s-ogranichennoj-otvetstvennostyu-mir-syirov/,РБК Компании + ЗАЧЕСТНЫЙБИЗНЕС/ФНС,2026-09-09T07:15:00+03:00,Высокая,N5K-20260909-802,new_5000
N5K-0802-001,N5K-0802-001-E05,CONTACT,Официальный сайт Мир Сыров публикует практические корпоративные контакты отдела продаж +7 (900) 000-01-30 и mir-syrov-krd@yandex.ru. Контакты сохранены как корпоративные и не приписаны лично CEO/собственникам.,https://мирсыров.рф/contacts/,официальный сайт Мир Сыров,2026-09-09T07:15:00+03:00,Высокая,N5K-20260909-802,new_5000
N5K-0803-001,N5K-0803-001-E01,SIGNAL_DATE,Русскоязычная вакансия «Директор по продажам вентиляционного оборудования» компании Циклон опубликована 13.08.2026 в Екатеринбурге.,https://dreamjob.ru/employers/379302/vakansii/136202880,Dream Job / hh.ru vacancy,2026-09-09T07:55:00+03:00,Высокая,N5K-20260909-803,new_5000
N5K-0803-001,N5K-0803-001-E02,SIGNAL_FULL_TEXT,"Полный текст вакансии содержит прямой S1 business-intent: выполнение плана продаж региона; прирост активной клиентской базы; личные переговоры с ключевыми клиентами — застройщиками, промышленными объектами и проектными институтами; контроль маржинальности сделок; управление и обучение команды; выполнение KPI; дисциплина ведения 1С:ERP и CRM; знание управления воронкой и аналитической отчетности.",https://dreamjob.ru/employers/379302/vakansii/136202880,Dream Job / hh.ru vacancy,2026-09-09T07:55:00+03:00,Высокая,N5K-20260909-803,new_5000
N5K-0803-001,N5K-0803-001-E03,LEGAL,"Официальный сайт прямо идентифицирует оператора как действующее российское ООО «Циклон», ИНН 7708820123, ОГРН 1147746962736, адрес Москва, пр. Серебрякова, д.14, стр.15; это подтверждает exact brand→legal linkage.",https://c-one.ru/personal-agree,официальный сайт Cyclone,2026-09-09T07:55:00+03:00,Высокая,N5K-20260909-803,new_5000
N5K-0803-001,N5K-0803-001-E04,SCALE_LPR,"ООО «Циклон» действует; генеральный директор — Макаров Григорий Олегович; выручка за 2025 год 743,4 млн ₽. Полный текст вакансии дополнительно сообщает около 200 сотрудников и оборот свыше 1 млрд ₽ в 2025 году.",https://saby.ru/profile/7708820123-771601001,Saby/бухгалтерская отчетность + вакансия работодателя,2026-09-09T07:55:00+03:00,Высокая,N5K-20260909-803,new_5000
N5K-0803-001,N5K-0803-001-E05,CONTACT,Официальный сайт ООО «Циклон» публикует практические корпоративные контакты +7 (495) 646-10-69 и info@c-one.ru. Контакты сохранены как корпоративные и не приписаны лично CEO/собственникам.,https://c-one.ru/contacts/,официальный сайт Cyclone,2026-09-09T07:55:00+03:00,Высокая,N5K-20260909-803,new_5000
N5K-0808-001,N5K-0808-001-E01,SIGNAL_DATE,Свежая русскоязычная вакансия «Руководитель отдела продаж» компании Запчастьресурс опубликована 08.09.2026 в Нижнем Новгороде.,https://dreamjob.ru/employers/331556/vakansii/136167427,Dream Job / hh.ru vacancy,2026-09-09T08:53:40+03:00,Высокая,N5K-20260909-808,new_5000
N5K-0808-001,N5K-0808-001-E02,SIGNAL_FULL_TEXT,"Полный текст вакансии содержит прямой S1 business-intent: разработка и реализация сбытовой стратегии, активное расширение клиентской базы, системная работа со спящими клиентами, поиск точек роста, ключевые переговоры, контроль планов продаж, анализ KPI и дебиторской задолженности, CRM/1С и постоянная оптимизация бизнес-процессов отдела продаж.",https://dreamjob.ru/employers/331556/vakansii/136167427,Dream Job / hh.ru vacancy,2026-09-09T08:53:40+03:00,Высокая,N5K-20260909-808,new_5000
N5K-0808-001,N5K-0808-001-E03,LEGAL,"ООО «ЗАПЧАСТЬРЕСУРС» — действующее российское частное юрлицо, ИНН 5259114910, ОГРН 1145259005946. Профиль официального дилера связывает ООО «ЗАПЧАСТЬРЕСУРС» с сайтом zil52.ru, адресом в Нижнем Новгороде и корпоративным email info@zil52.ru.",https://specavto.ru/dealers/901703/,официальный дилерский профиль / сайт ЗапчастьРесурс,2026-09-09T08:53:40+03:00,Высокая,N5K-20260909-808,new_5000
N5K-0808-001,N5K-0808-001-E04,SCALE_LPR,"ООО «ЗАПЧАСТЬРЕСУРС» действует; выручка за 2025 год 540,21 млн ₽. Директор и единственный собственник — Кренделев Михаил Александрович; исполнительный директор — Кренделев Андрей Михайлович.",https://xfirm.ru/company/5259114910,Xfirm / данные ЕГРЮЛ и финансовая отчетность,2026-09-09T08:53:40+03:00,Высокая,N5K-20260909-808,new_5000
N5K-0808-001,N5K-0808-001-E05,CONTACT,"Официальный сайт ЗапчастьРесурс публикует практические корпоративные контакты 8 800 600 81 72, +7 (831) 280-99-07 и info@zil52.ru. В increment сохранены основной телефон и email как корпоративные маршруты, без приписывания лично ЛПР.",https://www.zil52.ru/,официальный сайт ЗапчастьРесурс,2026-09-09T08:53:40+03:00,Высокая,N5K-20260909-808,new_5000
N5K-0813-001,N5K-0813-001-E01,SIGNAL_DATE,Свежая русскоязычная вакансия «Коммерческий директор (CCO)/ Исполнительный директор» компании Гермеон размещена 08.09.2026 в Санкт-Петербурге.,https://nesiditsa.ru/vacancy/136271641,Не Сидится / hh.ru vacancy,2026-09-09T10:12:00+03:00,Высокая,N5K-20260909-813,new_5000
N5K-0813-001,N5K-0813-001-E02,SIGNAL_FULL_TEXT,"Полный текст вакансии содержит прямой S1 business-intent: первое лицо в операционном управлении и единое окно для собственника, освобождение собственника от ежедневной рутины, реализация стратегии развития в операционной деятельности и продажах, рост оборота и маржинальности, развитие новых каналов сбыта, управление ТОП-менеджерами, стратегические KPI и оптимизация процессов.",https://nesiditsa.ru/vacancy/136271641,Не Сидится / hh.ru vacancy,2026-09-09T10:12:00+03:00,Высокая,N5K-20260909-813,new_5000
N5K-0813-001,N5K-0813-001-E03,LEGAL,"ООО «ГЕРМЕОН» — действующее российское частное юрлицо, ИНН 7814447584, ОГРН 1097847264460, Санкт-Петербург. Официальный сайт germeon.ru описывает ту же B2B-деятельность по комплексному оснащению лабораторий и публикует адрес на Коломяжском проспекте 10Н, совпадающий с вакансией.",https://germeon.ru/contacts/,официальный сайт Гермеон,2026-09-09T10:12:00+03:00,Высокая,N5K-20260909-813,new_5000
N5K-0813-001,N5K-0813-001-E04,SCALE_LPR,"ООО «ГЕРМЕОН» действует; выручка за 2025 год 411,825 млн ₽, 31 сотрудник. Генеральный директор и 100% собственник — Мюхкеря Андрей Эдуардович.",https://reputation.ru/ogrn/1097847264460,Reputation / данные ЕГРЮЛ и финансовой отчетности,2026-09-09T10:12:00+03:00,Высокая,N5K-20260909-813,new_5000
N5K-0813-001,N5K-0813-001-E05,CONTACT,Официальный сайт Гермеон публикует практические корпоративные контакты +7 (812) 603-25-56 и magazin@germeon.ru. В increment они сохранены как корпоративные маршруты без приписывания лично генеральному директору/собственнику.,https://germeon.ru/contacts/,официальный сайт Гермеон,2026-09-09T10:12:00+03:00,Высокая,N5K-20260909-813,new_5000
N5K-0818-001,N5K-0818-001-E01,SIGNAL_DATE,Русскоязычная вакансия «Коммерческий директор» ООО «САЛАТЕРИЯ» актуализирована 08.09.2026; источник указывает данные «Работы России».,https://xn--80aac6chp.xn--80asehdb/vacancies/kommercheskiy-direktor-solnechnogorsk-9a73a6/,Работа России / зеркало вакансии,2026-09-09T11:10:00+03:00,Высокая,N5K-20260909-818,new_5000
N5K-0818-001,N5K-0818-001-E02,SIGNAL_FULL_TEXT,"Полный доступный текст актуальной вакансии содержит прямой S1 business-intent: коммерческая стратегия на трехлетний горизонт, ежемесячные планы прибыли и контроль их выполнения, поиск новых клиентов, анализ клиентской базы, ценовая политика, анализ продаж в сетях, система мотивации коммерческой службы и управленческая отчетность.",https://xn--80aac6chp.xn--80asehdb/vacancies/kommercheskiy-direktor-solnechnogorsk-9a73a6/,Работа России / зеркало вакансии,2026-09-09T11:10:00+03:00,Высокая,N5K-20260909-818,new_5000
N5K-0818-001,N5K-0818-001-E03,LEGAL,"ООО «САЛАТЕРИЯ» — действующее российское юрлицо, ИНН 5007097230, ОГРН 1165007050482. Официальный сайт salatery.ru публикует эти точные реквизиты, генерального директора и контакты компании.",https://salatery.ru/about/,официальный сайт Салатерия,2026-09-09T11:10:00+03:00,Высокая,N5K-20260909-818,new_5000
N5K-0818-001,N5K-0818-001-E04,SCALE_LPR,"ООО «САЛАТЕРИЯ» действует; выручка за 2025 год около 2,0 млрд ₽, 126 сотрудников. Генеральный директор — Щукин Михаил Юрьевич; учредитель — ООО «ПРОВАНС», получившее 100% доли в декабре 2025 года.",https://reputation.ru/ogrn/1165007050482,Reputation / данные ЕГРЮЛ и финансовой отчетности,2026-09-09T11:10:00+03:00,Высокая,N5K-20260909-818,new_5000
N5K-0818-001,N5K-0818-001-E05,CONTACT,Официальный сайт Салатерия публикует практические корпоративные контакты отдела продаж +7 (495) 103-96-23 и kyv@salatery.ru. В increment они сохранены как корпоративные маршруты без приписывания лично генеральному директору.,https://salatery.ru/contact/,официальный сайт Салатерия,2026-09-09T11:10:00+03:00,Высокая,N5K-20260909-818,new_5000
N5K-0820-001,N5K-0820-001-E01,SIGNAL_DATE,Русскоязычная вакансия «Руководитель отдела продаж (международная логистика)» LOGFAST опубликована 05.09.2026 и указана актуальной до 05.10.2026; источник маркирует работодателя как прямого и вакансию как партнёрскую с HeadHunter.,https://vladivostok.cataloxy.ru/rabota/vacancy1128667924_rukovoditel-otdela-prodazh-mezhdunarodnaya-logistika.htm,Cataloxy / HeadHunter mirror,2026-09-09T12:03:00+03:00,Высокая,N5K-20260909-820,new_5000
N5K-0820-001,N5K-0820-001-E02,SIGNAL_FULL_TEXT,"Полный доступный текст активной вакансии содержит прямой S1 business-intent: управление отделом через цифры и план, найм и аттестация сотрудников, контроль воронки в Битрикс24, холодные B2B-продажи, аналитика конверсии и цель кратного роста компании.",https://vladivostok.cataloxy.ru/rabota/vacancy1128667924_rukovoditel-otdela-prodazh-mezhdunarodnaya-logistika.htm,Cataloxy / HeadHunter mirror,2026-09-09T12:03:00+03:00,Высокая,N5K-20260909-820,new_5000
N5K-0820-001,N5K-0820-001-E03,LEGAL,"Официальный сайт LOGFAST прямо публикует ООО «ЛОГФАСТ», ИНН 2543167630, ОГРН 1222500018487 и адрес во Владивостоке; независимые реестровые источники подтверждают, что юрлицо действует и является частным.",https://logfast.ru/contacts,официальный сайт LOGFAST,2026-09-09T12:03:00+03:00,Высокая,N5K-20260909-820,new_5000
N5K-0820-001,N5K-0820-001-E04,SCALE_LPR,"ООО «ЛОГФАСТ» действует; выручка за 2025 год 551,665 млн ₽, рост +53,95%, чистая прибыль 26,495 млн ₽. Генеральный директор и единственный учредитель — Чекалова Яна Александровна.",https://companium.ru/id/1222500018487-logfast,Companium / ЕГРЮЛ и финансовая отчетность,2026-09-09T12:03:00+03:00,Высокая,N5K-20260909-820,new_5000
N5K-0820-001,N5K-0820-001-E05,CONTACT,Официальный сайт LOGFAST публикует практические корпоративные контакты +7(423)280-70-70 и info@logfast.ru. В increment они сохранены как корпоративные маршруты без приписывания лично CEO/собственнику.,https://logfast.ru/contacts,официальный сайт LOGFAST,2026-09-09T12:03:00+03:00,Высокая,N5K-20260909-820,new_5000
N5K-0823-001,N5K-0823-001-E01,SIGNAL_DATE,Русскоязычная вакансия «Руководитель отдела продаж» компании ТЕНЕТ опубликована 08.09.2026 в Москве и доступна с быстрым откликом через hh.ru.,https://dreamjob.ru/employers/2779418/vakansii/137116999,DreamJob / HeadHunter mirror,2026-09-09T13:05:00+03:00,Высокая,N5K-20260909-823,new_5000
N5K-0823-001,N5K-0823-001-E02,SIGNAL_FULL_TEXT,"Полный текст вакансии содержит прямой S1 business-intent: формирование команды продаж, личное ведение ключевых B2B-клиентов, управление воронкой и метриками, CRM-дисциплина, разработка скриптов, обучение и инициативы по росту выручки; требуется опыт построения отдела с нуля.",https://dreamjob.ru/employers/2779418/vakansii/137116999,DreamJob / HeadHunter mirror,2026-09-09T13:05:00+03:00,Высокая,N5K-20260909-823,new_5000
N5K-0823-001,N5K-0823-001-E03,LEGAL,"Официальный сайт TENET прямо публикует ООО «ТЕНЕТ», ИНН 7206062613, ОГРН 1237200006460, юридический адрес в Тобольске и генерального директора Лучко Александра Евгеньевича; независимые реестровые источники подтверждают действующий статус и частную собственность.",https://tenet-zavod.ru/kontakty,официальный сайт TENET + ЕГРЮЛ-агрегаторы,2026-09-09T13:05:00+03:00,Высокая,N5K-20260909-823,new_5000
N5K-0823-001,N5K-0823-001-E04,SCALE_LPR,"ООО «ТЕНЕТ» действует; выручка за 2025 год 474,7 млн ₽, рост +112% к 2024 году, чистая прибыль 43,8 млн ₽. Генеральный директор и единственный учредитель — Лучко Александр Евгеньевич.",https://companium.ru/id/1237200006460-tenet,Companium / ФНС и Росстат,2026-09-09T13:05:00+03:00,Высокая,N5K-20260909-823,new_5000
N5K-0823-001,N5K-0823-001-E05,CONTACT,Официальный сайт TENET публикует практические корпоративные контакты +7 (499) 397-86-42 и info@tenet-zavod.ru. В increment они сохранены как корпоративные маршруты без приписывания лично CEO/собственнику.,https://tenet-zavod.ru/kontakty,официальный сайт TENET,2026-09-09T13:05:00+03:00,Высокая,N5K-20260909-823,new_5000
N5K-0824-001,N5K-0824-001-E01,SIGNAL_DATE,Русскоязычная вакансия «Руководитель отдела продаж» компании САТУРН САМАРА опубликована 09.09.2026 на hh.ru и отражена в актуальном job-board mirror.,https://samara.jobcareer.ru/jobs/rukovoditel-otdela-prodaz/,JobCareer / HeadHunter mirror,2026-09-09T13:53:54+03:00,Высокая,N5K-20260909-824,new_5000
N5K-0824-001,N5K-0824-001-E02,SIGNAL_FULL_TEXT,"Полный текст идентичной вакансии работодателя подтверждает S1 business-intent: формирование и управление отделом продаж до 10 менеджеров, выполнение коммерческих показателей по объёму и доходности, B2B-клиенты, поиск новых клиентов, аналитика продаж и CRM. Текущая публикация 09.09.2026 содержит тот же title, работодателя, зарплатный диапазон и ключевые задачи.",https://dreamjob.ru/employers/113510/vakansii/127859226,DreamJob / HeadHunter mirror,2026-09-09T13:53:54+03:00,Средняя,N5K-20260909-824,new_5000
N5K-0824-001,N5K-0824-001-E03,LEGAL,"Официальный сайт самарского подразделения прямо идентифицирует владельца сайта как ООО «САТУРН СТРОЙМАРКЕТ САМАРА», ОГРН 1176313004999, ИНН 6316230869; независимый реестровый источник подтверждает действующий статус.",https://sam.saturn.net/structure/cookie-page/,официальный сайт Сатурн Самара + реестровые источники,2026-09-09T13:53:54+03:00,Высокая,N5K-20260909-824,new_5000
N5K-0824-001,N5K-0824-001-E04,SCALE_LPR,"ООО «САТУРН СТРОЙМАРКЕТ САМАРА» действует; выручка за 2025 год 588,97 млн ₽, рост +52,17% к 2024 году. Директор и учредитель — Анохин Антон Алексеевич; доступные реестровые данные указывают 332 сотрудника.",https://b2b.house/company/OOO-SATURN-SAMARA_d1271648-fddd-42da-8328-d598ae147323/,B2B.house / ФНС и реестровые данные,2026-09-09T13:53:54+03:00,Высокая,N5K-20260909-824,new_5000
N5K-0824-001,N5K-0824-001-E05,CONTACT,Официальный сайт и связанные публичные страницы самарского подразделения публикуют практические корпоративные контакты +7 (846) 269-66-69 и mail@sam.saturn.net. Они сохранены как корпоративные маршруты без приписывания лично директору.,https://sam.saturn.net/,официальный сайт Сатурн Самара,2026-09-09T13:53:54+03:00,Высокая,N5K-20260909-824,new_5000
N5K-0826-001,N5K-0826-001-E01,SIGNAL_DATE,Русскоязычная вакансия «Руководитель отдела продаж» компании ИЗМЕТАЛЛА опубликована 03.09.2026 во Владимире; страница содержит полный текст и быстрый отклик через hh.ru.,https://dreamjob.ru/employers/123694/vakansii/136929715,DreamJob / HeadHunter mirror,2026-09-09T14:57:01+03:00,Высокая,N5K-20260909-826,new_5000
N5K-0826-001,N5K-0826-001-E02,SIGNAL_FULL_TEXT,"Полный текст подтверждает прямой S1 business-intent: управление B2B-отделом, планирование и контроль менеджеров, холодные звонки, конверсия, сделки, оплаты и план продаж; самостоятельное ведение ключевых клиентов, развитие территории и клиентской базы, поиск новых клиентов и кейсы повышения продаж.",https://dreamjob.ru/employers/123694/vakansii/136929715,DreamJob / HeadHunter mirror,2026-09-09T14:57:01+03:00,Высокая,N5K-20260909-826,new_5000
N5K-0826-001,N5K-0826-001-E03,LEGAL,"Официальная страница контактов ООО «ИЗМЕТАЛЛА» публикует точные реквизиты: ИНН 3328015028, ОГРН 1163328065009, юридический адрес во Владимире; независимый реестровый источник подтверждает действующий статус и частную форму собственности.",https://izmetalla.ru/kontakty/,официальный сайт ИЗМЕТАЛЛА + РБК Компании,2026-09-09T14:57:01+03:00,Высокая,N5K-20260909-826,new_5000
N5K-0826-001,N5K-0826-001-E04,SCALE_LPR,"ООО «ИЗМЕТАЛЛА» действует; выручка за 2025 год 867 893 000 ₽, среднесписочная численность 257 сотрудников. Генеральный директор и 100% учредитель — Ремнев Сергей Александрович; ОКФС 16 подтверждает частную собственность.",https://companies.rbc.ru/id/1163328065009-ooo-izmetalla/,РБК Компании / открытые реестровые данные,2026-09-09T14:57:01+03:00,Высокая,N5K-20260909-826,new_5000
N5K-0826-001,N5K-0826-001-E05,CONTACT,Официальный сайт ИЗМЕТАЛЛА публикует практические корпоративные контакты отдела продаж: +7 (4922) 77-99-00 и zakaz@izmetalla.ru. Они сохранены как корпоративные маршруты и не приписываются лично генеральному директору.,https://izmetalla.ru/kontakty/,официальный сайт ИЗМЕТАЛЛА,2026-09-09T14:57:01+03:00,Высокая,N5K-20260909-826,new_5000
N5K-0828-001,N5K-0828-001-E01,SIGNAL_DATE,Актуальная русскоязычная вакансия «Руководитель отдела продаж (направление «Кабеленесущие системы»)» компании Новые Промышленные Технологии отображается опубликованной сегодня; HH также индексирует эту роль среди свежих вакансий прямых работодателей.,https://dreamjob.ru/employers/40501/vakansii/136890040,DreamJob / HeadHunter mirror,2026-09-09T15:53:07+03:00,Высокая,N5K-20260909-828,new_5000
N5K-0828-001,N5K-0828-001-E02,SIGNAL_FULL_TEXT,"Полный текст подтверждает прямой S1 business-intent: разработка и внедрение стратегии продаж для целей по выручке и прибыли, единые стандарты отдела, личное участие в крупных и сложных сделках с проектными организациями и конечными заказчиками, включение в бренд-листы и тендеры, ежедневная аналитика показателей и предложения по улучшению бизнес-процессов; требуется B2B-управление и работа с CRM Bitrix24/1С.",https://dreamjob.ru/employers/40501/vakansii/136890040,DreamJob / HeadHunter mirror,2026-09-09T15:53:07+03:00,Высокая,N5K-20260909-828,new_5000
N5K-0828-001,N5K-0828-001-E03,LEGAL,"Официальный сайт подтверждает точное действующее юрлицо ООО «Новые Промышленные Технологии» (ООО «НПТ»), ИНН 5246025491, ОГРН 1045206689637, юридический адрес в г. Бор и директора Козина Сергея Борисовича; независимые реестровые источники подтверждают действующий статус и частную собственность.",https://www.zavod-npt.ru/about/details/,официальный сайт НПТ + открытые реестровые данные,2026-09-09T15:53:07+03:00,Высокая,N5K-20260909-828,new_5000
N5K-0828-001,N5K-0828-001-E04,SCALE_LPR,"ООО «НПТ» действует; доходы/выручка по отчетности за 2025 год около 1,16 млрд ₽, среднесписочная численность 208 сотрудников. Директор — Козин Сергей Борисович; реестровые данные подтверждают его как учредителя/собственника компании.",https://vaskov.pro/company/5246025491,Госаналитика / ГИР БО / открытые реестровые данные,2026-09-09T15:53:07+03:00,Высокая,N5K-20260909-828,new_5000
N5K-0828-001,N5K-0828-001-E05,CONTACT,Официальный сайт НПТ публикует практические корпоративные контакты: +7 (831) 260-11-88 и info@zavod-npt.ru. Они сохранены как корпоративные маршруты и не приписываются лично директору.,https://www.zavod-npt.ru/contacts/,официальный сайт НПТ,2026-09-09T15:53:07+03:00,Высокая,N5K-20260909-828,new_5000
N5K-0832-001,N5K-0832-001-E01,SIGNAL_DATE,"Русскоязычная вакансия «Руководитель отдела организационного развития (бизнес-процессы, цифрофизация)» Инвестиционно-консалтинговой Группы SRG опубликована 8 сентября 2026 года.",https://ru.joblum.com/job/rukovoditel-otdela-organizacionnogo-razvitia/33938814,Joblum Россия,2026-09-09T17:10:00+03:00,Высокая,N5K-20260909-832,new_5000
N5K-0832-001,N5K-0832-001-E02,SIGNAL_FULL_TEXT,"Полный текст подтверждает прямой S1 business-intent: построить единую операционную систему для масштабирования без пропорционального роста численности и затрат; настроить управленческую отчетность для CEO; сформировать архитектуру CRM/систем управления проектами/ресурсами/BI/ЭДО; стандартизировать цепочки от продажи и договора до производства, оплаты и закрывающих документов; внедрить учет трудозатрат, переделок и себестоимости, автоматизацию и ИИ.",https://ru.joblum.com/job/rukovoditel-otdela-organizacionnogo-razvitia/33938814,Joblum Россия,2026-09-09T17:10:00+03:00,Высокая,N5K-20260909-832,new_5000
N5K-0832-001,N5K-0832-001-E03,LEGAL,"Официальное согласие на обработку персональных данных сайта srgroup.ru прямо указывает оператором ООО «ЭсАрДжи-Консалтинг», ОГРН 1022200911260, ИНН 2221034139. РБК Компании подтверждает бренд Группа SRG, то же юрлицо, действующий статус, официальный сайт srgroup.ru и частных учредителей.",https://srgroup.ru/upload/%D0%A1%D0%BE%D0%B3%D0%BB%D0%B0%D1%81%D0%B8%D0%B5_%D0%BD%D0%B0_%D0%BE%D0%B1%D1%80%D0%B0%D0%B1%D0%BE%D1%82%D0%BA%D1%83_%D0%9F%D0%94%D0%9D_2025.pdf,официальный сайт SRG + РБК Компании,2026-09-09T17:10:00+03:00,Высокая,N5K-20260909-832,new_5000
N5K-0832-001,N5K-0832-001-E04,SCALE_LPR,"По бухгалтерской отчетности за 2025 год выручка ООО «ЭСАРДЖИ-КОНСАЛТИНГ» составляет 737 446 000 ₽, чистая прибыль 26 970 000 ₽, среднесписочная численность 139 сотрудников; организация действует. Генеральный директор — Олейников Владимир Александрович. РБК Компании указывает Федора Федоровича Спиридонова владельцем 90%; официальный сайт называет Федора Спиридонова основателем и управляющим партнером, осуществляющим общее руководство группой и формирующим стратегию развития.",https://b2b.house/company/OOO-ESARDZHI-KONSALTING_cc1d2975-769b-4749-9145-29a5bf730552/,бухгалтерская отчетность + РБК Компании + официальный сайт SRG,2026-09-09T17:10:00+03:00,Высокая,N5K-20260909-832,new_5000
N5K-0832-001,N5K-0832-001-E05,CONTACT,"Официальный сайт Группы SRG публикует практические корпоративные контакты +7 (495) 797-30-31 и info@srgroup.ru, а также форму обращения. Контакты сохранены как корпоративные маршруты и не приписываются лично собственнику или генеральному директору.",https://srgroup.ru/contacts/,официальный сайт Группы SRG,2026-09-09T17:10:00+03:00,Высокая,N5K-20260909-832,new_5000
N5K-0834-001,N5K-0834-001-E01,SIGNAL_DATE,"Русскоязычная вакансия «Руководитель отдела продаж (нефтепродукты)» КузбассНефтеТранс актуальна 9 сентября 2026 года; агрегатор вакансий указывает источник novosibirsk.zarplata.ru на эту дату, а страница DreamJob помечает вакансию как опубликованную сегодня.",https://dreamjob.ru/employers/169021/vakansii/136215123,DreamJob + JobCareer,2026-09-09T17:54:48+03:00,Высокая,N5K-20260909-834,new_5000
N5K-0834-001,N5K-0834-001-E02,SIGNAL_FULL_TEXT,"Полный текст подтверждает прямой S1 business-intent: расширение коммерческого отдела, увеличение действующего отдела, поиск и обучение сотрудников, планирование и выполнение плана продаж, поиск оптовых каналов сбыта, требование опыта создания коммерческого отдела с нуля, использование AMO CRM и 1С.",https://dreamjob.ru/employers/169021/vakansii/136215123,DreamJob,2026-09-09T17:54:48+03:00,Высокая,N5K-20260909-834,new_5000
N5K-0834-001,N5K-0834-001-E03,LEGAL,"ООО «КУЗБАССНЕФТЕТРАНС» действует; ИНН 4217162639, ОГРН 1144217003259. Официальный сайт использует бренд КНТ/КузбассНефтеТранс и описывает деятельность по оптовым поставкам нефтепродуктов, совпадающую с вакансией.",https://companies.rbc.ru/id/1144217003259-ooo-obschestvo-s-ogranichennoj-otvetstvennostyu-kuzbassneftetrans/,РБК Компании + официальный сайт КНТ,2026-09-09T17:54:48+03:00,Высокая,N5K-20260909-834,new_5000
N5K-0834-001,N5K-0834-001-E04,SCALE_LPR,"За 2025 год выручка ООО «КУЗБАССНЕФТЕТРАНС» составляет 1 213 037 000 ₽, прибыль 42 053 000 ₽; официальный сайт заявляет 100 сотрудников, 22 нефтебазы и 35 единиц спецтехники. 100% собственник — Донской Иван Андреевич; текущий руководитель по ЕГРЮЛ — управляющая организация ООО «ТК «КУЗБАССНЕФТЕТРАНС».",https://companies.rbc.ru/id/1144217003259-ooo-obschestvo-s-ogranichennoj-otvetstvennostyu-kuzbassneftetrans/,РБК Компании + ЕГРЮЛ-агрегаторы + официальный сайт КНТ,2026-09-09T17:54:48+03:00,Высокая,N5K-20260909-834,new_5000
N5K-0834-001,N5K-0834-001-E05,CONTACT,"Официальный сайт КНТ публикует практические корпоративные контакты 8-800-600-47-92 и opt2@kuzbassneft.ru, а также форму заявки. Контакты сохранены как корпоративные маршруты и не приписываются лично собственнику.",https://kuzbassneft.ru/,официальный сайт КНТ,2026-09-09T17:54:48+03:00,Высокая,N5K-20260909-834,new_5000
N5K-0836-001,N5K-0836-001-E01,SIGNAL_DATE,Русскоязычная вакансия «Руководитель отдела продаж» компании «Золотой электрод» опубликована 7 сентября 2026 года в Санкт-Петербурге и доступна для отклика через hh.ru.,https://dreamjob.ru/employers/120466/vakansii/136255138,DreamJob/HH,2026-09-09T19:02:00+03:00,Высокая,N5K-20260909-836,new_5000
N5K-0836-001,N5K-0836-001-E02,SIGNAL_FULL_TEXT,"Полный текст подтверждает прямой S1 business-intent: стратегические и операционные планы продаж, аналитический разбор показателей, рост продаж в РФ и ТС, оптимизация бизнес-процессов в Bitrix24, управление отделом, ключевые клиенты и сложные переговоры; вакансия прямо указывает работу с собственником бизнеса.",https://dreamjob.ru/employers/120466/vakansii/136255138,DreamJob,2026-09-09T19:02:00+03:00,Высокая,N5K-20260909-836,new_5000
N5K-0836-001,N5K-0836-001-E03,LEGAL,"ООО «ЗОЛОТОЙ ЭЛЕКТРОД» — действующее российское частное ООО, ИНН 7807066796, ОГРН 1157847029889; адрес в Санкт-Петербурге и официальный сайт/дилерская сеть связывают юридическое лицо с брендом «Золотой электрод» и Golden Bridge.",https://companies.rbc.ru/id/1157847029889-ooo-zolotoj-elektrod/,РБК Компании + официальный сайт/дилерская сеть,2026-09-09T19:02:00+03:00,Высокая,N5K-20260909-836,new_5000
N5K-0836-001,N5K-0836-001-E04,SCALE_LPR,"За 2025 год выручка ООО «ЗОЛОТОЙ ЭЛЕКТРОД» составляет 1 169 241 000 ₽, чистая прибыль 102 278 000 ₽. Единственный учредитель и генеральный директор — Ван Мэнмэн; Companium также указывает 20 сотрудников по данным ФНС за 2025 год.",https://companium.ru/id/1157847029889-zolotoy-ehlektrod,Companium + РБК Компании,2026-09-09T19:02:00+03:00,Высокая,N5K-20260909-836,new_5000
N5K-0836-001,N5K-0836-001-E05,CONTACT,Опубликованы практические корпоративные контакты +7 (812) 407-22-28 и info@goldensvar.ru. Они сохранены как корпоративные маршруты и не приписываются лично собственнику/CEO.,https://spb.spravka.city/company/zolotoy-elektrod,публичный профиль компании + официальный домен goldensvar.ru,2026-09-09T19:02:00+03:00,Средняя/высокая,N5K-20260909-836,new_5000
N5K-0837-001,N5K-0837-001-E01,SIGNAL_DATE,Русскоязычная вакансия «Коммерческий директор в международную логистику» работодателя «Группа компаний VR» размещена 9 сентября 2026 года в Москве.,https://nesiditsa.ru/vacancy/136078199,Не сидится / HH mirror,2026-09-09T19:56:00+03:00,Высокая,N5K-20260909-837,new_5000
N5K-0837-001,N5K-0837-001-E02,SIGNAL_FULL_TEXT,"Полный текст подтверждает прямой S1 business-intent: стратегический и операционный менеджмент коммерческого департамента, стратегия увеличения прибыли и запуска новых услуг, финансовое планирование и бюджетирование, планирование объемов продаж, развитие клиентской базы, KPI, грейды и оценка эффективности сотрудников.",https://nesiditsa.ru/vacancy/136078199,Не сидится / HH mirror,2026-09-09T19:56:00+03:00,Высокая,N5K-20260909-837,new_5000
N5K-0837-001,N5K-0837-001-E03,LEGAL,"Официальный сайт VR LOGISTIC указывает реквизиты ООО «ВР ЛОГИСТИК»: ИНН 7701670782, ОГРН 1067746859036; открытые реестровые источники подтверждают действующий статус российского юридического лица.",https://www.vr-logistic.ru/kontakty/,Официальный сайт VR LOGISTIC + РБК Компании/Tochka,2026-09-09T19:56:00+03:00,Высокая,N5K-20260909-837,new_5000
N5K-0837-001,N5K-0837-001-E04,SCALE_LPR,"За 2025 год выручка ООО «ВР ЛОГИСТИК» составляет 1 403 714 000 ₽, чистая прибыль 62 714 000 ₽. Генеральный директор — Русеишвили Ирина Васильевна. Учредители: КОМПАНИЯ ВРЛОГИСТИК ЛТД — 90%, Мошков Геннадий Юрьевич — 10%. Официальный сайт указывает 349 специалистов группы.",https://b2b.house/company/OOO-VR-LOGISTIK_9a1984b8-efa9-4158-b409-06038b87f974/,B2B.House + РБК Компании + официальный сайт,2026-09-09T19:56:00+03:00,Высокая,N5K-20260909-837,new_5000
N5K-0837-001,N5K-0837-001-E05,CONTACT,Официальный сайт VR LOGISTIC публикует практические корпоративные контакты +7 (495) 646-98-56 и sales@vr-logistic.ru. Они сохранены как корпоративные маршруты и не приписываются лично генеральному директору.,https://www.vr-logistic.ru/kontakty/,Официальный сайт VR LOGISTIC,2026-09-09T19:56:00+03:00,Высокая,N5K-20260909-837,new_5000
N5K-0840-001,N5K-0840-001-E01,SIGNAL_DATE,Русскоязычная вакансия «Коммерческий директор (CCO)» работодателя «Строймаркет Bismar» размещена 1 сентября 2026 года и остаётся в актуальной выдаче HeadHunter 9 сентября 2026 года.,https://nesiditsa.ru/vacancy/136834621,Не сидится / HH mirror + актуальный HH-листинг,2026-09-09T20:53:55+03:00,Высокая,N5K-20260909-840,new_5000
N5K-0840-001,N5K-0840-001-E02,SIGNAL_FULL_TEXT,"Полный текст подтверждает прямой S1 business-intent: руководитель получает полную ответственность за коммерческую функцию — продажи, маркетинг, маржу, команду и итоговый финансовый результат; бизнес прямо ставит задачу расти быстрее рынка.",https://nesiditsa.ru/vacancy/136834621,Не сидится / HH mirror,2026-09-09T20:53:55+03:00,Высокая,N5K-20260909-840,new_5000
N5K-0840-001,N5K-0840-001-E03,LEGAL,"Официальный сайт BISMAR прямо связывает бренд с ООО «Строймаркет-05» и публикует ИНН 0511404243, ОГРН 1130550000052. Актуальные реестровые источники подтверждают действующий статус российского частного юрлица.",https://bismar.pro/static/zaiavlenie-na-vozvrat-tovarov,Официальный сайт BISMAR + РБК Компании + Т-Банк,2026-09-09T20:53:55+03:00,Высокая,N5K-20260909-840,new_5000
N5K-0840-001,N5K-0840-001-E04,SCALE_LPR,"За 2025 год выручка ООО «Строймаркет-05» составляет 1 070 679 000 ₽, чистая прибыль 33 662 000 ₽. Генеральный директор — Рабаданов Мухтар Рабаданович; учредитель — Исмаилов Гамзат Алишихович. Вакансия дополнительно указывает 25 000 SKU и 5 000 м² торговой площади.",https://www.tbank.ru/business/contractor/legal/1130550000052/,Т-Банк + РБК Компании + Companium,2026-09-09T20:53:55+03:00,Высокая,N5K-20260909-840,new_5000
N5K-0840-001,N5K-0840-001-E05,CONTACT,Официальная страница BISMAR одновременно публикует точное юрлицо и практические корпоративные контакты +7 (967) 699-05-50 и info@bismar.pro. Они сохранены как корпоративные маршруты и не приписываются лично генеральному директору.,https://bismar.pro/static/zaiavlenie-na-vozvrat-tovarov,Официальный сайт BISMAR,2026-09-09T20:53:55+03:00,Высокая,N5K-20260909-840,new_5000
N5K-0841-001,N5K-0841-001-E01,SIGNAL_DATE,Свежая русскоязычная вакансия «Руководитель отдела продаж» работодателя ТПК Брик присутствует в актуальной выдаче HeadHunter/JobCareer 9 сентября 2026 года.,https://samara.jobcareer.ru/jobs/rukovoditel-otdela-prodaz/,JobCareer / HH listing,2026-09-09T21:52:15+03:00,Высокая,N5K-20260909-841,new_5000
N5K-0841-001,N5K-0841-001-E02,SIGNAL_FULL_TEXT,"Полный доступный текст той же роли и компании подтверждает прямой S1 business-intent: компания масштабируется; задача руководителя — выстроить мощную систему продаж, кратно увеличить выручку, работать с крупными B2B-клиентами, стратегией и построением отдела.",https://dreamjob.ru/employers/156690/vakansii/132532861,DreamJob / HH mirror,2026-09-09T21:52:15+03:00,Высокая,N5K-20260909-841,new_5000
N5K-0841-001,N5K-0841-001-E03,LEGAL,"Официальный сайт ТПК Брик публикует полное юрлицо ООО «Торгово-производственная компания Брик», ИНН 6318241432 и ОГРН 1146318002797. Реестровые источники подтверждают действующий статус российского частного юрлица.",https://tpkbrik.ru/contact-us/,Официальный сайт ТПК Брик + РБК Компании,2026-09-09T21:52:15+03:00,Высокая,N5K-20260909-841,new_5000
N5K-0841-001,N5K-0841-001-E04,SCALE_LPR,"За 2025 год выручка ООО «ТПК Брик» составляет 868 406 000 ₽, чистая прибыль 37 829 000 ₽; компания относится к средним предприятиям. Петров Игорь Владимирович — генеральный директор и совладелец; официальный сайт называет его управляющим собственником ООО «ТПК Брик».",https://tpkbrik.ru/,Официальный сайт ТПК Брик + B2B.House + РБК Компании,2026-09-09T21:52:15+03:00,Высокая,N5K-20260909-841,new_5000
N5K-0841-001,N5K-0841-001-E05,CONTACT,Официальная страница ТПК Брик одновременно публикует точное юрлицо и практические корпоративные контакты +7 (846) 203-07-17 и info@tpkbrik.ru. Они сохранены как корпоративные маршруты и не приписываются лично генеральному директору.,https://tpkbrik.ru/contact-us/,Официальный сайт ТПК Брик,2026-09-09T21:52:15+03:00,Высокая,N5K-20260909-841,new_5000
N5K-0842-001,N5K-0842-001-E01,SIGNAL_DATE,Свежая русскоязычная вакансия «Руководитель отдела продаж» работодателя АСТЕРА размещена 7 сентября 2026 года.,https://nesiditsa.ru/vacancy/136999311,Не сидится / HH mirror,2026-09-09T22:57:13+03:00,Высокая,N5K-20260909-842,new_5000
N5K-0842-001,N5K-0842-001-E02,SIGNAL_FULL_TEXT,Полный текст подтверждает прямой S1 business-intent: стратегически важное направление проектных продаж; формирование и развитие команды; KPI; системная работа с проектными институтами; развитие новых регионов; обеспечение будущего потока заказов.,https://nesiditsa.ru/vacancy/136999311,Не сидится / HH mirror,2026-09-09T22:57:13+03:00,Высокая,N5K-20260909-842,new_5000
N5K-0842-001,N5K-0842-001-E03,LEGAL,"Действующее частное ООО «АСТЕРА» имеет ИНН 6165239384 и ОГРН 1246100012597. Официальный сайт называет компанию ООО «Астера» и генерального директора Долю Сергея Анатольевича; актуальный реестровый источник подтверждает те же ИНН/ОГРН, руководителя и текущий действующий статус.",https://www.tbank.ru/business/contractor/legal/1246100012597/,Т-Банк Бизнес + официальный сайт Астера,2026-09-09T22:57:13+03:00,Высокая,N5K-20260909-842,new_5000
N5K-0842-001,N5K-0842-001-E04,SCALE_LPR,"За 2025 год выручка ООО «АСТЕРА» составляет 811,57 млн ₽, рост около 309% год к году, чистая прибыль 6,73 млн ₽. Доля Сергей Анатольевич является генеральным директором и 100% собственником; официальный сайт также подписывает его как генерального директора ООО «Астера».",https://www.tbank.ru/business/contractor/legal/1246100012597/,Т-Банк Бизнес + TestFirm + официальный сайт Астера,2026-09-09T22:57:13+03:00,Высокая,N5K-20260909-842,new_5000
N5K-0842-001,N5K-0842-001-E05,CONTACT,Официальный сайт Астера публикует практические корпоративные контакты 8 (800) 444-08-55 и office@astera.pro. Они сохранены как корпоративные маршруты и не приписываются лично генеральному директору.,https://astera.pro/,Официальный сайт Астера,2026-09-09T22:57:13+03:00,Высокая,N5K-20260909-842,new_5000
N5K-0845-001,N5K-0845-001-E01,SIGNAL_DATE,Русскоязычная вакансия «Руководитель отдела продаж» работодателя МИРТРУБПЛАСТ опубликована 17 августа 2026 года и доступна через HH-интеграцию Dream Job.,https://dreamjob.ru/employers/172775/vakansii/136312695,Dream Job / HH,2026-09-09T23:57:47+03:00,Высокая,N5K-20260909-845,new_5000
N5K-0845-001,N5K-0845-001-E02,SIGNAL_FULL_TEXT,Полный текст подтверждает прямой S1 business-intent: открытие второго отдела продаж; увеличение объёмов продаж через новых клиентов и эффективное управление менеджерами; обучение и адаптация; разработка мотивации; систематизация клиентской базы; отчётность; ценовая политика; CRM Bitrix24 и аналитическое планирование.,https://dreamjob.ru/employers/172775/vakansii/136312695,Dream Job / HH,2026-09-09T23:57:47+03:00,Высокая,N5K-20260909-845,new_5000
N5K-0845-001,N5K-0845-001-E03,LEGAL,Актуальный официальный сайт группы заводов «МирТрубПласт» публикует для бизнеса ИНН 1660334393 и ОГРН 1191690067623; эти реквизиты принадлежат действующему частному ООО «МИРТРУБ». Таким образом подтверждена текущая связь бренда МирТрубПласт с точным действующим юрлицом.,https://mirtrub.ru/about/,Официальный сайт МирТрубПласт + Т-Банк Бизнес,2026-09-09T23:57:47+03:00,Высокая,N5K-20260909-845,new_5000
N5K-0845-001,N5K-0845-001-E04,SCALE_LPR,"За 2025 год выручка ООО «МИРТРУБ» составляет около 1,07 млрд ₽, чистая прибыль около 2,51 млн ₽. Генеральный директор и 100% собственник — Кузнецова Евгения Илгамовна.",https://www.tbank.ru/business/contractor/legal/1191690067623/,Т-Банк Бизнес + РБК Компании,2026-09-09T23:57:47+03:00,Высокая,N5K-20260909-845,new_5000
N5K-0845-001,N5K-0845-001-E05,CONTACT,Официальный сайт МирТрубПласт публикует практические корпоративные контакты 8 (800) 555-28-29 и opt@mirtrub.ru. Они сохранены как корпоративные маршруты и не приписываются лично генеральному директору.,https://mirtrub.ru/about/,Официальный сайт МирТрубПласт,2026-09-09T23:57:47+03:00,Высокая,N5K-20260909-845,new_5000
N5K-0847-001,N5K-0847-001-E01,SIGNAL_DATE,Русскоязычная вакансия «Директор по продажам» работодателя Лартэ была актуальна 9 сентября 2026 года.,https://dreamjob.ru/employers/174509/vakansii/137091965,Dream Job / HH,2026-09-10T01:04:00+03:00,Высокая,N5K-20260910-847,new_5000
N5K-0847-001,N5K-0847-001-E02,SIGNAL_FULL_TEXT,"Полный текст подтверждает прямой S1 business-intent: разработка и реализация стратегии продаж, выполнение планов, управление выручкой и маржинальностью, управление отношениями с ключевыми федеральными клиентами и коммерческой командой.",https://dreamjob.ru/employers/174509/vakansii/137091965,Dream Job / HH,2026-09-10T01:04:00+03:00,Высокая,N5K-20260910-847,new_5000
N5K-0847-001,N5K-0847-001-E03,LEGAL,"Действующее частное ООО «ЛАРТЭ ДЕЛЬ БЕЛЛО» имеет ИНН 7733309836 и ОГРН 5167746427624; бренд L'arte del bello используется этим юрлицом в федеральной рознице, включая карточки продавца у крупных сетей.",https://companies.rbc.ru/id/5167746427624-ooo-topaz/,РБК Компании + ЛЭТУАЛЬ,2026-09-10T01:04:00+03:00,Высокая,N5K-20260910-847,new_5000
N5K-0847-001,N5K-0847-001-E04,SCALE_LPR,"За 2025 год выручка ООО «ЛАРТЭ ДЕЛЬ БЕЛЛО» составляет 454 020 000 ₽, чистая прибыль 10 114 000 ₽. Генеральный директор и 100% собственник — Мостовой Виктор Наумович.",https://b2b.house/company/OOO-LARTE-DEL-BELLO_e37163b6-8ca8-4e8a-85ea-75136abf156c/,B2B.House + РБК Компании,2026-09-10T01:04:00+03:00,Высокая,N5K-20260910-847,new_5000
N5K-0847-001,N5K-0847-001-E05,CONTACT,Для L'arte del bello опубликован практический корпоративный телефон 8 (495) 136-78-78 и указан официальный сайт бренда lartecosmetics.ru; контакт не приписывается лично генеральному директору.,https://moscow.cataloxy.ru/firms/www.lartecosmetics.ru.htm,Cataloxy,2026-09-10T01:04:00+03:00,Средняя,N5K-20260910-847,new_5000
N5K-0848-001,N5K-0848-001-E01,SIGNAL_DATE,"На 10 сентября 2026 года русскоязычная вакансия руководителя отдела продаж ООО «АгатПак» присутствует в актуальной российской job-board выдаче, а официальный карьерный раздел компании продолжает публиковать эту роль.",https://agatpack.ru/about/career/,Официальный сайт АгатПак + HH,2026-09-10T01:55:00+03:00,Высокая,N5K-20260910-848,new_5000
N5K-0848-001,N5K-0848-001-E02,SIGNAL_FULL_TEXT,"Полный текст на официальной карьерной странице формулирует прямой S1: не просто администрировать отдел, а выстроить сильную результативную систему продаж; управлять командой, планированием и обучением; контролировать план, КП, звонки, договоры и дебиторскую задолженность.",https://agatpack.ru/about/career/,Официальный сайт АгатПак,2026-09-10T01:55:00+03:00,Высокая,N5K-20260910-848,new_5000
N5K-0848-001,N5K-0848-001-E03,LEGAL,"Официальная страница контактов напрямую указывает ООО «АгатПак», ИНН 2311176850, ОГРН 1142311011787 и генерального директора Новоселова Михаила Евгеньевича; компания действующая.",https://agatpack.ru/contacts/,Официальный сайт АгатПак + РБК Компании,2026-09-10T01:55:00+03:00,Высокая,N5K-20260910-848,new_5000
N5K-0848-001,N5K-0848-001-E04,SCALE_LPR,"За 2025 год выручка ООО «АГАТПАК» составляет 548 313 000 ₽, чистая прибыль 13 322 000 ₽, среднесписочная численность 32; Новоселов Михаил Евгеньевич — генеральный директор и 100% собственник.",https://www.tbank.ru/business/contractor/legal/1142311011787/,Т-Банк + Фирмотека,2026-09-10T01:55:00+03:00,Высокая,N5K-20260910-848,new_5000
N5K-0848-001,N5K-0848-001-E05,CONTACT,Официальный сайт публикует практические корпоративные маршруты +7 (861) 205-35-53 и info@agatpak.ru; они не приписываются лично генеральному директору.,https://agatpack.ru/contacts/,Официальный сайт АгатПак,2026-09-10T01:55:00+03:00,Высокая,N5K-20260910-848,new_5000
N5K-0851-001,N5K-0851-001-E01,SIGNAL_DATE,Русскоязычная вакансия руководителя отдела продаж компании «Трактороцентр» обновлена 3 сентября 2026 года и доступна в свежей российской job-board выдаче на 10 сентября 2026 года.,https://svoevagro.ru/vacancies/2136964457,Своё Агро,2026-09-10T03:10:00+03:00,Высокая,N5K-20260910-851,new_5000
N5K-0851-001,N5K-0851-001-E02,SIGNAL_FULL_TEXT,"Полный текст вакансии содержит бизнес-intent: управление отделом продаж с постановкой целей и контролем планов; разработка и внедрение стратегий продаж запасных частей, смазочных материалов, аккумуляторов, шин и другой продукции для спецтехники и грузового транспорта. Работодатель указывает широкую филиальную сеть и официальные дилерские контракты.",https://svoevagro.ru/vacancies/2136964457,Своё Агро,2026-09-10T03:10:00+03:00,Высокая,N5K-20260910-851,new_5000
N5K-0851-001,N5K-0851-001-E03,LEGAL,"ООО «ТРАКТОРОЦЕНТР» — действующее российское частное юрлицо, ИНН 3525093314, ОГРН 1023500889499, адрес в Вологде ул. Гагарина 83А; директор и 100% учредитель — Тихов Александр Геннадьевич.",https://companies.rbc.ru/id/1023500889499-ooo-traktorotsentr/,РБК Компании,2026-09-10T03:10:00+03:00,Высокая,N5K-20260910-851,new_5000
N5K-0851-001,N5K-0851-001-E04,SCALE_LPR,"За 2025 год выручка ООО «ТРАКТОРОЦЕНТР» составляет 3 039 982 000 ₽, чистая прибыль 29 568 000 ₽; актуальный источник указывает 165 сотрудников; директор и 100% собственник — Тихов Александр Геннадьевич.",https://firmoteka.ru/3525093314,Фирмотека + РБК Компании,2026-09-10T03:10:00+03:00,Высокая,N5K-20260910-851,new_5000
N5K-0851-001,N5K-0851-001-E05,CONTACT,"Официальный сайт публикует практические корпоративные контакты Вологды +7 (8172) 51-85-50 и info@voltrak.ru, а также прямые профессиональные контакты директора по продажам с/х техники Далийчука Виталия Ивановича: +7 (999) 309-19-26 и daliychuk@voltrak.ru.",https://voltrak.ru/contacts,Официальный сайт Трактороцентр,2026-09-10T03:10:00+03:00,Высокая,N5K-20260910-851,new_5000
N5K-0854-001,N5K-0854-001-E01,SIGNAL_DATE,Свежая русскоязычная вакансия руководителя отдела продаж ФУРКОМПЛЕКТ в Краснодаре присутствует в актуальной HH-выдаче 9 сентября 2026 года; независимый полный mirror фиксирует публикацию той же роли 6 сентября 2026 года.,https://krasnodar.jobcareer.ru/jobs/rukovoditel-otdela-prodaz/,JobCareer / HH + DreamJob,2026-09-10T04:08:00+03:00,Высокая,N5K-20260910-854,new_5000
N5K-0854-001,N5K-0854-001-E02,SIGNAL_FULL_TEXT,"Полный текст вакансии ФУРКОМПЛЕКТ подтверждает S1 business-intent: компания планово расширяется; руководителю нужно вести личные прямые B2B-продажи, управлять и развивать отдел продаж, выполнять планы, контролировать и оптимизировать склад/доставку/оформление, владеть технологиями продаж и управлением воронками, развивать компанию и новичков.",https://dreamjob.ru/employers/289403/vakansii/136072335,DreamJob,2026-09-10T04:08:00+03:00,Высокая,N5K-20260910-854,new_5000
N5K-0854-001,N5K-0854-001-E03,LEGAL,"ООО «ФУРКОМПЛЕКТ» — действующее российское частное юрлицо, ИНН 6166060686, ОГРН 1076166001174; официальный сайт прямо публикует точное юрлицо и ИНН, а актуальный корпоративный источник подтверждает действующий статус.",https://furkomplekt.ru/,Официальный сайт ФУРКОМПЛЕКТ + Saby,2026-09-10T04:08:00+03:00,Высокая,N5K-20260910-854,new_5000
N5K-0854-001,N5K-0854-001-E04,SCALE_LPR,"За 2025 год выручка ООО «ФУРКОМПЛЕКТ» составляет 472 357 000 ₽, чистая прибыль 64 396 000 ₽; актуальный источник указывает генерального директора Песьяникова Сергея Анатольевича с 24 марта 2026 года. Финансовые показатели подтверждены независимым источником.",https://saby.ru/profile/6166060686-616601001,СБИС/Saby + РБК Компании,2026-09-10T04:08:00+03:00,Высокая,N5K-20260910-854,new_5000
N5K-0854-001,N5K-0854-001-E05,CONTACT,Официальный сайт ООО «ФУРКОМПЛЕКТ» публикует практические корпоративные контакты +7 (968) 284-87-66 и info@furkomplekt.ru.,https://furkomplekt.ru/,Официальный сайт ФУРКОМПЛЕКТ,2026-09-10T04:08:00+03:00,Высокая,N5K-20260910-854,new_5000
N5K-0856-001,N5K-0856-001-E01,SIGNAL_DATE,Свежая русскоязычная вакансия руководителя отдела продаж компании «Сибирский Банный Чан» опубликована 4 сентября 2026 года в Новосибирске и доступна в актуальной выдаче.,https://dreamjob.ru/employers/97492/vakansii/136982909,DreamJob / HH,2026-09-10T05:02:00+03:00,Высокая,N5K-20260910-856,new_5000
N5K-0856-001,N5K-0856-001-E02,SIGNAL_FULL_TEXT,"Полный текст вакансии подтверждает S1 business-intent: ежедневное управление 8–10 менеджерами, контроль CRM-гигиены и воронки, анализ переписок и звонков, KPI и грейды, найм/обучение, обратная связь маркетингу по качеству лидов и участие в крупных сделках.",https://dreamjob.ru/employers/97492/vakansii/136982909,DreamJob / HH,2026-09-10T05:02:00+03:00,Высокая,N5K-20260910-856,new_5000
N5K-0856-001,N5K-0856-001-E03,LEGAL,"Официальный сайт бренда прямо указывает ООО «СБЧ»; действующее российское частное юрлицо имеет ИНН 5406801258 и ОГРН 1195476072978. РБК Компании подтверждает действующий статус и принадлежность товарных знаков, включая «СИБИРСКИЙ БАННЫЙ ЧАН», ООО «СБЧ».",https://sibach.ru/newmain,Официальный сайт Сибирский Банный Чан + РБК Компании,2026-09-10T05:02:00+03:00,Высокая,N5K-20260910-856,new_5000
N5K-0856-001,N5K-0856-001-E04,SCALE_LPR,"За 2025 год выручка ООО «СБЧ» составляет 510 712 000 ₽, чистая прибыль 9 250 000 ₽; директор — Лазарев Дмитрий Владимирович. Финансовые показатели подтверждены двумя независимыми открытыми источниками.",https://companies.rbc.ru/id/1195476072978-obschestvo-s-ogranichennoj-otvetstvennostyu-sbch/,РБК Компании + B2B.house + STAR,2026-09-10T05:02:00+03:00,Высокая,N5K-20260910-856,new_5000
N5K-0856-001,N5K-0856-001-E05,CONTACT,Официальный сайт ООО «СБЧ» публикует практические корпоративные контакты 8 (800) 770-73-91 и info@sibach.ru; отдельная официальная страница контактов также публикует корпоративные HR-маршруты и адреса компании.,https://sibach.ru/newmain,Официальный сайт Сибирский Банный Чан,2026-09-10T05:02:00+03:00,Высокая,N5K-20260910-856,new_5000
N5K-0857-001,N5K-0857-001-E01,SIGNAL_DATE,На 10 сентября 2026 года в свежей русскоязычной HH-выдаче присутствует вакансия СканТур «Руководитель отдела продаж / Руководитель по развитию партнёрской сети (B2B)»; текущая страница вакансии доступна через DreamJob.,https://dreamjob.ru/employers/188328/vakansii/136067140,HH / DreamJob,2026-09-10T05:55:00+03:00,Высокая,N5K-20260910-857,new_5000
N5K-0857-001,N5K-0857-001-E02,SIGNAL_FULL_TEXT,"Полный текущий текст вакансии подтверждает S1 business-intent: управление коммерческим B2B-каналом и агентской сетью, подключение новых агентств, реактивация базы, анализ коммерческих показателей и узких мест, KPI и развитие команды; официальный карьерный раздел дополнительно подтверждает работу с воронкой, конверсией, скриптами и регламентами.",https://scantour.ru/vakansii,Официальный карьерный раздел СканТур + текущая DreamJob вакансия,2026-09-10T05:55:00+03:00,Высокая,N5K-20260910-857,new_5000
N5K-0857-001,N5K-0857-001-E03,LEGAL,Официальные страницы СканТур прямо указывают ООО «СКАНТУР» ИНН 7842042935 и ОГРН 1157847207924; компания действующая российская и частная. Официальная оферта и страница контактов дают независимое подтверждение exact legal linkage бренда.,https://scantour.ru/kontakty,Официальный сайт СканТур + официальная оферта,2026-09-10T05:55:00+03:00,Высокая,N5K-20260910-857,new_5000
N5K-0857-001,N5K-0857-001-E04,SCALE_LPR,За 2025 год выручка ООО «СКАНТУР» составляет 528 960 000 ₽ чистая прибыль 11 103 000 ₽. Генеральный директор и 100% собственник — Цветков Роман Эдуардович; показатели и ЛПР подтверждены двумя независимыми источниками.,https://companies.rbc.ru/id/1157847207924-obschestvo-s-ogranichennoj-otvetstvennostyu-skantur/,РБК Компании + Т-Банк,2026-09-10T05:55:00+03:00,Высокая,N5K-20260910-857,new_5000
N5K-0857-001,N5K-0857-001-E05,CONTACT,Официальный сайт СканТур публикует практические контакты агентского/B2B отдела: 8 (812) 603-47-41 и corporate2@scantour.ru. Контакты сохранены как корпоративные и не приписываются лично генеральному директору.,https://scantour.ru/kontakty,Официальный сайт СканТур,2026-09-10T05:55:00+03:00,Высокая,N5K-20260910-857,new_5000
N5K-0858-001,N5K-0858-001-E01,SIGNAL_DATE,Свежая русскоязычная вакансия «Операционный директор (COO)» опубликована 27 августа 2026 года и актуальна в сентябре 2026 года.,https://dreamjob.ru/employers/5154291/vakansii/136694099,HH / DreamJob,2026-09-10T06:56:39+03:00,Высокая,N5K-20260910-858,new_5000
N5K-0858-001,N5K-0858-001-E02,SIGNAL_FULL_TEXT,"Полный текст вакансии подтверждает прямой S1 business-intent: активный рост компании, перестройка операционной модели, автоматизация ERP/WMS, выстраивание сквозных процессов производства-закупок-склада-продаж-финансов, внедрение KPI, управленческой отчётности и дашбордов, повышение оборачиваемости и масштабирование операционной инфраструктуры.",https://dreamjob.ru/employers/5154291/vakansii/136694099,HH / DreamJob,2026-09-10T06:56:39+03:00,Высокая,N5K-20260910-858,new_5000
N5K-0858-001,N5K-0858-001-E03,LEGAL,"HH-профиль работодателя ООО «Натури Фарм» указывает официальный сайт https://naturipharm.ru/; официальный сайт публикует info@naturipharm.ru, а открытый реестровый источник для ООО «НАТУРИ ФАРМ» ИНН 5024235032 ОГРН 1235000093173 публикует тот же корпоративный email. Компания действующая и частная.",https://hh.ru/employer/11304379,HH + официальный сайт Naturi Pharm + Companium,2026-09-10T06:56:39+03:00,Высокая,N5K-20260910-858,new_5000
N5K-0858-001,N5K-0858-001-E04,SCALE_LPR,"За 2025 год выручка ООО «НАТУРИ ФАРМ» составляет 297 058 000 ₽, чистая прибыль 3 023 000 ₽; независимый источник указывает 32 сотрудника. Генеральный директор и 100% собственник — Попов Игорь Федорович.",https://companies.rbc.ru/id/1235000093173-ooo-ooo-naturi-farm/,РБК Компании + Companium + ЗаЧестныйБизнес,2026-09-10T06:56:39+03:00,Высокая,N5K-20260910-858,new_5000
N5K-0858-001,N5K-0858-001-E05,CONTACT,Официальный сайт Naturi Pharm публикует практические корпоративные контакты +7 928 424 40 42 и info@naturipharm.ru. Они сохранены как корпоративные и не приписываются лично генеральному директору.,https://naturipharm.ru/,Официальный сайт Naturi Pharm,2026-09-10T06:56:39+03:00,Высокая,N5K-20260910-858,new_5000
N5K-0862-001,N5K-0862-001-E01,SIGNAL_DATE,Свежая русскоязычная вакансия «Руководитель отдела продаж» опубликована 3 сентября 2026 года для запуска нового филиала NESCO в Ярославле.,https://dreamjob.ru/employers/55009/vakansii/136927966,DreamJob / HH,2026-09-10T08:01:00+03:00,Высокая,N5K-20260910-862,new_5000
N5K-0862-001,N5K-0862-001-E02,SIGNAL_FULL_TEXT,"Полный текст подтверждает прямой S1 business-intent: стратегическое расширение географии; запуск и построение отдела продаж нового филиала с нуля; разработка региональной стратегии продаж HoReCa, Retail и B2B; активный поиск ключевых клиентов; найм, обучение и управление командой; KPI и CRM.",https://dreamjob.ru/employers/55009/vakansii/136927966,DreamJob / HH,2026-09-10T08:01:00+03:00,Высокая,N5K-20260910-862,new_5000
N5K-0862-001,N5K-0862-001-E03,LEGAL,"АО «НЕСКО САНКТ-ПЕТЕРБУРГ» действует; ИНН 7806045105, ОГРН 1037816002498. Реестровые данные указывают код формы собственности ОКФС 16 — частная собственность; торговые марки NESCO принадлежат этому юрлицу, официальный сайт nesco.ru публикует его корпоративные контакты.",https://companies.rbc.ru/id/1037816002498-zao-nesko-sankt-peterburg/,РБК Компании + официальный сайт NESCO,2026-09-10T08:01:00+03:00,Высокая,N5K-20260910-862,new_5000
N5K-0862-001,N5K-0862-001-E04,SCALE_LPR,"За 2025 год выручка АО «НЕСКО САНКТ-ПЕТЕРБУРГ» составляет около 4,12 млрд ₽, чистая прибыль около 71,42 млн ₽. Генеральный директор — Геллер Владимир Андреевич.",https://www.tbank.ru/business/contractor/legal/1037816002498/,Т-Банк + FBC,2026-09-10T08:01:00+03:00,Высокая,N5K-20260910-862,new_5000
N5K-0862-001,N5K-0862-001-E05,CONTACT,Официальный сайт NESCO публикует практические корпоративные контакты +7 812 676-98-00 и mail@nescospb.ru; они сохранены как корпоративные и не приписываются лично генеральному директору.,https://nesco.ru/contacts/,Официальный сайт NESCO,2026-09-10T08:01:00+03:00,Высокая,N5K-20260910-862,new_5000
N5K-0867-001,N5K-0867-001-E01,SIGNAL_DATE,Свежая русскоязычная вакансия «Руководитель отдела продаж (федеральные бренды / наружная реклама)» опубликована 3 сентября 2026 года в Москве и остаётся в актуальной выдаче на 10 сентября 2026 года.,https://dreamjob.ru/employers/114078/vakansii/136954112,DreamJob / HH,2026-09-10T09:12:00+03:00,Высокая,N5K-20260910-867,new_5000
N5K-0867-001,N5K-0867-001-E02,SIGNAL_FULL_TEXT,"Полный текст подтверждает прямой S1 business-intent: разработка и реализация стратегии продаж для сегмента федеральных брендов, поиск точек роста, оценка эффективности команды, развитие и наставничество, внедрение метрик и инструментов повышения продуктивности, анализ рынка и меняющихся потребностей крупных клиентов.",https://dreamjob.ru/employers/114078/vakansii/136954112,DreamJob / HH,2026-09-10T09:12:00+03:00,Высокая,N5K-20260910-867,new_5000
N5K-0867-001,N5K-0867-001-E03,LEGAL,"Официальный сайт Медиагруппы РИМ прямо указывает оператором сайта ООО УК «РИМ-ЦЕНТР», ИНН 1655443693, ОГРН 1201600068240. Юрлицо действует; 100% собственник — Фомин Илья Александрович. В 2026 году рекламные материалы Медиагруппы РИМ также идентифицируют ООО УК «РИМ-ЦЕНТР» как рекламодателя.",https://rim-group.ru/contacts/,Официальный сайт Медиагруппы РИМ + AdMonitor,2026-09-10T09:12:00+03:00,Высокая,N5K-20260910-867,new_5000
N5K-0867-001,N5K-0867-001-E04,SCALE_LPR,"По актуальным данным выручка ООО УК «РИМ-ЦЕНТР» за 2025 год составляет около 355,1 млн ₽, численность 77 сотрудников. Фомин Илья Александрович — 100% собственник и действующий директор с 21 мая 2026 года; это подтверждают Т-Банк, СПАРК/Интерфакс и реестровый источник с датой вступления в должность.",https://www.tbank.ru/business/contractor/legal/1201600068240/,Т-Банк + СПАРК/Интерфакс + Prima-Inform,2026-09-10T09:12:00+03:00,Высокая,N5K-20260910-867,new_5000
N5K-0867-001,N5K-0867-001-E05,CONTACT,Официальный сайт Медиагруппы РИМ публикует практический корпоративный телефон 8 800 551-35-03 и корпоративный email hello@rim-m.ru в реквизитах оператора ООО УК «РИМ-ЦЕНТР»; контакты не приписываются лично директору.,https://rim-group.ru/contacts/,Официальный сайт Медиагруппы РИМ,2026-09-10T09:12:00+03:00,Высокая,N5K-20260910-867,new_5000
N5K-0871-001,N5K-0871-001-E01,SIGNAL_DATE,Русскоязычная вакансия «Руководитель отдела продаж» опубликована 1 сентября 2026 года в Уфе и повторно проверена 10 сентября 2026 года.,https://dreamjob.ru/employers/2848197/vakansii/136858030,DreamJob / HH,2026-09-10T10:05:00+03:00,Высокая,N5K-20260910-871,new_5000
N5K-0871-001,N5K-0871-001-E02,SIGNAL_FULL_TEXT,"Полный текст подтверждает прямой S1: управление отделом продаж, разработка и реализация стратегии продаж, вывод новых продуктов на рынок, анализ рынка и конкурентов, переговоры с ключевыми клиентами и холодные продажи.",https://dreamjob.ru/employers/2848197/vakansii/136858030,DreamJob / HH,2026-09-10T10:05:00+03:00,Высокая,N5K-20260910-871,new_5000
N5K-0871-001,N5K-0871-001-E03,LEGAL,"Официальный сайт группы ENNERA прямо идентифицирует ПК «АЗИМУТ» с ИНН 0245970775 и сайтом azimut-group.ru; актуальные реестровые источники подтверждают ООО ПК «АЗИМУТ», ОГРН 1230200016716, действующий статус и производство материалов для дорожной разметки в Уфимском районе.",https://ennera.ru/company/,Официальный сайт ENNERA + Saby + B2B.house,2026-09-10T10:05:00+03:00,Высокая,N5K-20260910-871,new_5000
N5K-0871-001,N5K-0871-001-E04,SCALE_LPR,"За 2025 год выручка ООО ПК «АЗИМУТ» составляет 779.6 млн ₽, чистая прибыль 2.03 млн ₽, среднесписочная численность 50 сотрудников. Директор — Завгородний Сергей Иванович. Корпоративный учредитель — ООО ГК «ЭННЕРА» по актуальному реестровому источнику.",https://b2b.house/company/OOO-PK-AZIMUT_79010192-d6f7-4ae0-b0a8-b27807978f2d/,B2B.house/ФНС + Saby,2026-09-10T10:05:00+03:00,Высокая,N5K-20260910-871,new_5000
N5K-0871-001,N5K-0871-001-E05,CONTACT,Официальный сайт ПК «АЗИМУТ» публикует практический корпоративный телефон 8 (800) 222-20-83 и email pk@azimut-group.ru; контакты не приписываются лично директору.,https://azimut-group.ru/proizvodstvo/,Официальный сайт ПК АЗИМУТ,2026-09-10T10:05:00+03:00,Высокая,N5K-20260910-871,new_5000
N5K-0872-001,N5K-0872-001-E01,SIGNAL_DATE,Русскоязычная вакансия «Руководитель отдела продаж/ Руководитель отдела по работе с клиентами» обновлена 9 сентября 2026 года и повторно проверена 10 сентября 2026 года.,https://svoevagro.ru/vacancies/2136340767,СвоеВагро / HH mirror,2026-09-10T10:53:00+03:00,Высокая,N5K-20260910-872,new_5000
N5K-0872-001,N5K-0872-001-E02,SIGNAL_FULL_TEXT,"Текущий полный текст подтверждает прямой S1: развитие бизнеса и приоритетных сегментов, формирование целевого списка фармкомпаний, системная работа с целевой клиентской базой, выполнение плана продаж, личное участие руководителя в ключевых продажах, найм и адаптация менеджеров, постановка и контроль планов, CRM-дисциплина, контроль ключевых сделок и сложные переговоры.",https://svoevagro.ru/vacancies/2136340767,СвоеВагро / HH mirror,2026-09-10T10:53:00+03:00,Высокая,N5K-20260910-872,new_5000
N5K-0872-001,N5K-0872-001-E03,LEGAL,"HH-профиль работодателя идентифицирует ООО «ХромсистемсЛаб» и сайт chromolab.ru; официальный сайт прямо указывает ООО «ХромсистемсЛаб», ИНН 7727719369; актуальные реестровые источники подтверждают ОГРН 1107746428569 и действующий российский статус.",https://www.chromolab.ru/,Официальный Chromolab + HH + Xfirm + T-Банк,2026-09-10T10:53:00+03:00,Высокая,N5K-20260910-872,new_5000
N5K-0872-001,N5K-0872-001-E04,SCALE_LPR,"За 2025 год выручка ООО «ХРОМСИСТЕМСЛАБ» составляет 997.16 млн ₽, чистая прибыль 60.725 млн ₽, численность 157 сотрудников. Генеральный директор с 18 августа 2025 года — Черданцева Анастасия Сергеевна. Учредители-физлица: Штейнберг Анатолий Владимирович 51%, Глаговский Павел Борисович 25.01%, Хомяков Степан Анатольевич 23.99%.",https://xfirm.ru/company/7727719369,Xfirm/ФНС + B2B.house + T-Банк,2026-09-10T10:53:00+03:00,Высокая,N5K-20260910-872,new_5000
N5K-0872-001,N5K-0872-001-E05,CONTACT,Официальный сайт Chromolab публикует практический корпоративный телефон 8 (800) 600-24-46 и email contact@chromolab.ru; контакты не приписываются лично генеральному директору.,https://www.chromolab.ru/,Официальный сайт Chromolab,2026-09-10T10:53:00+03:00,Высокая,N5K-20260910-872,new_5000
N5K-0874-001,N5K-0874-001-E01,SIGNAL_DATE,Русскоязычная вакансия «Руководитель отдела продаж программных продуктов» опубликована 5 сентября 2026 года и актуальна до 5 октября 2026 года.,https://st-petersburg.cataloxy.ru/rabota/vacancy1128520118_rukovoditel-otdela-prodazh-programmnyh-produktov.htm,Cataloxy / HH mirror,2026-09-10T12:02:00+03:00,Высокая,N5K-20260910-874,new_5000
N5K-0874-001,N5K-0874-001-E02,SIGNAL_FULL_TEXT,"Полный текущий текст подтверждает прямой S1: управление отделом проектных продаж, выполнение плана и развитие клиентской базы, планирование продаж, внедрение стандартов и процессов продуктивности, постановка и контроль KPI, подбор, обучение и постоянное развитие сотрудников.",https://st-petersburg.cataloxy.ru/rabota/vacancy1128520118_rukovoditel-otdela-prodazh-programmnyh-produktov.htm,Cataloxy / HH mirror,2026-09-10T12:02:00+03:00,Высокая,N5K-20260910-874,new_5000
N5K-0874-001,N5K-0874-001-E03,LEGAL,"Официальный сайт СкадаСистемы прямо публикует реквизиты ООО «СкадаСистемы»: ИНН 7841099569, ОГРН 1227800091860, юридический адрес в Санкт-Петербурге; независимый реестровый источник подтверждает действующий статус.",https://www.scadasystems.ru/company/requisites/,Официальный СкадаСистемы + Точка,2026-09-10T12:02:00+03:00,Высокая,N5K-20260910-874,new_5000
N5K-0874-001,N5K-0874-001-E04,SCALE_LPR,"За 2025 год выручка ООО «СКАДАСИСТЕМЫ» составляет 334,84 млн ₽, прибыль 91,3 млн ₽. Генеральный директор — Терентьев Валентин Валентинович; учредители: Терентьев Валентин Валентинович 50% и Крюкова Людмила Александровна 50%.",https://www.tbank.ru/business/contractor/legal/1227800091860/,Т-Банк + Точка,2026-09-10T12:02:00+03:00,Высокая,N5K-20260910-874,new_5000
N5K-0874-001,N5K-0874-001-E05,CONTACT,Официальный сайт СкадаСистемы публикует практический корпоративный телефон +7 (812) 995-00-95 и email scs@scadasystems.ru; контакты не приписываются лично генеральному директору.,https://www.scadasystems.ru/contacts/,Официальный сайт СкадаСистемы,2026-09-10T12:02:00+03:00,Высокая,N5K-20260910-874,new_5000
N5K-0876-001,N5K-0876-001-E01,SIGNAL_DATE,Официальная русскоязычная вакансия «Директор дивизиона» опубликована 9 сентября 2026 года на карьерной странице компании.,https://gerkules.com/about/vacancy/,Официальный сайт Геркулес-Сибирь,2026-09-10T13:02:00+03:00,Высокая,N5K-20260910-876,new_5000
N5K-0876-001,N5K-0876-001-E02,SIGNAL_FULL_TEXT,"Полный текущий текст подтверждает прямой S1: управление объектным, розничным и сетевым каналами продаж; управление P&L, коммерческим бюджетом, ценовой политикой, скидками и рентабельностью сделок; развитие дистрибьюторов, сетевых клиентов и стратегических партнёров; построение KPI и мотивации коммерческого персонала; управление региональной командой; системный анализ рынка и поиск возможностей роста.",https://gerkules.com/about/vacancy/,Официальный сайт Геркулес-Сибирь,2026-09-10T13:02:00+03:00,Высокая,N5K-20260910-876,new_5000
N5K-0876-001,N5K-0876-001-E03,LEGAL,"Официальный сайт ООО «Геркулес-Сибирь» публикует точные реквизиты: ИНН 5408156204, ОГРН 1025403649094 и адрес в Новосибирске; независимый источник подтверждает действующий коммерческий статус.",https://gerkules.com/about/,Официальный сайт Геркулес-Сибирь + Audit-it,2026-09-10T13:02:00+03:00,Высокая,N5K-20260910-876,new_5000
N5K-0876-001,N5K-0876-001-E04,SCALE_LPR,"За 2025 год выручка ООО «ГЕРКУЛЕС-СИБИРЬ» составляет 5 422 740 000 ₽, чистая прибыль 525 222 000 ₽; актуальный источник указывает 364 сотрудника. Директор — Боленков Андрей Викторович. Актуальная структура участников на 04.05.2026: Якушкин Евгений Михайлович 63.5%, Кравченко Дмитрий Николаевич 21.4%, Боленков Андрей Викторович 12%, доля общества 3.2%.",https://b2b.house/company/OOO-GERKULES-SIBIR_cf9e2849-f522-4c02-808b-860e8b6279fa/,B2B.House + Reputation.ru + руИНН,2026-09-10T13:02:00+03:00,Высокая,N5K-20260910-876,new_5000
N5K-0876-001,N5K-0876-001-E05,CONTACT,Официальный сайт публикует практический корпоративный телефон 8 (383) 338 31 32 и email info@gerkules.ru; контакты не приписываются лично директору.,https://gerkules.com/contacts/,Официальный сайт Геркулес-Сибирь,2026-09-10T13:02:00+03:00,Высокая,N5K-20260910-876,new_5000
N5K-0880-001,N5K-0880-001-E01,SIGNAL_DATE,Русскоязычная HH-вакансия «Коммерческий директор в мебельную компанию» опубликована 4 сентября 2026 года и актуальна до 4 октября 2026 года.,https://kirov.cataloxy.ru/rabota/vacancy1128584167_kommercheskiy-direktor-v-mebelnuyu-kompaniyu.htm,Cataloxy / HeadHunter / ChiedoCover,2026-09-10T14:05:00+03:00,Высокая,N5K-20260910-880,new_5000
N5K-0880-001,N5K-0880-001-E02,SIGNAL_FULL_TEXT,"Полный актуальный текст прямо связывает найм с ростом компании и расширением объёмов производства и продаж; задачи: управлять продажами и маркетингом, обеспечивать планы по выручке и прибыли, анализировать, развивать и масштабировать бизнес-процессы коммерческого подразделения, работать с воронкой продаж, маркетинговыми каналами, бюджетом, эффективностью и рисками.",https://kirov.cataloxy.ru/rabota/vacancy1128584167_kommercheskiy-direktor-v-mebelnuyu-kompaniyu.htm,Cataloxy / HeadHunter / ChiedoCover,2026-09-10T14:05:00+03:00,Высокая,N5K-20260910-880,new_5000
N5K-0880-001,N5K-0880-001-E03,LEGAL,"Юридическая связь бренда подтверждается реестровыми данными: действующее ООО «МЕБЕЛЬ-С» (ИНН 4329019108, ОГРН 1174350009063) владеет зарегистрированными товарными знаками CHIEDOCOVER/ЧИЕДОКАВЕР; официальный сайт бренда публикует российские офис и контакты.",https://companies.rbc.ru/id/1174350009063-ooo-mebel-s/,РБК Компании + официальный сайт ChiedoCover,2026-09-10T14:05:00+03:00,Высокая,N5K-20260910-880,new_5000
N5K-0880-001,N5K-0880-001-E04,SCALE_LPR,"За 2025 год выручка ООО «МЕБЕЛЬ-С» составляет 139 199 000 ₽, чистая прибыль 7 218 000 ₽, среднесписочная численность 52. Востриков Александр Геннадьевич — генеральный директор и 100% собственник. Официальный сайт ChiedoCover сообщает о команде более 200 сотрудников бренда.",https://b2b.house/company/OOO-MEBEL-S_30374ef6-c34a-4145-b5d9-e51b4633fab1/,B2B.House + РБК Компании + официальный сайт ChiedoCover,2026-09-10T14:05:00+03:00,Высокая,N5K-20260910-880,new_5000
N5K-0880-001,N5K-0880-001-E05,CONTACT,Официальный сайт ChiedoCover публикует практический телефон отдела по работе с клиентами +7 922 906 67 77 и основную почту для заказов mail@chiedocover.ru; контакты не приписываются лично генеральному директору.,https://chiedocover.ru/contacts,Официальный сайт ChiedoCover,2026-09-10T14:05:00+03:00,Высокая,N5K-20260910-880,new_5000
N5K-0884-001,N5K-0884-001-E01,SIGNAL_DATE,Русскоязычная вакансия «Руководитель отдела продаж» опубликована 7 сентября 2026 года в Ессентуках.,https://dreamjob.ru/employers/363105/vakansii/137059535,DreamJob / HeadHunter / Санаторий Русь,2026-09-10T15:56:00+03:00,Высокая,N5K-20260910-884,new_5000
N5K-0884-001,N5K-0884-001-E02,SIGNAL_FULL_TEXT,"Полный актуальный текст вакансии требует глубокой работы с клиентской базой, воронкой и аналитикой; поиска точек роста и проверки гипотез; перевода данных CRM в конкретные действия; аналитики по менеджерам и сегментам, стандартов продаж, самостоятельной команды; прямого влияния на процессы, CRM, мотивацию и систему продаж.",https://dreamjob.ru/employers/363105/vakansii/137059535,DreamJob / HeadHunter / Санаторий Русь,2026-09-10T15:56:00+03:00,Высокая,N5K-20260910-884,new_5000
N5K-0884-001,N5K-0884-001-E03,LEGAL,"Официальный сайт публикует реквизиты действующего ООО «Санаторий «Русь»: ИНН 2626039150, ОГРН 1082650002247, адрес г. Ессентуки, ул. Пушкина, 16. Реестровые источники подтверждают частную форму собственности и действующий статус.",https://ruskmv.ru/contacts/,Официальный сайт ООО «Санаторий «Русь» + Companium,2026-09-10T15:56:00+03:00,Высокая,N5K-20260910-884,new_5000
N5K-0884-001,N5K-0884-001-E04,SCALE_LPR,"За 2025 год выручка ООО «Санаторий «Русь» составляет около 2,53 млрд ₽, чистая прибыль 582,7 млн ₽, среднесписочная численность 454. Директор с 13.02.2019 — Минина Ольга Николаевна; учредитель — Галеев Марат Гадыевич.",https://companium.ru/id/1082650002247-sanatory-rus,Companium + Firmoteka + РБК Компании,2026-09-10T15:56:00+03:00,Высокая,N5K-20260910-884,new_5000
N5K-0884-001,N5K-0884-001-E05,CONTACT,Официальный сайт публикует практический телефон +7 (800) 555-11-40 и email отдела продаж sale@ruskmv.ru; контакты не приписываются лично директору.,https://ruskmv.ru/contacts/,Официальный сайт ООО «Санаторий «Русь»,2026-09-10T15:56:00+03:00,Высокая,N5K-20260910-884,new_5000
N5K-0885-001,N5K-0885-001-E01,SIGNAL_DATE,Русскоязычная вакансия «Руководитель отдела продаж в топливную компанию» опубликована 3 сентября 2026 года для ООО «ЮЛК-Альянс» в Краснодаре.,https://krasnodarskij-kraj.rabotajob.ru/companies/ulk-alans/,РаботаJob / HH-derived listing / ЮЛК-Альянс,2026-09-10T16:54:00+03:00,Высокая,N5K-20260910-885,new_5000
N5K-0885-001,N5K-0885-001-E02,SIGNAL_FULL_TEXT,"Актуальный текст вакансии требует управления отделом из 10 менеджеров, увеличения клиентской базы и объема продаж, собственных продаж, переговоров на уровне первых лиц, анализа KPI, составления плана продаж и плана по марже, контроля целей и разработки/внедрения улучшений коммерческого процесса.",https://krasnodarskij-kraj.rabotajob.ru/companies/ulk-alans/,РаботаJob / HH-derived listing / ЮЛК-Альянс,2026-09-10T16:54:00+03:00,Высокая,N5K-20260910-885,new_5000
N5K-0885-001,N5K-0885-001-E03,LEGAL,"ООО «ЮЛК-АЛЬЯНС» действует; ИНН 2312239207, ОГРН 1162312051230, частная форма собственности. Официальный сайт ЮЛК Альянс указывает тот же краснодарский адрес на ул. Симферопольской, 62 и бренд/деятельность по оптовым поставкам нефтепродуктов, что подтверждает linkage вакансии и юрлица.",https://companies.rbc.ru/id/1162312051230-ooo-yulk-alyans/,РБК Компании + официальный сайт ЮЛК Альянс,2026-09-10T16:54:00+03:00,Высокая,N5K-20260910-885,new_5000
N5K-0885-001,N5K-0885-001-E04,SCALE_LPR,"За 2025 год выручка ООО «ЮЛК-АЛЬЯНС» составляет 4 232 665 000 ₽, чистая прибыль 26 747 000 ₽. Директор — Юрков Юрий Владимирович; учредители — Юрков Юрий Владимирович и Левин Виталий Александрович по 50%. Реестровые источники подтверждают действующий статус.",https://saby.ru/profile/2312239207-231201001,Saby + РБК Компании + B2B.House,2026-09-10T16:54:00+03:00,Высокая,N5K-20260910-885,new_5000
N5K-0885-001,N5K-0885-001-E05,CONTACT,Официальный сайт ЮЛК Альянс публикует практический корпоративный телефон 8-800-250-02-90 и email a.homyakov@yulk.ru; email не приписывается лично директору без отдельного подтверждения.,https://yulk.ru/,Официальный сайт ЮЛК Альянс,2026-09-10T16:54:00+03:00,Высокая,N5K-20260910-885,new_5000
N5K-0890-001,N5K-0890-001-E01,SIGNAL_DATE,Свежая русскоязычная HH-вакансия «Руководитель филиала/Руководитель отдела продаж B2B» компании АКВАСТОК в Екатеринбурге опубликована 9 сентября 2026 года в актуальной выдаче.,https://ekaterinburg.jobcareer.ru/jobs/rukovoditel-otdela-prodaz/,JobCareer / hh.ru,2026-09-10T18:20:00+03:00,Высокая,N5K-20260910-890,new_5000
N5K-0890-001,N5K-0890-001-E02,SIGNAL_FULL_TEXT,"Актуальная выдача вакансии описывает управление филиалом и командой 8–12 человек, расширение B2B-клиентской базы на территории УРФО, соблюдение стандартов работы, выстраивание и реализацию стратегии развития отдела через аналитику и координацию, участие в точечном подборе сотрудников.",https://ekaterinburg.jobcareer.ru/jobs/rukovoditel-otdela-prodaz/,JobCareer / hh.ru,2026-09-10T18:20:00+03:00,Высокая,N5K-20260910-890,new_5000
N5K-0890-001,N5K-0890-001-E03,LEGAL,"ООО «АКВАСТОК» действует; ИНН 2311204642, ОГРН 1152311020652, частная форма собственности. Официальный сайт aquastok.ru публикует филиал компании в Екатеринбурге и корпоративные контакты; публичные реестровые источники указывают aquastok.ru как официальный сайт этого же юрлица.",https://www.aquastok.ru/contacts/filials/2958/,Официальный сайт АКВАСТОК + актуальные реестровые источники,2026-09-10T18:20:00+03:00,Высокая,N5K-20260910-890,new_5000
N5K-0890-001,N5K-0890-001-E04,SCALE_LPR,"По бухгалтерской отчетности за 2025 год выручка ООО «АКВАСТОК» составляет 3 049,5 млн ₽, чистая прибыль 109,912 млн ₽; среднесписочная численность 137. Директор и 100% учредитель — Кравченко Евгений Олегович.",https://www.tbank.ru/business/contractor/legal/1152311020652/,T-Банк + Firmoteka + Saby / данные ФНС,2026-09-10T18:20:00+03:00,Высокая,N5K-20260910-890,new_5000
N5K-0890-001,N5K-0890-001-E05,CONTACT,Официальная страница Екатеринбургского офиса АКВАСТОК публикует практические корпоративные контакты 8-800-755-00-75 и ekt@aquastok.ru; контакты не приписываются лично директору.,https://www.aquastok.ru/contacts/filials/2958/,Официальный сайт АКВАСТОК,2026-09-10T18:20:00+03:00,Высокая,N5K-20260910-890,new_5000
N5K-0891-001,N5K-0891-001-E01,SIGNAL_DATE,Свежая русскоязычная вакансия FINEX «Директор по продажам/Руководитель отдела продаж/Проектные продажи (направление B2B B2G)» опубликована 7 сентября 2026 года и актуальна до 7 октября 2026 года.,https://moscow.cataloxy.ru/rabota/vacancy1128716586_rukovoditel-otdela-prodazhproektnye-prodazhi-napravlenie-b2b-b2g.htm,Cataloxy / HeadHunter,2026-09-10T18:56:00+03:00,Высокая,N5K-20260910-891,new_5000
N5K-0891-001,N5K-0891-001-E02,SIGNAL_FULL_TEXT,"Полный текст вакансии требует разработки стратегии проектных продаж B2B/B2G, формирования команды, выхода в новые регионы и сегменты, ответственности за выручку и маржинальность, привлечения новых клиентов и партнёров, управления полным циклом сделки, расширения клиентской базы, коммерческого бюджетирования и отчётности генеральному директору и собственникам.",https://moscow.cataloxy.ru/rabota/vacancy1128716586_rukovoditel-otdela-prodazhproektnye-prodazhi-napravlenie-b2b-b2g.htm,Cataloxy / HeadHunter,2026-09-10T18:56:00+03:00,Высокая,N5K-20260910-891,new_5000
N5K-0891-001,N5K-0891-001-E03,LEGAL,"ООО «АР ЭНД ДИ ФЛОРС» действует; ИНН 7714881420, ОГРН 1127746630428. Официальный домен FINEX finexfloors.ru в политике конфиденциальности указывает это юрлицо как оператора; актуальные реестровые данные подтверждают за ООО «АР ЭНД ДИ ФЛОРС» товарные знаки FINEX и FINEX HANDCRAFTED FLOORS.",https://finexfloors.ru/mobile-application-privacy-policy,Официальный сайт FINEX + РБК Компании,2026-09-10T18:56:00+03:00,Высокая,N5K-20260910-891,new_5000
N5K-0891-001,N5K-0891-001-E04,SCALE_LPR,"По бухгалтерской отчётности за 2025 год выручка ООО «АР ЭНД ДИ ФЛОРС» составляет 100,427 млн ₽, чистая прибыль 86,191 млн ₽. Генеральный директор — Мелехова Марина Евгеньевна; учредители Мелехова Марина Евгеньевна и Мелехов Иван Евгеньевич по 50%.",https://companies.rbc.ru/id/1127746630428-ooo-ar-end-di-flors/,РБК Компании / данные ФНС,2026-09-10T18:56:00+03:00,Высокая,N5K-20260910-891,new_5000
N5K-0891-001,N5K-0891-001-E05,CONTACT,Официальная страница контактов FINEX публикует практические корпоративные контакты +7 (495) 649-85-27 и sale@finexfloors.ru; контакты не приписываются лично генеральному директору.,https://finexfloors.ru/contacts,Официальный сайт FINEX,2026-09-10T18:56:00+03:00,Высокая,N5K-20260910-891,new_5000
N5K-0892-001,N5K-0892-001-E01,SIGNAL_DATE,Свежая русскоязычная вакансия Venture Impex «Руководитель отдела продаж (Бакалея/импорт крупы и риса)» опубликована 10 сентября 2026 года.,https://dreamjob.ru/employers/2417073/vakansii/137005734,Dream Job / HeadHunter,2026-09-10T19:53:32+03:00,Высокая,N5K-20260910-892,new_5000
N5K-0892-001,N5K-0892-001-E02,SIGNAL_FULL_TEXT,"Полный текст вакансии требует формирования и реализации коммерческой стратегии, разработки и вывода брендов и СТМ, построения дистрибуции с нуля в федеральных и региональных сетях, B2B и HoReCa, управления ценообразованием и маржинальностью, прогнозирования объёмов продаж, личного ведения Top-10 партнёров и формирования KAM-команды по мере роста.",https://dreamjob.ru/employers/2417073/vakansii/137005734,Dream Job / HeadHunter,2026-09-10T19:53:32+03:00,Высокая,N5K-20260910-892,new_5000
N5K-0892-001,N5K-0892-001-E03,LEGAL,"ООО «ВЕНЧУР ИМПЕКС» действует; ИНН 9703048309, ОГРН 1217700436678, ОКФС 16. Генеральный директор и 100% учредитель — Антропова Татьяна Олеговна.",https://companies.rbc.ru/id/1217700436678-obschestvo-s-ogranichennoj-otvetstvennostyu-venchur-impeks/,РБК Компании / данные ЕГРЮЛ,2026-09-10T19:53:32+03:00,Высокая,N5K-20260910-892,new_5000
N5K-0892-001,N5K-0892-001-E04,SCALE_LPR,"За 2025 год выручка ООО «ВЕНЧУР ИМПЕКС» составляет 191,87 млн ₽, чистая прибыль 12,62 млн ₽. Руководитель и 100% учредитель — Антропова Татьяна Олеговна.",https://firmoteka.ru/9703048309,Фирмотека / данные БФО и ЕГРЮЛ,2026-09-10T19:53:32+03:00,Высокая,N5K-20260910-892,new_5000
N5K-0892-001,N5K-0892-001-E05,CONTACT,Сайт Venture Impex публикует практические корпоративные контакты +7 916 265-82-26 и info@venture-impex.ru; контакты не приписываются лично генеральному директору.,https://venture-impex.ru/,Сайт Venture Impex,2026-09-10T19:53:32+03:00,Средняя,N5K-20260910-892,new_5000
N5K-0896-001,N5K-0896-001-E01,SIGNAL_DATE,Свежая русскоязычная вакансия Квантастика «Руководитель отдела продаж (онлайн-школа)» опубликована 8 сентября 2026 года.,https://www.domesticstaff.ru/companies/kvantastika/,DomesticStaff / HeadHunter,2026-09-10T22:05:00+03:00,Высокая,N5K-20260910-896,new_5000
N5K-0896-001,N5K-0896-001-E02,SIGNAL_FULL_TEXT,Полный текст вакансии сообщает цель вырасти в 6 раз в 2026 году и активный поиск руководителя отдела продаж со своей командой для масштабирования быстрорастущей онлайн-школы.,https://dreamjob.ru/employers/5744754/vakansii/136974551,Dream Job / HeadHunter,2026-09-10T22:05:00+03:00,Высокая,N5K-20260910-896,new_5000
N5K-0896-001,N5K-0896-001-E03,LEGAL,"Официальный сайт Квантастика указывает исполнителем ООО «СКУЛТЕХ», ИНН 7708443010, ОГРН 1247700709475; актуальные реестровые источники подтверждают действующее частное юрлицо.",https://kvantastica.ru/about_us,Официальный сайт Квантастика,2026-09-10T22:05:00+03:00,Высокая,N5K-20260910-896,new_5000
N5K-0896-001,N5K-0896-001-E04,SCALE_LPR,"За 2025 год выручка ООО «СКУЛТЕХ» составляет 362 768 000 ₽, чистая прибыль 165 578 000 ₽. Генеральный директор — Закоморный Игорь Александрович; он также совладелец 43,5%.",https://companies.rbc.ru/id/1247700709475-ooo-skulteh/,РБК Компании / данные ЕГРЮЛ и БФО,2026-09-10T22:05:00+03:00,Высокая,N5K-20260910-896,new_5000
N5K-0896-001,N5K-0896-001-E05,CONTACT,Официальный сайт Квантастика публикует практические корпоративные контакты +7 (495) 148-58-11 и director@kvantastica.ru; контакты не приписываются лично генеральному директору.,https://kvantastica.ru/about_us,Официальный сайт Квантастика,2026-09-10T22:05:00+03:00,Высокая,N5K-20260910-896,new_5000
N5K-0901-001,N5K-0901-001-E01,SIGNAL_DATE,Русскоязычная вакансия «Руководитель проектов по продажам (B2B)» компании «Битван» опубликована в актуальной HH-выдаче 10 сентября 2026 года.,https://krasnodar.jobcareer.ru/jobs/rukovoditel-proekta/,JobCareer / зеркало HH,2026-09-10T23:16:00+03:00,Высокая,N5K-20260910-901,new_5000
N5K-0901-001,N5K-0901-001-E02,SIGNAL_FULL_TEXT,"Компания расширяет коммерческое направление; роль отвечает за поиск проектов модернизации, автоматизации и оснащения промышленных предприятий, самостоятельное привлечение B2B-клиентов, outbound-переговоры, выявление бюджетов и порядка принятия решений, техническую проработку, комплексные предложения и доведение проектов до договора.",https://hirify.me/jobs/1013124-b2b-sales-project-manager,Hirify / текст вакансии,2026-09-10T23:16:00+03:00,Высокая,N5K-20260910-901,new_5000
N5K-0901-001,N5K-0901-001-E03,LEGAL,"Официальная страница реквизитов идентифицирует ООО «БИТВАН»: ИНН 7451298738, ОГРН 1107451004979; актуальные реестровые источники подтверждают действующий статус и частную форму собственности.",https://bitvan.ru/company/requisites/,Официальный сайт Битван + актуальные реестровые источники,2026-09-10T23:16:00+03:00,Высокая,N5K-20260910-901,new_5000
N5K-0901-001,N5K-0901-001-E04,SCALE_LPR,"За 2025 год выручка ООО «БИТВАН» составила 1,31 млрд ₽, чистая прибыль 1,63 млн ₽, среднесписочная численность 128. Генеральный директор и совладелец 50% — Бухарин Данила Алексеевич; второй совладелец 50% — Бухарина Олеся Валерьевна.",https://firmoteka.ru/7451298738,Фирмотека / ЕГРЮЛ и БФО,2026-09-10T23:16:00+03:00,Высокая,N5K-20260910-901,new_5000
N5K-0901-001,N5K-0901-001-E05,CONTACT,Официальный сайт Битван публикует практические корпоративные контакты 8 800 551 00 15 и info@bitvan.ru; контакты не приписываются лично CEO.,https://bitvan.ru/company/requisites/,Официальный сайт Битван,2026-09-10T23:16:00+03:00,Высокая,N5K-20260910-901,new_5000
N5K-0902-001,N5K-0902-001-E01,SIGNAL_DATE,"Русскоязычная вакансия «Руководитель отдела продаж (B2B, Медицинское оборудование)» работодателя Проф Фарм опубликована 8 сентября 2026 года; HH vacancy ID 136557597.",https://hh.ru/vacancy/136557597,HeadHunter / актуальная выдача и зеркало JobRun,2026-09-10T23:57:56+03:00,Высокая,N5K-20260910-902,new_5000
N5K-0902-001,N5K-0902-001-E02,SIGNAL_FULL_TEXT,"Полный текст вакансии: ответственность за выручку отдела и декомпозицию целей; план-факт и доска показателей; управление пайплайном; рост конверсии и среднего чека; найм и обучение. В первые три месяца требуется разобрать текущие воронки Bitrix24, актуализировать пайплайн CRM, провести аудит базы, запустить единую отчетность и еженедельный прогноз выручки.",https://dreamjob.ru/employers/2449816/vakansii/136557597,DreamJob / полный текст вакансии HH 136557597,2026-09-10T23:57:56+03:00,Высокая,N5K-20260910-902,new_5000
N5K-0902-001,N5K-0902-001-E03,LEGAL,"Официальный сайт 4Clinic прямо указывает ООО «Проф Фарм» как компанию-оператора; актуальные реестровые источники подтверждают действующее ООО «ПРОФ ФАРМ», ИНН 7723395515, ОГРН 1157746542524, частную форму собственности.",https://4clinic.ru/contacts/delivery/,Официальный сайт 4Clinic + РБК Компании,2026-09-10T23:57:56+03:00,Высокая,N5K-20260910-902,new_5000
N5K-0902-001,N5K-0902-001-E04,SCALE_LPR,"По бухгалтерской отчетности за 2025 год выручка ООО «ПРОФ ФАРМ» составляет 414,03 млн ₽, прибыль 67,32 млн ₽. Генеральный директор и единственный учредитель — Проценко Анисим Викторович; реестровые данные подтверждают его как руководителя с 17.06.2015.",https://www.tbank.ru/business/contractor/legal/1157746542524/,Т-Банк Бизнес + РБК Компании / ЕГРЮЛ и БФО,2026-09-10T23:57:56+03:00,Высокая,N5K-20260910-902,new_5000
N5K-0902-001,N5K-0902-001-E05,CONTACT,Официальный сайт 4Clinic публикует практические корпоративные контакты 8 (800) 500-43-51 и info@4clinic.ru; контакты относятся к ООО «Проф Фарм» и не приписываются лично CEO.,https://4clinic.ru/contacts/delivery/,Официальный сайт 4Clinic,2026-09-10T23:57:56+03:00,Высокая,N5K-20260910-902,new_5000
N5K-0904-001,N5K-0904-001-E01,SIGNAL_DATE,Русскоязычная вакансия «Руководитель отдела продаж» работодателя Политех-Инструмент размещена 28 августа 2026 года; HH vacancy ID 136730515.,https://hh.ru/vacancy/136730515,HeadHunter / актуальные зеркала вакансии,2026-09-11T01:04:00+03:00,Высокая,N5K-20260911-904,new_5000
N5K-0904-001,N5K-0904-001-E02,SIGNAL,"Полный текст вакансии включает федеральную стратегию продаж, анализ продаж/ассортимента/клиентов и поиск точек роста, внедрение коммерческой стратегии и планов, рост объёмов продаж, запуск новых продуктов, создание команды, ассортиментную матрицу, ценовую и дилерскую политику.",https://nesiditsa.ru/vacancy/136730515,Зеркало HH с полным текстом вакансии,2026-09-11T01:04:00+03:00,Высокая,N5K-20260911-904,new_5000
N5K-0904-001,N5K-0904-001-E03,LEGAL_SCALE,"ООО «КОМПАНИЯ ПОЛИТЕХ-ИНСТРУМЕНТ» (ИНН 5020052905, ОГРН 1075020004520) — действующее российское частное юрлицо; выручка за 2025 год около 1,5–1,7 млрд ₽, чистая прибыль 12,2 млн ₽, 240 сотрудников по данным ФНС/БФО.",https://firmoteka.ru/5020052905,Firmoteka / данные ЕГРЮЛ и БФО ФНС,2026-09-11T01:04:00+03:00,Высокая,N5K-20260911-904,new_5000
N5K-0904-001,N5K-0904-001-E04,LPR,Генеральный директор ООО «КОМПАНИЯ ПОЛИТЕХ-ИНСТРУМЕНТ» — Немецкий Максим Григорьевич; он также указан среди учредителей компании.,https://companies.rbc.ru/id/1075020004520-ooo-obschestvo-s-ogranichennoj-otvetstvennostyu-kompaniya-politeh-instrument/,РБК Компании / ЕГРЮЛ,2026-09-11T01:04:00+03:00,Высокая,N5K-20260911-904,new_5000
N5K-0904-001,N5K-0904-001-E05,CONTACT,Официальная страница контактов ООО «Компания Политех-инструмент» публикует телефон 8 (495) 645-79-85 и email info@ptech.ru; официальная страница реквизитов подтверждает ИНН 5020052905 и ОГРН 1075020004520.,https://ptech.ru/contacts/,Официальный сайт Политех-Инструмент,2026-09-11T01:04:00+03:00,Высокая,N5K-20260911-904,new_5000
N5K-0909-001,N5K-0909-001-E01,SIGNAL_DATE,Русскоязычная вакансия «Руководитель отдела продаж (B2B)» работодателя ИнфоСофт размещена 24 августа 2026 года; HH vacancy ID 136245104.,https://hh.ru/vacancy/136245104,HeadHunter / актуальное зеркало вакансии,2026-09-11T03:02:00+03:00,Высокая,N5K-20260911-909,new_5000
N5K-0909-001,N5K-0909-001-E02,SIGNAL,"Полный текст вакансии для АО «Автоматизация бизнеса» требует управления отделом из 9 сотрудников, выполнения плана продаж и KPI, анализа эффективности команды, управления воронкой и потерями, работы с CRM-показателями и процессами, подготовки отчётности и аналитики руководству; позиция относится к B2B-направлению малого и среднего бизнеса.",https://nesiditsa.ru/vacancy/136245104,Зеркало HH с полным текстом вакансии,2026-09-11T03:02:00+03:00,Высокая,N5K-20260911-909,new_5000
N5K-0909-001,N5K-0909-001-E03,LEGAL_SCALE,"АО «АВТОМАТИЗАЦИЯ БИЗНЕСА» (ИНН 5406807972, ОГРН 1205400040130) — действующее российское непубличное АО; выручка за 2025 год 121 092 000 ₽, чистая прибыль 643 000 ₽.",https://lk-ao.ru/reestr/ao-avtomatizaciya-biznesa/,Актуальные открытые реестровые и БФО данные,2026-09-11T03:02:00+03:00,Высокая,N5K-20260911-909,new_5000
N5K-0909-001,N5K-0909-001-E04,LPR,Директор АО «АВТОМАТИЗАЦИЯ БИЗНЕСА» — Ершова Марина Игоревна. Официальный сайт франчайзинговой сети ИнфоСофт прямо указывает АО «Автоматизация бизнеса» как партнёра сегмента среднего бизнеса с ИНН 5406807972 и адресом в Новосибирске.,https://is1c.ru/contacts/,Официальный сайт ИнфоСофт + актуальные реестровые данные,2026-09-11T03:02:00+03:00,Высокая,N5K-20260911-909,new_5000
N5K-0909-001,N5K-0909-001-E05,CONTACT,"Официальная контактная страница ИнфоСофт публикует телефон +7 (383) 209-21-27 и email info@is1c.ru и отдельно указывает АО «Автоматизация бизнеса», ИНН 5406807972, как партнёра сети.",https://is1c.ru/contacts/,Официальный сайт ИнфоСофт,2026-09-11T03:02:00+03:00,Высокая,N5K-20260911-909,new_5000
N5K-0910-001,N5K-0910-001-E01,SIGNAL_DATE,Актуальная русскоязычная вакансия «Руководитель проектных продаж» компании ГрандМоторс опубликована 6 августа 2026 года и продолжает присутствовать в свежей сентябрьской выдаче вакансий.,https://www.jobcareer.ru/companies/grandmotors/,HeadHunter через актуальное зеркало вакансий,2026-09-11T03:57:57+03:00,Высокая,N5K-20260911-910,new_5000
N5K-0910-001,N5K-0910-001-E02,SIGNAL,"Вакансия относится к развитию проектных продаж сложных энергетических решений АО «ГрандМоторс»: работа с крупными корпоративными и инфраструктурными заказчиками, длинным циклом сделки, ЛПР, комплексными технико-коммерческими предложениями, воронкой продаж и CRM. Это прямой business-intent сигнал расширения проектного B2B/B2G направления.",https://www.jobcareer.ru/companies/grandmotors/,HeadHunter через актуальное зеркало вакансий + полный текст аналогичной роли работодателя,2026-09-11T03:57:57+03:00,Средняя,N5K-20260911-910,new_5000
N5K-0910-001,N5K-0910-001-E03,LEGAL_SCALE,"АО «ГРАНДМОТОРС» (ИНН 7710548323, ОГРН 1047796485220) — действующее российское акционерное общество. Официальный сайт подтверждает реквизиты; открытая БФО за 2025 год показывает выручку 2 283 584 000 ₽ и чистую прибыль 57 113 000 ₽, численность свыше 100 сотрудников.",https://www.grandmotors.ru/proezd.php,Официальный сайт ГрандМоторс + актуальные реестровые/БФО источники,2026-09-11T03:57:57+03:00,Высокая,N5K-20260911-910,new_5000
N5K-0910-001,N5K-0910-001-E04,LPR,Генеральный директор АО «ГРАНДМОТОРС» — Петрыкин Владимир Владимирович; актуальные реестровые источники подтверждают его как руководителя действующего юрлица с ИНН 7710548323 и ОГРН 1047796485220.,https://check.tochka.com/company/1047796485220/,Актуальные открытые реестровые данные,2026-09-11T03:57:57+03:00,Высокая,N5K-20260911-910,new_5000
N5K-0910-001,N5K-0910-001-E05,CONTACT,Официальная страница реквизитов и контактов АО «ГрандМоторс» публикует телефон +7 (495) 411-94-60 и email info@grandmotors.ru и одновременно указывает ИНН 7710548323 и ОГРН 1047796485220.,https://www.grandmotors.ru/proezd.php,Официальный сайт ГрандМоторс,2026-09-11T03:57:57+03:00,Высокая,N5K-20260911-910,new_5000
N5K-0914-001,N5K-0914-001-E01,SIGNAL_DATE,Русскоязычная вакансия «Менеджер по развитию B2B-продаж Pharma & Cosmetics» НПХ АмарантАгро обновлена 9 сентября 2026 года.,https://svoevagro.ru/vacancies/2137174318,Свое Агро / полный текст вакансии работодателя,2026-09-11T06:16:00+03:00,Высокая,N5K-20260911-914,new_5000
N5K-0914-001,N5K-0914-001-E02,SIGNAL,"Полный текст вакансии описывает вывод на рынок уникального российского сырья, развитие B2B-продаж в Pharma & Cosmetics, длинный цикл сделки от тестирования образца и согласования спецификаций/COA до первого контракта, поставки и регулярных повторных заказов, а также мониторинг конкурентов и цен. Это прямой сигнал запуска и масштабирования нового коммерческого направления.",https://svoevagro.ru/vacancies/2137174318,Полный текст вакансии,2026-09-11T06:16:00+03:00,Высокая,N5K-20260911-914,new_5000
N5K-0914-001,N5K-0914-001-E03,LEGAL_SCALE,"ООО НПХ «АМАРАНТАГРО» (ИНН 9701191423, ОГРН 1217700603152) — действующая российская частная компания. За 2025 год выручка 1 184 788 000 ₽, чистая прибыль 2 750 000 ₽, валовая прибыль 414 283 000 ₽.",https://companies.rbc.ru/id/1217700603152-obschestvo-s-ogranichennoj-otvetstvennostyu-nauchno-proizvodstvennyij-holding-amarantagro/,Актуальные реестровые и бухгалтерские данные,2026-09-11T06:16:00+03:00,Высокая,N5K-20260911-914,new_5000
N5K-0914-001,N5K-0914-001-E04,LPR,Актуальный генеральный директор ООО НПХ «АМАРАНТАГРО» с 22 апреля 2026 года — Афанасов Дмитрий Александрович; учредитель — Шарыкин Олег Витальевич.,https://xfirm.ru/person/773460741945,Актуальные данные ЕГРЮЛ / Xfirm,2026-09-11T06:16:00+03:00,Высокая,N5K-20260911-914,new_5000
N5K-0914-001,N5K-0914-001-E05,CONTACT,"Официальная страница контактов холдинга прямо указывает офис ООО НПХ «АмарантАгро» в Москве и публикует общий корпоративный телефон +7 499 455-55-20, отдел продаж +7 936 249-52-93 и email info@amarion.ru.",https://www.rusoliva.ru/kontakty/,Официальный сайт холдинга Amarion / АмарантАгро,2026-09-11T06:16:00+03:00,Высокая,N5K-20260911-914,new_5000
N5K-0918-001,N5K-0918-001-E01,SIGNAL_DATE,Свежая русскоязычная HH-вакансия «Руководитель отдела продаж (автосалон)» ООО «НФ-МОТОРС» опубликована в Калининграде 10 сентября 2026 года.,https://kaliningrad.jobcareer.ru/jobs/rukovoditel-proekta/,JobCareer / актуальная HH-выдача,2026-09-11T07:12:00+03:00,Высокая,N5K-20260911-918,new_5000
N5K-0918-001,N5K-0918-001-E02,SIGNAL,"Полный доступный текст свежей вакансии требует стратегического планирования продаж, разработки инструментов стимулирования спроса, управления персоналом отдела, обучения, постановки задач, контроля, разработки инструкций и регламентов, взаимодействия с дистрибьюцией и заводом-изготовителем, ценообразования и логистики; отдельно требуется опыт построения отдела продаж, найма и обучения персонала. Это прямой S1-сигнал систематизации и масштабирования коммерческой функции.",https://kaliningrad.jobcareer.ru/jobs/rukovoditel-proekta/,JobCareer / индексированный текст HH-вакансии,2026-09-11T07:12:00+03:00,Высокая,N5K-20260911-918,new_5000
N5K-0918-001,N5K-0918-001-E03,LEGAL_SCALE,"ООО «НФ-МОТОРС» (ИНН 3900009298, ОГРН 1233900003700) — действующая российская частная компания. За 2025 год выручка 1 363 865 000 ₽, валовая прибыль 156 398 000 ₽; среднесписочная численность 27 сотрудников; выручка выросла на 162,8% к 2024 году.",https://b2b.house/company/OOO-NF-MOTORS_41fe4285-3069-46db-a4e2-5000c4970d00/,B2B.House / актуальные реестровые и финансовые данные,2026-09-11T07:12:00+03:00,Высокая,N5K-20260911-918,new_5000
N5K-0918-001,N5K-0918-001-E04,LPR,Генеральный директор ООО «НФ-МОТОРС» — Навагин Александр Владимирович; он же учредитель компании. Актуальные открытые реестровые источники подтверждают руководство и действующий статус юрлица.,https://companies.rbc.ru/id/1233900003700-obschestvo-s-ogranichennoj-otvetstvennostyu-nf-motors/,РБК Компании / данные ЕГРЮЛ,2026-09-11T07:12:00+03:00,Высокая,N5K-20260911-918,new_5000
N5K-0918-001,N5K-0918-001-E05,CONTACT,"Официальные дилерские сайты НФ-Моторс публикуют практические корпоративные телефоны: 8 (4012) 37-74-55 и +7 (909) 796-42-33. Официальный сайт SWM НФ-Моторс прямо указывает ООО «НФ-МОТОРС», ИНН 3900009298, ОГРН 1233900003700 и адрес в Калининграде, подтверждая exact legal linkage дилерского бренда.",https://swm-nf.ru/,Официальные дилерские сайты ООО «НФ-МОТОРС»,2026-09-11T07:12:00+03:00,Высокая,N5K-20260911-918,new_5000
N5K-0928-001,N5K-0928-001-E01,SIGNAL_DATE,Русскоязычная вакансия «Руководитель отдела продаж» БЬЮТИ ТРЕНД РУС опубликована 21 августа 2026 года; вакансия связана с hh.ru.,https://dreamjob.ru/employers/391777/vakansii/136495122,Dream Job / HH-linked vacancy,2026-09-11T08:54:00+03:00,Высокая,N5K-20260911-928,new_5000
N5K-0928-001,N5K-0928-001-E02,SIGNAL,"Полный текст вакансии сообщает об увеличении объёмов производства и активном расширении отдела; обязанности включают организацию и управление отделом продаж, планы и контроль, стратегию B2B и retail, развитие дистрибьюторов и оптовых клиентов, переговоры с федеральными и региональными сетями, коммерческие условия, подбор и мотивацию команды, анализ продаж и владение CRM/1С. Это прямой S1 business-intent сигнал масштабирования коммерческой функции.",https://dreamjob.ru/employers/391777/vakansii/136495122,Dream Job / полный текст вакансии,2026-09-11T08:54:00+03:00,Высокая,N5K-20260911-928,new_5000
N5K-0928-001,N5K-0928-001-E03,LEGAL_SCALE,"ООО «БЬЮТИ ТРЕНД РУС» (ИНН 7842168590, ОГРН 1197847032800) — действующая российская частная компания. За 2025 год выручка 205,79 млн ₽, чистая прибыль 13,94 млн ₽. Компания работает в оптовой торговле парфюмерными и косметическими товарами и развивает собственные бренды.",https://www.tbank.ru/business/contractor/legal/1197847032800/,Т-Банк Бизнес / реестровые и финансовые данные,2026-09-11T08:54:00+03:00,Высокая,N5K-20260911-928,new_5000
N5K-0928-001,N5K-0928-001-E04,LPR,"Генеральный директор и единственный учредитель ООО «БЬЮТИ ТРЕНД РУС» — Самушия Светлана Борисовна. РБК Компании подтверждает ИНН 7842168590, ОГРН 1197847032800, действующий статус и 100% долю учредителя.",https://companies.rbc.ru/id/1197847032800-obschestvo-s-ogranichennoj-otvetstvennostyu-byuti-trend-rus/,РБК Компании / данные ЕГРЮЛ,2026-09-11T08:54:00+03:00,Высокая,N5K-20260911-928,new_5000
N5K-0928-001,N5K-0928-001-E05,CONTACT,"Официальный сайт PHILIPP YOUNG прямо указывает ООО «БЬЮТИ ТРЕНД РУС», ИНН 7842168590, ОГРН 1197847032800 и публикует практические корпоративные контакты: +7 996 773-24-09, info@emancy.ru и +7 (981) 160-27-80. Контакты не приписываются лично CEO.",https://philippyoung.ru/,Официальный сайт PHILIPP YOUNG / ООО «БЬЮТИ ТРЕНД РУС»,2026-09-11T08:54:00+03:00,Высокая,N5K-20260911-928,new_5000
N5K-0930-001,N5K-0930-001-E01,SIGNAL_DATE,Русскоязычная HH-связанная вакансия «Руководитель отдела продаж» работодателя ИТЦ РОККС опубликована 29 августа 2026 года в Новосибирске.,https://dreamjob.ru/employers/140717/vakansii/136751508,Dream Job / HH-linked vacancy,2026-09-11T09:56:12+03:00,Высокая,N5K-20260911-930,new_5000
N5K-0930-001,N5K-0930-001-E02,SIGNAL,"Полный текст вакансии требует выполнения плана отделом продаж, поиска и обучения сотрудников, контроля ключевых сделок, разработки и внедрения маркетинговых стратегий, оптимизации мотивации, контроля воронки продаж и дебиторской задолженности. Компания работает по России в B2B/B2G. Это прямой S1 business-intent сигнал усиления и масштабирования коммерческой функции.",https://dreamjob.ru/employers/140717/vakansii/136751508,Dream Job / полный текст вакансии,2026-09-11T09:56:12+03:00,Высокая,N5K-20260911-930,new_5000
N5K-0930-001,N5K-0930-001-E03,LEGAL_SCALE,"Текущее юридическое наименование компании с ИНН 5402005576 и ОГРН 1155476045670 — ООО «ЭЛТЕКС СОЛЮШЕНС»; компания действует, форма собственности частная. За 2025 год выручка 910,627 млн ₽, чистая прибыль 194,482 млн ₽, среднесписочная численность 18 человек.",https://companium.ru/id/1155476045670-ehlteks-solyushens,Companium / актуальные ЕГРЮЛ и финансовые данные,2026-09-11T09:56:12+03:00,Высокая,N5K-20260911-930,new_5000
N5K-0930-001,N5K-0930-001-E04,LPR,Директор и единственный учредитель ООО «ЭЛТЕКС СОЛЮШЕНС» — Шилин Дмитрий Сергеевич; актуальная реестровая карточка подтверждает 100% долю. Официальная страница ROCCS также публикует Дмитрия Шилина как директора.,https://companies.rbc.ru/id/1155476045670-ooo-elteks-solyushens/,РБК Компании / ЕГРЮЛ,2026-09-11T09:56:12+03:00,Высокая,N5K-20260911-930,new_5000
N5K-0930-001,N5K-0930-001-E05,CONTACT,Официальная страница контактов ROCCS прямо указывает реквизиты ОГРН 1155476045670 и ИНН 5402005576 и публикует директора Дмитрия Шилина с телефоном +7 (383) 247-98-88 и email ceo@roccs.ru; официальный сайт также публикует office@roccs.ru.,https://roccs.ru/contacts/,Официальная страница контактов ROCCS,2026-09-11T09:56:12+03:00,Высокая,N5K-20260911-930,new_5000
N5K-0932-001,N5K-0932-001-E01,SIGNAL_DATE,"Русскоязычная вакансия «Руководитель отдела продаж (B2B, IT)» работодателя QSOFT датирована 10 сентября 2026 года в Москве.",https://vgorode.moscow/rabota/vakansiya-135876260/,Vgorode / HH-linked vacancy,2026-09-11T11:55:10+03:00,Высокая,N5K-20260911-932,new_5000
N5K-0932-001,N5K-0932-001-E02,SIGNAL,"Полный текст вакансии требует организации и развития активных B2B-продаж комплексных IT-решений, формирования и мотивации команды, поиска новых направлений увеличения продаж, контроля KPI и эффективности отдела и ведения сложных корпоративных переговоров. Это прямой S1 business-intent сигнал усиления коммерческой функции.",https://vgorode.moscow/rabota/vakansiya-135876260/,Vgorode / полный текст вакансии,2026-09-11T11:55:10+03:00,Высокая,N5K-20260911-932,new_5000
N5K-0932-001,N5K-0932-001-E03,LEGAL_SCALE,"ООО «КьюСофт», ИНН 7714594610, ОГРН 1057746475170, действует. Выручка за 2025 год 392,9 млн ₽; актуальная карточка РБК указывает 85 сотрудников.",https://kontragentpro.ru/company/7714594610-ooo-kyusoft,KontragentPro / ГИР БО ФНС,2026-09-11T11:55:10+03:00,Высокая,N5K-20260911-932,new_5000
N5K-0932-001,N5K-0932-001-E04,LPR,Генеральный директор ООО «КьюСофт» — Чесноков Виталий Игоревич; учредители — Митрофанов Денис Александрович (75%) и Чесноков Виталий Игоревич (25%).,https://companies.rbc.ru/id/1057746475170-qsoft/,РБК Компании / ЕГРЮЛ,2026-09-11T11:55:10+03:00,Высокая,N5K-20260911-932,new_5000
N5K-0932-001,N5K-0932-001-E05,CONTACT,"Официальная страница QSOFT публикует реквизиты ИНН 7714594610 и ОГРН 1057746475170, телефон +7 (495) 771-73-63 и email info@qsoft.ru. Контакты корпоративные и лично LPR не приписываются.",https://qsoft.ru/contacts/,Официальная страница контактов QSOFT,2026-09-11T11:55:10+03:00,Высокая,N5K-20260911-932,new_5000
N5K-0934-001,N5K-0934-001-E01,SIGNAL_DATE,HH-linked выдача показывает вакансию WYSH «Коммерческий директор E-com» в Санкт-Петербурге с датой 9 сентября 2026 года.,https://sankt-peterburg.jobrun.ru/%D1%84%D0%BE%D1%82%D0%BE%D0%B3%D1%80%D0%B0%D1%84-%D0%B2-%D0%BE%D1%84%D0%B8%D1%81-fashion-%D1%81%D1%8A%D0%B5%D0%BC%D0%BA%D0%B0-%D1%80%D0%B0%D0%B1%D0%BE%D1%82%D0%B0,Jobrun / HH-linked vacancy index,2026-09-11T13:55:41+03:00,Средняя,N5K-20260911-934,new_5000
N5K-0934-001,N5K-0934-001-E02,SIGNAL,"Полный текст вакансии коммерческого директора WYSH требует построить прозрачное управление P&L по каналам, систему планирования/контроля и дать рост без ручного участия CEO. Это прямой S1 business-intent на перестройку и масштабирование коммерческой функции.",https://h.careers/job/c4c91188-839e-40fe-b0ab-c593a2d9a1c6,Эйч / полный текст вакансии,2026-09-11T13:55:41+03:00,Высокая,N5K-20260911-934,new_5000
N5K-0934-001,N5K-0934-001-E03,LEGAL_SCALE,"ООО «ВИШ», ИНН 7842216116, ОГРН 1237800072180, действует; выручка за 2025 год 533,6 млн ₽, чистая прибыль 55,8 млн ₽.",https://companium.ru/id/1237800072180-vish,Companium / бухгалтерская отчетность и ЕГРЮЛ,2026-09-11T13:55:41+03:00,Высокая,N5K-20260911-934,new_5000
N5K-0934-001,N5K-0934-001-E04,LPR,Генеральный директор и единственный учредитель ООО «ВИШ» — Айдаров Фуат Ильдарович; актуальность сведений ЕГРЮЛ указана на 11.03.2026.,https://en.movizor-info.ru/id/29753986,Movizor / ЕГРЮЛ,2026-09-11T13:55:41+03:00,Высокая,N5K-20260911-934,new_5000
N5K-0934-001,N5K-0934-001-E05,CONTACT,"Официальная публичная оферта WYSH связывает сайт с ООО «ВИШ», ИНН 7842216116, ОГРН 1237800072180; официальный сайт публикует телефон 8 800 500-44-88 и email ooo@wysh.shop. Контакты корпоративные и лично LPR не приписываются.",https://wysh-brand.com/offer,Официальная публичная оферта и сайт WYSH,2026-09-11T13:55:41+03:00,Высокая,N5K-20260911-934,new_5000
N5K-0935-001,N5K-0935-001-E01,SIGNAL_DATE,Русскоязычная вакансия БелИнтерФлоу «Руководитель отдела продаж (промышленное оборудование)» опубликована 7 сентября 2026 года; доступен быстрый отклик с hh.ru.,https://dreamjob.ru/employers/89563/vakansii/135412946,DreamJob / HH-linked vacancy,2026-09-11T14:53:37+03:00,Высокая,N5K-20260911-935,new_5000
N5K-0935-001,N5K-0935-001-E02,SIGNAL,"Полный текст вакансии прямо указывает расширение штата и задачи: формирование стратегии продаж, контроль KPI, анализ эффективности продаж, бюджетирование, оптимизация расходной и увеличение доходной части, развитие ключевых B2B-клиентов и проектных продаж. Это S1 business-intent.",https://dreamjob.ru/employers/89563/vakansii/135412946,DreamJob / полный текст HH-linked вакансии,2026-09-11T14:53:37+03:00,Высокая,N5K-20260911-935,new_5000
N5K-0935-001,N5K-0935-001-E03,LEGAL_SCALE,"ООО «БЕЛИНТЕРФЛОУ», ИНН 7701917849, ОГРН 1117746359147, действует; актуальный источник указывает выручку 574,6 млн ₽ за 2025 год, чистую прибыль 60,9 млн ₽ и 30 сотрудников.",https://companium.ru/id/1117746359147-belinterflou,Companium / ЕГРЮЛ и бухгалтерская отчетность,2026-09-11T14:53:37+03:00,Высокая,N5K-20260911-935,new_5000
N5K-0935-001,N5K-0935-001-E04,LPR,Актуальный генеральный директор ООО «БЕЛИНТЕРФЛОУ» с 7 апреля 2026 года — Черненок Дмитрий Анатольевич; он же учредитель компании.,https://companium.ru/id/1117746359147-belinterflou,Companium / ЕГРЮЛ,2026-09-11T14:53:37+03:00,Высокая,N5K-20260911-935,new_5000
N5K-0935-001,N5K-0935-001-E05,CONTACT,"Официальный сайт публикует телефон +7 (495) 228-04-97 и email office@belinterflow.com; политика конфиденциальности официального сайта прямо идентифицирует оператора как ООО «БелИнтерФлоу», ОГРН 1117746359147, ИНН 7701917849. Контакты корпоративные и лично LPR не приписываются.",https://belinterflow.com/privacy,Официальный сайт и политика конфиденциальности БелИнтерФлоу,2026-09-11T14:53:37+03:00,Высокая,N5K-20260911-935,new_5000
N5K-0936-001,N5K-0936-001-E01,SIGNAL_DATE,Русскоязычная вакансия DOMEO «Руководитель отдела продаж (ремонты)» опубликована 8 сентября 2026 года; доступен быстрый отклик с hh.ru.,https://dreamjob.ru/employers/113601/vakansii/137097396,DreamJob / HH-linked vacancy,2026-09-11T15:56:30+03:00,Высокая,N5K-20260911-936,new_5000
N5K-0936-001,N5K-0936-001-E02,SIGNAL,"Полный текст вакансии прямо требует настраивать скрипты, внедрять систему мотивации, влиять на стратегию и строить отдел продаж под себя; роль описана как архитектор продаж. Это S1 business-intent на перестройку и масштабирование коммерческой функции.",https://dreamjob.ru/employers/113601/vakansii/137097396,DreamJob / полный текст HH-linked вакансии,2026-09-11T15:56:30+03:00,Высокая,N5K-20260911-936,new_5000
N5K-0936-001,N5K-0936-001-E03,LEGAL_SCALE,"ООО «ДОМЕО МАРКЕТИНГ», ИНН 9704067054, ОГРН 1217700244717, действует; актуальный источник указывает выручку 319,42 млн ₽ за 2025 год, чистую прибыль 4,34 млн ₽ и 23 сотрудника.",https://www.tbank.ru/business/contractor/legal/1217700244717/,Т-Банк / данные ЕГРЮЛ и бухгалтерской отчетности,2026-09-11T15:56:30+03:00,Высокая,N5K-20260911-936,new_5000
N5K-0936-001,N5K-0936-001-E04,LPR,Генеральный директор ООО «ДОМЕО МАРКЕТИНГ» — Храмков Николай Викторович; актуальные источники также указывают учредителей Горбань Константина Викторовича и Храмкова Николая Викторовича.,https://www.tbank.ru/business/contractor/legal/1217700244717/,Т-Банк / ЕГРЮЛ,2026-09-11T15:56:30+03:00,Высокая,N5K-20260911-936,new_5000
N5K-0936-001,N5K-0936-001-E05,CONTACT,"Официальная страница DOMEO прямо идентифицирует ООО «ДОМЕО МАРКЕТИНГ», ИНН 9704067054, ОГРН 1217700244717, и публикует корпоративные info@domeo.ru и +7 (495) 845-18-63. Контакты корпоративные и лично LPR не приписываются.",https://domeo.ru/info/,Официальный сайт DOMEO,2026-09-11T15:56:30+03:00,Высокая,N5K-20260911-936,new_5000
N5K-0937-001,N5K-0937-001-E01,SIGNAL_DATE,Русскоязычная вакансия Металлоцентра «Энергострой» «Руководитель отдела продаж» опубликована 8 сентября 2026 года; доступен быстрый отклик с hh.ru.,https://dreamjob.ru/employers/2543506/vakansii/137123785,DreamJob / HH-linked vacancy,2026-09-11T16:56:28+03:00,Высокая,N5K-20260911-937,new_5000
N5K-0937-001,N5K-0937-001-E02,SIGNAL,"Полный текст вакансии фиксирует прямой S1: компания растет; действующий отдел — 15 менеджеров; нужно повысить эффективность, выполнять планы продаж и прибыли, увеличить конверсию и маржинальность, развивать повторные продажи, искать точки роста и вместе с собственником вывести показатели на новый уровень.",https://dreamjob.ru/employers/2543506/vakansii/137123785,DreamJob / полный текст HH-linked вакансии,2026-09-11T16:56:28+03:00,Высокая,N5K-20260911-937,new_5000
N5K-0937-001,N5K-0937-001-E03,LEGAL_SCALE,"ООО «МЕТАЛЛОЦЕНТР «ЭНЕРГОСТРОЙ» (кратко ООО «МЦЭС»), ИНН 6686131799, ОГРН 1216600016544, действует; выручка за 2025 год 130,1 млн ₽, чистая прибыль 1,9 млн ₽, рост выручки 69%; форма собственности частная.",https://companium.ru/id/1216600016544-mcehs,Companium / ЕГРЮЛ и бухгалтерская отчетность,2026-09-11T16:56:28+03:00,Высокая,N5K-20260911-937,new_5000
N5K-0937-001,N5K-0937-001-E04,LPR,Генеральный директор и единственный учредитель ООО «МЦЭС» — Сподыряк Михаил Андреевич; эти сведения подтверждаются актуальными карточками компании.,https://companies.rbc.ru/id/1216600016544-obschestvo-s-ogranichennoj-otvetstvennostyu-metallotsentr-energostroj/,РБК Компании / ЕГРЮЛ,2026-09-11T16:56:28+03:00,Высокая,N5K-20260911-937,new_5000
N5K-0937-001,N5K-0937-001-E05,CONTACT,Публичная карточка действующего ООО «МЦЭС» с теми же ИНН/ОГРН и сайтом mc-e.ru публикует практические корпоративные контакты +7 343 237-27-07 и buh.mces@gmail.com. Контакты корпоративные и лично CEO не приписываются.,https://companium.ru/id/1216600016544-mcehs,Companium / опубликованные контакты,2026-09-11T16:56:28+03:00,Средняя,N5K-20260911-937,new_5000
N5K-0940-001,N5K-0940-001-E01,SIGNAL_DATE,Русскоязычная вакансия SONOX «Head of E-commerce / Руководитель направления E-commerce» опубликована 8 сентября 2026 года и доступна через HH-linked страницу работодателя.,https://dreamjob.ru/employers/3260047/vakansii/136886374,DreamJob / HH-linked vacancy,2026-09-11T18:56:14+03:00,Высокая,N5K-20260911-940,new_5000
N5K-0940-001,N5K-0940-001-E02,SIGNAL,"Полный текст вакансии фиксирует прямой S1: переход от предпринимательского управления к системной модели роста с прозрачным P&L и прогнозируемой экономикой; цель роли — рост маржинальной прибыли; задачи включают unit economics, rolling forecast, plan/fact/forecast, управленческую отчетность, ассортимент, рекламу, запасы, управление командой и возможность строить процессы с нуля.",https://dreamjob.ru/employers/3260047/vakansii/136886374,DreamJob / полный текст HH-linked вакансии,2026-09-11T18:56:14+03:00,Высокая,N5K-20260911-940,new_5000
N5K-0940-001,N5K-0940-001-E03,LEGAL_SCALE,"ООО «ЛИДЕР СНА», ИНН 9726069986, ОГРН 1247700207446, действует; выручка за 2025 год 1,05 млрд ₽, чистая прибыль 73,80 млн ₽, рост выручки около 299%.",https://www.tbank.ru/business/contractor/legal/1247700207446/,Т-Банк Бизнес / сведения о контрагенте и бухгалтерская отчетность,2026-09-11T18:56:14+03:00,Высокая,N5K-20260911-940,new_5000
N5K-0940-001,N5K-0940-001-E04,LPR,Генеральный директор ООО «ЛИДЕР СНА» — Тимофеева Екатерина Леонидовна; она же единственный учредитель с долей 100%.,https://www.tbank.ru/business/contractor/legal/1247700207446/,Т-Банк Бизнес / сведения о контрагенте,2026-09-11T18:56:14+03:00,Высокая,N5K-20260911-940,new_5000
N5K-0940-001,N5K-0940-001-E05,BRAND_LINKAGE,"Официальный интернет-магазин SONOX в футере прямо указывает ООО «ЛИДЕР СНА», ИНН 9726069986, ОГРН 1247700207446, тем самым подтверждая точную связь бренда с юрлицом.",https://sonox-shop.ru/,SONOX / официальный сайт,2026-09-11T18:56:14+03:00,Высокая,N5K-20260911-940,new_5000
N5K-0940-001,N5K-0940-001-E06,CONTACT,Официальный сайт SONOX публикует практический корпоративный телефон +7 (931) 106-36-84 и email sales@sonox-shop.ru. Контакты корпоративные и лично генеральному директору не приписываются.,https://sonox-shop.ru/sgs,SONOX / официальный сайт,2026-09-11T18:56:14+03:00,Высокая,N5K-20260911-940,new_5000
N5K-0943-001,N5K-0943-001-E01,SIGNAL_DATE,Свежая русскоязычная HH-linked вакансия Автоцентра ГАЗ «Коммерческий директор» опубликована 10 сентября 2026 года.,https://dreamjob.ru/employers/26614/vakansii/136015913,DreamJob / HH-linked vacancy,2026-09-11T19:59:30+03:00,Высокая,N5K-20260911-943,new_5000
N5K-0943-001,N5K-0943-001-E02,SIGNAL,"Полный текст вакансии фиксирует прямой S1: управление тремя коммерческими потоками — продажи автомобилей, сервис и запчасти; построение системы лояльности и возврата клиентов; управление дебиторской задолженностью; разработка и внедрение KPI; расчёт unit-экономики направлений; участие в стратегическом планировании и влияние на развитие бизнеса.",https://dreamjob.ru/employers/26614/vakansii/136015913,DreamJob / полный текст HH-linked вакансии,2026-09-11T19:59:30+03:00,Высокая,N5K-20260911-943,new_5000
N5K-0943-001,N5K-0943-001-E03,LEGAL_SCALE,"ООО «АВТОЦЕНТР «ГАЗ», ИНН 1834050000, ОГРН 1091840008017, является действующей организацией; за 2025 год выручка около 2,18 млрд ₽, чистая прибыль 60,7 млн ₽, среднесписочная численность 114 человек. Компания находится в процессе реорганизации, но продолжает деятельность.",https://firmoteka.ru/1834050000,Фирмотека / актуальные реестровые и финансовые данные,2026-09-11T19:59:30+03:00,Высокая,N5K-20260911-943,new_5000
N5K-0943-001,N5K-0943-001-E04,LPR,Директор ООО «АВТОЦЕНТР «ГАЗ» — Антюганов Олег Борисович; единственный учредитель — Коняева Наталия Анатольевна.,https://firmoteka.ru/1834050000,Фирмотека / сведения ЕГРЮЛ,2026-09-11T19:59:30+03:00,Высокая,N5K-20260911-943,new_5000
N5K-0943-001,N5K-0943-001-E05,BRAND_LINKAGE,"Официальный сайт дилерского центра прямо указывает ООО «Автоцентр ГАЗ», ИНН 1834050000, ОГРН 1091840008017, подтверждая точную связь бренда, домена и юридического лица.",https://avtogaz18.ru/models,Автоцентр ГАЗ / официальный сайт,2026-09-11T19:59:30+03:00,Высокая,N5K-20260911-943,new_5000
N5K-0943-001,N5K-0943-001-E06,CONTACT,Официальный сайт Автоцентра ГАЗ публикует практический корпоративный телефон отдела продаж +7 (3412) 45-64-56. Контакт корпоративный и лично директору не приписывается.,https://avtogaz18.ru/about,Автоцентр ГАЗ / официальный сайт,2026-09-11T19:59:30+03:00,Высокая,N5K-20260911-943,new_5000
N5K-0948-001,N5K-0948-001-E01,SIGNAL_DATE,Русскоязычная HH-linked вакансия ООО «ТимерПласт» «Руководитель отдела продаж» опубликована 2 сентября 2026 года.,https://dreamjob.ru/employers/3266841/vakansii/136887537,DreamJob / HH-linked vacancy,2026-09-11T21:07:00+03:00,Высокая,N5K-20260911-948,new_5000
N5K-0948-001,N5K-0948-001-E02,SIGNAL,"Полный текст вакансии фиксирует S1: контроль выполнения планов и разработка инструментов продаж, управление ценовой политикой и дебиторской задолженностью, расширение каналов, переговоры с крупными заказчиками и партнерами, управление и мотивация отдела, отчетность и обязательная работа в CRM.",https://dreamjob.ru/employers/3266841/vakansii/136887537,DreamJob / полный текст HH-linked вакансии,2026-09-11T21:07:00+03:00,Высокая,N5K-20260911-948,new_5000
N5K-0948-001,N5K-0948-001-E03,LEGAL_SCALE,"ООО «ТИМЕРПЛАСТ», ИНН 1684012162, ОГРН 1231600020981, является действующей частной российской организацией; выручка за 2025 год 665,763 млн ₽, среднесписочная численность 144 человека, чистый результат -286,114 млн ₽.",https://b2b.house/company/OOO-TIMERPLAST_1e5d48a2-15cd-4dbb-9f2a-4f40a4ce05a3/,B2B.House / актуальные реестровые и финансовые данные,2026-09-11T21:07:00+03:00,Высокая,N5K-20260911-948,new_5000
N5K-0948-001,N5K-0948-001-E04,LPR,Директор и единственный учредитель ООО «ТИМЕРПЛАСТ» — Хасанов Адель Гумерович.,https://reputation.ru/ogrn/1231600020981,Reputation / актуальные сведения о руководителе и учредителе,2026-09-11T21:07:00+03:00,Высокая,N5K-20260911-948,new_5000
N5K-0948-001,N5K-0948-001-E05,BRAND_LINKAGE,"Официальный домен timerplast.ru и декларация соответствия на этом домене прямо идентифицируют ООО «ТИМЕРПЛАСТ», ИНН 1684012162, ОГРН 1231600020981 и директора Хасанова Аделя Гумеровича, подтверждая exact brand→legal linkage.",https://timerplast.ru/wp-content/uploads/2025/05/sertifikat-gofra.pdf,ТимерПласт / официальный документ на домене,2026-09-11T21:07:00+03:00,Высокая,N5K-20260911-948,new_5000
N5K-0948-001,N5K-0948-001-E06,CONTACT,Официальный сайт ТимерПласт публикует практические корпоративные контакты +7 (843) 598-40-85 и info@timerplast.ru. Контакты корпоративные и лично директору не приписываются.,https://timerplast.ru/spravochnik/gost/,ТимерПласт / официальный сайт,2026-09-11T21:07:00+03:00,Высокая,N5K-20260911-948,new_5000
N5K-0953-001,N5K-0953-001-E01,SIGNAL_DATE,Русскоязычная HH-linked вакансия ООО «Элесар-Групп» «Коммерческий директор (CCO)» размещена 10 сентября 2026 года.,https://nesiditsa.ru/vacancy/137216468,Nesiditsa / HH-linked vacancy mirror,2026-09-11T21:54:37+03:00,Высокая,N5K-20260911-953,new_5000
N5K-0953-001,N5K-0953-001-E02,SIGNAL,"Полный текст вакансии фиксирует прямой S1: компания находится на этапе масштабирования; коммерческий директор отвечает за коммерческую стратегию, выручку и валовую прибыль, новые рынки и продуктовые направления, pipeline крупных проектов, маржинальность и дебиторку, развитие структуры коммерческого блока и регулярную отчетность собственникам.",https://dreamjob.ru/employers/149168/vakansii/137216468,DreamJob / полный текст HH-linked вакансии,2026-09-11T21:54:37+03:00,Высокая,N5K-20260911-953,new_5000
N5K-0953-001,N5K-0953-001-E03,LEGAL_SCALE,"ООО «ЭЛЕСАР-ГРУПП», ИНН 7806575286, ОГРН 1207800103301, является действующей российской частной организацией; выручка за 2025 год 1 503 901 000 ₽, чистая прибыль 97 627 000 ₽; категория среднего бизнеса.",https://www.tbank.ru/business/contractor/legal/1207800103301/,Т-Банк / актуальные реестровые и финансовые данные,2026-09-11T21:54:37+03:00,Высокая,N5K-20260911-953,new_5000
N5K-0953-001,N5K-0953-001-E04,LPR,Генеральный директор ООО «ЭЛЕСАР-ГРУПП» — Ершов Александр Сергеевич; учредители: Алиев Ренат Натигович 50% и Ершов Александр Сергеевич 50%.,https://www.tbank.ru/business/contractor/legal/1207800103301/,Т-Банк / актуальные сведения о руководителе и учредителях,2026-09-11T21:54:37+03:00,Высокая,N5K-20260911-953,new_5000
N5K-0953-001,N5K-0953-001-E05,BRAND_LINKAGE,"Официальный сайт Элесар-Групп прямо идентифицирует ООО «Элесар-Групп» и публикует адрес 197375 Санкт-Петербург ул. Вербная д.27; этот адрес совпадает с актуальным юридическим адресом ООО «ЭЛЕСАР-ГРУПП» в реестровых данных, подтверждая exact brand→legal linkage.",https://elesar-group.ru/,Элесар-Групп / официальный сайт,2026-09-11T21:54:37+03:00,Высокая,N5K-20260911-953,new_5000
N5K-0953-001,N5K-0953-001-E06,CONTACT,Официальный сайт Элесар-Групп публикует практические корпоративные контакты +7 (812) 969-99-79 и info@elesar-group.ru. Контакты корпоративные и лично генеральному директору не приписываются.,https://elesar-group.ru/,Элесар-Групп / официальный сайт,2026-09-11T21:54:37+03:00,Высокая,N5K-20260911-953,new_5000
N5K-0955-001,N5K-0955-001-E01,SIGNAL_DATE,Русскоязычная вакансия «Сервер Молл» «Директор по продажам крупному бизнесу IT» датирована 2 сентября 2026 года.,https://vgorode.moscow/rabota/vakansiya-132774586/,Vgorode.Moscow / вакансия работодателя,2026-09-11T23:00:00+03:00,Высокая,N5K-20260911-955,new_5000
N5K-0955-001,N5K-0955-001-E02,SIGNAL,"Полный текст вакансии фиксирует прямой S1: стратегия по ключевым B2B-клиентам, новые стратегические заказчики, KPI по обороту и маржинальности, управление командой продаж, тендеры и крупные контракты, управление воронкой и коммерческими показателями, понимание P&L и экономики сделок, CRM; ключевые результаты — устойчивый рост продаж и маржинальности и увеличение доли комплексных проектов.",https://vgorode.moscow/rabota/vakansiya-132774586/,Vgorode.Moscow / полный текст вакансии,2026-09-11T23:00:00+03:00,Высокая,N5K-20260911-955,new_5000
N5K-0955-001,N5K-0955-001-E03,LEGAL_SCALE,"ООО «СЕРВЕР МОЛЛ», ИНН 7806239326, ОГРН 1167847239317, является действующей российской частной организацией; выручка за 2025 год 5 676 526 000 ₽, чистая прибыль 142 744 000 ₽; численность 124 сотрудника.",https://b2b.house/company/OOO-SERVER-MOLL_5dd370f7-2580-439d-ab99-2dbd9c6c8347/,B2B.House / реестровые и финансовые данные,2026-09-11T23:00:00+03:00,Высокая,N5K-20260911-955,new_5000
N5K-0955-001,N5K-0955-001-E04,LPR,"Генеральный директор и единственный учредитель ООО «СЕРВЕР МОЛЛ» — Фролов Роман Александрович, доля 100%.",https://www.tbank.ru/business/contractor/legal/1167847239317/,Т-Банк / актуальные сведения о руководителе и учредителе,2026-09-11T23:00:00+03:00,Высокая,N5K-20260911-955,new_5000
N5K-0955-001,N5K-0955-001-E05,BRAND_LINKAGE,"Официальный сайт «СЕРВЕР МОЛЛ» прямо публикует реквизиты ООО «Сервер Молл»: ИНН 7806239326, ОГРН 1167847239317 и генерального директора Фролова Романа Александровича, подтверждая exact brand→legal linkage.",https://servermall.ru/contacts/,СЕРВЕР МОЛЛ / официальный сайт,2026-09-11T23:00:00+03:00,Высокая,N5K-20260911-955,new_5000
N5K-0955-001,N5K-0955-001-E06,CONTACT,Официальный сайт СЕРВЕР МОЛЛ публикует практические корпоративные контакты 8 800 755-25-51 и info@servermall.ru. Контакты корпоративные и лично генеральному директору не приписываются.,https://servermall.ru/contacts/,СЕРВЕР МОЛЛ / официальный сайт,2026-09-11T23:00:00+03:00,Высокая,N5K-20260911-955,new_5000
N5K-0960-001,N5K-0960-001-E01,SIGNAL_DATE,Русскоязычная HH-linked вакансия FAROS GROUP «Руководитель отдела продаж» датирована 9 сентября 2026 года.,https://nesiditsa.ru/vacancy/137164935,Не сидится / HH-linked вакансия,2026-09-12T00:24:00+03:00,Высокая,N5K-20260912-960,new_5000
N5K-0960-001,N5K-0960-001-E02,SIGNAL,"Полный текст вакансии фиксирует прямой S1: FAROS PROTECTION объявляет о расширении отдела региональных продаж; задачи включают руководство региональными продажами, B2B/FMCG, переговоры с партнёрами, контроль плановых показателей и построение отдела с нуля либо масштабирование с наймом, адаптацией и наставничеством.",https://nesiditsa.ru/vacancy/137164935,Не сидится / полный текст HH-linked вакансии,2026-09-12T00:24:00+03:00,Высокая,N5K-20260912-960,new_5000
N5K-0960-001,N5K-0960-001-E03,LEGAL_SCALE,"ООО «МЕЖДУНАРОДНАЯ ПРОМЫШЛЕННАЯ ГРУППА Ф7», ИНН 7329033926, ОГРН 1207300007342, является действующей российской частной организацией; выручка за 2025 год 330,4 млн ₽, чистая прибыль 80,3 млн ₽.",https://companium.ru/id/1207300007342-mpg-f7,Companium / актуальные реестровые и финансовые данные,2026-09-12T00:24:00+03:00,Высокая,N5K-20260912-960,new_5000
N5K-0960-001,N5K-0960-001-E04,LPR,"Управляющий ООО «МПГ Ф7» — Киселев Александр Михайлович; текущие учредители: Киселев Александр Михайлович 62,12% и Маслова Мария Владимировна 37,88%.",https://companium.ru/id/1207300007342-mpg-f7,Companium / актуальные сведения о руководителе и учредителях,2026-09-12T00:24:00+03:00,Высокая,N5K-20260912-960,new_5000
N5K-0960-001,N5K-0960-001-E05,BRAND_LINKAGE,"Официальный сайт FAROS PROTECTION в разделе реквизитов прямо указывает ООО «МПГ Ф7», ИНН 7329033926, ОГРН 1207300007342 и управляющего Киселева Александра Михайловича, подтверждая exact brand→legal linkage.",https://farospro.ru/company/rekvizity/,FAROS PROTECTION / официальный сайт,2026-09-12T00:24:00+03:00,Высокая,N5K-20260912-960,new_5000
N5K-0960-001,N5K-0960-001-E06,CONTACT,Официальный сайт FAROS PROTECTION публикует практические корпоративные контакты 8 937 032 2679 и sales@farospro.ru. Контакты корпоративные и лично управляющему не приписываются.,https://farospro.ru/,FAROS PROTECTION / официальный сайт,2026-09-12T00:24:00+03:00,Высокая,N5K-20260912-960,new_5000
N5K-0961-001,N5K-0961-001-E01,SIGNAL_DATE,Русскоязычная HH-linked вакансия ООО «Ревикс Доктор Фармер Корма» «Руководитель Отдела Продаж (премиксы для сельскохозяйственных животных)» датирована 11 сентября 2026 года.,https://novosibirsk.jobcareer.ru/jobs/rukovoditel-otdela-prodaz/,JobCareer / HH-linked vacancy listing,2026-09-12T00:54:00+03:00,Высокая,N5K-20260912-961,new_5000
N5K-0961-001,N5K-0961-001-E02,SIGNAL,"Вакансия фиксирует business-intent: организация сбыта, разработка стратегии и планов отдела продаж, внедрение новых программ мотивации, переговоры с основными клиентами, анализ данных продаж и эффективности рекламной стратегии.",https://novosibirsk.jobcareer.ru/jobs/rukovoditel-otdela-prodaz/,JobCareer / HH-linked vacancy listing,2026-09-12T00:54:00+03:00,Высокая,N5K-20260912-961,new_5000
N5K-0961-001,N5K-0961-001-E03,LEGAL_SCALE,"ООО «РЕВИКС ДОКТОР ФАРМЕР КОРМА», ИНН 7702400411, ОГРН 1167746393649, является действующей российской организацией; выручка за 2025 год 122,9 млн ₽, чистая прибыль 81,5 млн ₽, численность 31 человек.",https://companium.ru/id/1167746393649-reviks-doktor-farmer-korma,Companium / актуальные реестровые и финансовые данные,2026-09-12T00:54:00+03:00,Высокая,N5K-20260912-961,new_5000
N5K-0961-001,N5K-0961-001-E04,LPR,Генеральный директор ООО «РЕВИКС ДОКТОР ФАРМЕР КОРМА» с 12 декабря 2025 года — Горбачев Сергей Владимирович.,https://check.tochka.com/company/1167746393649/,Точка / актуальные сведения о руководителе,2026-09-12T00:54:00+03:00,Высокая,N5K-20260912-961,new_5000
N5K-0961-001,N5K-0961-001-E05,BRAND_LINKAGE,"Работодатель в свежей HH-вакансии указан как ООО «Ревикс Доктор Фармер Корма»; действующее юрлицо имеет точное наименование ООО «РЕВИКС ДОКТОР ФАРМЕР КОРМА», ИНН 7702400411, ОГРН 1167746393649; публичные карточки связывают его с доменом reveex.ru.",https://novosibirsk.hh.ru/vacancies/rukovoditel_klientskogo_otdela/za_poslednie_tri_dnya,HH.ru / текущая выдача вакансий + актуальные реестровые данные,2026-09-12T00:54:00+03:00,Высокая,N5K-20260912-961,new_5000
N5K-0961-001,N5K-0961-001-E06,CONTACT,Публичная карточка действующего ООО публикует практические корпоративные контакты +7 383 209-14-66 и info@reveex.ru. Контакты корпоративные и лично генеральному директору не приписываются.,https://companium.ru/id/1167746393649-reviks-doktor-farmer-korma,Companium / публичная карточка компании,2026-09-12T00:54:00+03:00,Средняя,N5K-20260912-961,new_5000
N5K-0969-001,N5K-0969-001-E01,SIGNAL_DATE,Русскоязычная HH-linked вакансия ЭТК Электрик «Руководитель отдела оптовых продаж» опубликована 10.09.2026.,https://nesiditsa.ru/vacancy/136741974,Nesiditsa / HH vacancy mirror,2026-09-12T03:28:00+03:00,Высокая,N5K-20260912-969,new_5000
N5K-0969-001,N5K-0969-001-E02,SIGNAL,"Полный текст вакансии фиксирует прямой business-intent: увеличение прибыли, управление планами продаж, найм и развитие команды, увеличение активной клиентской базы, развитие новых направлений, ключевые клиенты, дебиторская задолженность, оптимизация процессов, маркетинг и ценообразование.",https://nesiditsa.ru/vacancy/136741974,Nesiditsa / HH vacancy mirror,2026-09-12T03:28:00+03:00,Высокая,N5K-20260912-969,new_5000
N5K-0969-001,N5K-0969-001-E03,LEGAL_SCALE,"ООО ЭТК «ЭЛЕКТРИК», ИНН 6165213690, ОГРН 1186196021230, действующая российская частная организация; выручка за 2025 год 661,3 млн ₽, чистая прибыль 38,1 млн ₽, 62 сотрудника.",https://companium.ru/id/1186196021230-ehtk-ehlektrik,Companium / актуальные реестровые и финансовые данные,2026-09-12T03:28:00+03:00,Высокая,N5K-20260912-969,new_5000
N5K-0969-001,N5K-0969-001-E04,LPR,Директор и единственный учредитель ООО ЭТК «ЭЛЕКТРИК» — Гусев Петр Евгеньевич.,https://companium.ru/id/1186196021230-ehtk-ehlektrik,Companium / актуальные сведения о руководителе и учредителе,2026-09-12T03:28:00+03:00,Высокая,N5K-20260912-969,new_5000
N5K-0969-001,N5K-0969-001-E05,BRAND_LINKAGE,"Официальный сайт ЭТК Электрик прямо публикует реквизиты ООО ЭТК «Электрик»: ОГРН 1186196021230, ИНН 6165213690 и адрес Ростов-на-Дону, ул. Шеболдаева, 20/2, офис 33, совпадающий с реестровой карточкой.",https://etk-electric.ru/company/,Официальный сайт ЭТК Электрик,2026-09-12T03:28:00+03:00,Высокая,N5K-20260912-969,new_5000
N5K-0969-001,N5K-0969-001-E06,CONTACT,Официальный сайт ЭТК Электрик публикует практические корпоративные контакты оптового отдела +7 (863) 245-70-44 и общий email etk@rst-etk.ru; лично директору они не приписываются.,https://etk-electric.ru/contacts/,Официальный сайт ЭТК Электрик,2026-09-12T03:28:00+03:00,Высокая,N5K-20260912-969,new_5000
N5K-0972-001,N5K-0972-001-E01,SIGNAL_DATE,Русскоязычная HH-linked вакансия «Руководитель отдела продаж. Международная логистика / ВЭД» для Атранс опубликована 09.09.2026.,https://vgorode.moscow/rabota/vakansiya-137170096/,Vgorode / HH-linked vacancy,2026-09-12T04:18:00+03:00,Высокая,N5K-20260912-972,new_5000
N5K-0972-001,N5K-0972-001-E02,SIGNAL,"Полный текст вакансии фиксирует прямой S1 business-intent: сформировать отдел продаж с нуля, нанять и обучить команду, разработать стратегию продаж и KPI, управлять воронкой и конверсиями, внедрить мотивацию и грейды и вывести продажи на новый уровень.",https://vgorode.moscow/rabota/vakansiya-137170096/,Vgorode / HH-linked vacancy full text,2026-09-12T04:18:00+03:00,Высокая,N5K-20260912-972,new_5000
N5K-0972-001,N5K-0972-001-E03,LEGAL_SCALE,"ООО «АТРАНС ГЛОБАЛ», ИНН 9709104101, ОГРН 1237700942500, действующая российская частная организация; выручка за 2025 год 565,2 млн ₽, чистая прибыль 3,11 млн ₽, 19 сотрудников.",https://www.tbank.ru/business/contractor/legal/1237700942500/,Т-Банк / актуальные реестровые и финансовые данные,2026-09-12T04:18:00+03:00,Высокая,N5K-20260912-972,new_5000
N5K-0972-001,N5K-0972-001-E04,LPR,Генеральный директор ООО «АТРАНС ГЛОБАЛ» — Анистаров Константин Геннадьевич; учредители Анистаров Константин Геннадьевич и Катриченко Алексей Евгеньевич по 50%.,https://www.tbank.ru/business/contractor/legal/1237700942500/,Т-Банк / актуальная карточка контрагента,2026-09-12T04:18:00+03:00,Высокая,N5K-20260912-972,new_5000
N5K-0972-001,N5K-0972-001-E05,BRAND_LINKAGE,Официальный сайт ATRANS GLOBAL называет генеральным директором бренда Анистарова Константина Геннадиевича и публикует московский офис; независимая карточка ООО «АТРАНС ГЛОБАЛ» с ИНН 9709104101/ОГРН 1237700942500 указывает того же генерального директора и официальный сайт atransglobal.ru.,https://atransglobal.ru/about/,Официальный сайт ATRANS GLOBAL + реестровое сопоставление,2026-09-12T04:18:00+03:00,Высокая,N5K-20260912-972,new_5000
N5K-0972-001,N5K-0972-001-E06,CONTACT,Официальный сайт ATRANS GLOBAL публикует практические корпоративные контакты московского офиса +7 (495) 120-17-99 и общий email zapros@atransdv.ru; лично генеральному директору они не приписываются.,https://atransglobal.ru/contacts/,Официальный сайт ATRANS GLOBAL,2026-09-12T04:18:00+03:00,Высокая,N5K-20260912-972,new_5000
N5K-0974-001,N5K-0974-001-E01,SIGNAL_DATE,Вакансия АО «ЭЛС» на коммерческую руководящую роль опубликована 31.08.2026.,https://dreamjob.ru/employers/113447/vakansii/136806555,DreamJob / HH-linked vacancy,2026-09-12T05:02:00+03:00,Высокая,N5K-20260912-974,new_5000
N5K-0974-001,N5K-0974-001-E02,SIGNAL,Полный текст вакансии: цель удвоить доходность до 400 млн ₽/мес.; план продаж; руководство коммерческим блоком; автоматизация процессов; анализ прибыльности каналов; управление выручкой и валовой маржой.,https://dreamjob.ru/employers/113447/vakansii/136806555,DreamJob / vacancy full text,2026-09-12T05:02:00+03:00,Высокая,N5K-20260912-974,new_5000
N5K-0974-001,N5K-0974-001-E03,LEGAL_SCALE,"АО «ЭЛС», ИНН 7810727164, ОГРН 1187847103652, действует; выручка 2025 — 1 554 619 000 ₽, чистая прибыль — 13 498 000 ₽, 68 сотрудников.",https://b2b.house/company/AO-ELS_0fa4deba-b9a1-4f4c-987e-5b22c82685e5/,B2B.house,2026-09-12T05:02:00+03:00,Высокая,N5K-20260912-974,new_5000
N5K-0974-001,N5K-0974-001-E04,LPR,Генеральный директор АО «ЭЛС» — Ефанов Алексей Владимирович.,https://b2b.house/company/AO-ELS_0fa4deba-b9a1-4f4c-987e-5b22c82685e5/,B2B.house,2026-09-12T05:02:00+03:00,Высокая,N5K-20260912-974,new_5000
N5K-0974-001,N5K-0974-001-E05,BRAND_LINKAGE,"Политика сайта bahily.kz указывает оператором АО «ЭЛС», ИНН 7810727164, ОГРН 1187847103652, подтверждая связь домена и юрлица.",https://bahily.kz/include/personal.php,Официальный сайт АО «ЭЛС»,2026-09-12T05:02:00+03:00,Высокая,N5K-20260912-974,new_5000
N5K-0974-001,N5K-0974-001-E06,CONTACT,На официальном сайте опубликованы корпоративные контакты: +7 (900) 632-88-65 и manager09@bahilyrf.ru; они не атрибутируются лично генеральному директору.,https://bahily.kz/company/,Официальный сайт АО «ЭЛС»,2026-09-12T05:02:00+03:00,Высокая,N5K-20260912-974,new_5000
