Lead ID,Evidence ID,Brand,Evidence Type,Evidence Date,Title,Summary,Source Name,Source URL,What It Confirms,Reliability,Checked At,Run ID,Claim,Source,Source Date,Verified At,Confidence,Notes,Fact,Source Class
GRM-001,E-001,SAFDECOR,юридические данные,2026-07-03,Карточка ООО САФДЕКОР,ИНН ОГРН собственник директор выручка и статус,РБК Компании,https://companies.rbc.ru/id/1221600008035-obschestvo-s-ogranichennoj-otvetstvennostyu-safdekor/,Юрлицо масштаб собственник,HIGH,2026-07-20,,,,,,,,,
GRM-001,E-002,SAFDECOR,запуск производства,2026-07-18,Локальное производство ПВХ-плёнки,Компания заявляет запуск локального производства как альтернативы импорту,Официальный сайт SAFDECOR,https://safdecor.ru/,Бизнес-сигнал и контакты,HIGH,2026-07-20,,,,,,,,,
GRM-002,E-003,STACK / e-commerce Ильи Батталова,вакансия,2026-02-20,COO для масштабирования e-commerce,Рост с 124 до 500+ млн; P&L закупки логистика KPI,HH,https://hh.ru/vacancy/130258814,Прямой S1 сигнал и контакт,HIGH,2026-07-20,,,,,,,,,
GRM-002,E-004,STACK / e-commerce Ильи Батталова,юридические данные,2026-04-01,Карточка ИП Батталова,ИНН ОГРНИП регион и действующий статус,РБК Компании,https://companies.rbc.ru/persons/ogrnip/321385000043966-battalov-ilya-maratovich/,Точное ИП,HIGH,2026-07-20,,,,,,,,,
GRM-003,E-005,Авталон,финансовые данные,2026-07-07,Карточка ООО АВТАЛОН,Выручка 378.694 млн прибыль 24.905 млн собственник Волков,РБК Компании,https://companies.rbc.ru/id/1227700260985-ooo-avtalon/,Масштаб и LPR,HIGH,2026-07-20,,,,,,,,,
GRM-004,E-006,Новотерская / Велнесс Фонтейн,сайт,2026-07-20,Официальные дистрибьюторы Новотерской,Сайт связывает бренд с ООО Велнесс Фонтейн и публикует телефон и email,Официальный сайт Новотерской,https://novoterskaya.ru/,Связь бренда и юрлица контакты,HIGH,2026-07-20,,,,,,,,,
GRM-004,E-007,Новотерская / Велнесс Фонтейн,финансовые данные,2026-07-20,Старая карточка Growth Radar,Снижение выручки 78.7% и данные собственника,data/company_pipeline.csv,repository:data/company_pipeline.csv,Финансовый сигнал и LPR,MEDIUM,2026-07-20,,,,,,,,,
GRM-005,E-008,ECONEX,финансовые данные,2026-06-02,Карточка ТД ЭКОНЕКС,Выручка 246.8 млн прибыль 23.701 млн,RБК Компании,https://companies.rbc.ru/id/1143443020247-ooo-torgovyij-dom-ekoneks/,Масштаб и динамика,HIGH,2026-07-20,,,,,,,,,
GRM-005,E-009,ECONEX,контакт,2026-07-20,Контакты команды ECONEX,Публичные контакты генерального технического и коммерческого руководителей,Официальный сайт ECONEX,https://econex.ru/contacts/,LPR и маршруты,HIGH,2026-07-20,,,,,,,,,
GRM-006,E-010,ПРОФЛИСТ МАРКЕТ,финансовые данные,2026-06-23,Карточка ПРОФЛИСТ МАРКЕТ,Рост выручки до 626.498 млн и собственник Бодров,РБК Компании,https://companies.rbc.ru/id/1244800002424-ooo-proflist-market/,Масштаб динамика и LPR,HIGH,2026-07-20,,,,,,,,,
GRM-006,E-011,ПРОФЛИСТ МАРКЕТ,масштабирование,2026-07-20,Складская сеть ПРОФЛИСТ МАРКЕТ,Пять действующих складов и два анонсированных; телефон email и форма,Официальный сайт,https://proflistm.com/,S2 сигнал и контакты,HIGH,2026-07-20,,,,,,,,,
GRM-007,E-012,STILMA,юридические данные,2026-07-02,Карточка ЛИБЕРТИ ДРАЙВ,Юрлицо владеет маркой STILMA; выручка 509.458 млн; собственник Багиров,РБК Компании,https://companies.rbc.ru/id/1227700086437-obschestvo-s-ogranichennoj-otvetstvennostyu-liberti-drajv/,Юрлицо масштаб и LPR,HIGH,2026-07-20,,,,,,,,,
GRM-008,E-013,Алтай Рестарт,юридические данные,2026-05-25,Карточка ГРАНД-КРИО АЛТАЙ,ИНН ОГРН собственник Шуппо сотрудники и финансовые ориентиры,РБК Компании,https://companies.rbc.ru/id/1192225043680-obschestvo-s-ogranichennoj-otvetstvennostyu-grand-krio-altaj/,Юрлицо масштаб и LPR,HIGH,2026-07-20,,,,,,,,,
GRM-008,E-014,Алтай Рестарт,сайт,2026-07-20,Курорт Алтай Рестарт,Премиальный курорт с гостиницей SPA медициной рестораном и корпоративным отдыхом,Официальный сайт,https://altay-restart.ru/,Бизнес-модель и сигнал,HIGH,2026-07-20,,,,,,,,,
GRM-008,E-015,Алтай Рестарт,контакт,2026-07-20,Контакты курорта,Телефон email форма и Telegram,Официальный сайт,https://altay-restart.ru/contacts,Практический маршрут,HIGH,2026-07-20,,,,,,,,,
GRM-009,E-016,Новые технологии печати упаковки,финансовые данные,2026-07-07,Карточка компании,Выручка 16.844 млн прибыль 308 тыс совладелец и директор Точёнов,РБК Компании,https://companies.rbc.ru/id/1127746654430-ooo-novyie-tehnologii-pechati-upakovki/,Масштаб LPR и динамика,HIGH,2026-07-20,,,,,,,,,
GRM-009,E-017,Новые технологии печати упаковки,контакт,2026-07-20,Контакты компании,Два телефона email и адрес,Официальный сайт,https://printing-technologies.ru/contact/,Маршрут связи,HIGH,2026-07-20,,,,,,,,,
GRM-010,E-018,Семаргл,юридические данные,2026-07-20,Карточка ООО СЕМАРГЛ,ИНН ОГРН директор учредители и финансовые данные 2022,РБК Компании,https://companies.rbc.ru/id/1099847019580-ooo-semargl/,Юрлицо масштаб и LPR,MEDIUM,2026-07-20,,,,,,,,,
GRM-010,E-019,Семаргл,автоматизация,2026-07-20,О компании Семаргл,Российская разработка и производство систем автоматизации складской логистики,Официальный сайт,https://semargl.pro/company/,Бизнес-контекст и контакт,HIGH,2026-07-20,,,,,,,,,
GRM-010,E-020,Семаргл,контакт,2026-07-20,Контакты Семаргл,Телефон email и дополнительные открытые контакты,Официальный сайт и Companium,https://semargl.pro/company/; https://www.companium.ru/id/1099847019580-semargl,Маршруты связи,MEDIUM,2026-07-20,,,,,,,,,
GRM-011,E-021,ET.LASER,юридические данные,2026-07-20,Карточка ООО ЕТ-ЛАЗЕР,ИНН ОГРН статус выручка прибыль участники и директор,РБК Компании,https://companies.rbc.ru/id/1197746162525-obschestvo-s-ogranichennoj-otvetstvennostyu-et-lazer/,Юрлицо масштаб собственники и LPR,HIGH,2026-07-20,,,,,,,,,
GRM-011,E-022,ET.LASER,партнёрская программа,2026-07-20,Партнёрство ET.LASER,Компания развивает масштабируемую партнёрскую модель; опубликованы телефон email и формы,Официальный сайт ET.LASER,https://et-laser.ru/partnership,S2 сигнал и маршруты связи,HIGH,2026-07-20,,,,,,,,,
GRM-012,E-023,AldanDev,юридические и финансовые данные,2026-07-20,Карточка ООО АЛДАНДЕВ,ИНН ОГРН директор выручка и убыток,Saby,https://saby.ru/profile/9726056391-770701001,Юрлицо масштаб и LPR,MEDIUM,2026-07-20,,,,,,,,,
GRM-012,E-024,AldanDev,сайт,2026-07-20,Команда и направления AldanDev,Сайт описывает venture studio и публикует телефон email и форму,Официальный сайт AldanDev,https://aldandev.com/,Бизнес-контекст и контакты,HIGH,2026-07-20,,,,,,,,,
GRM-013,E-025,УЗЕЛ СИЛА,юридические и финансовые данные,2026-07-20,Карточка ООО СИЛА-ЦЕНТР,ИНН ОГРН выручка штат собственник и директор,Точка,https://check.tochka.com/company/1126312000011/,Юрлицо масштаб и LPR,MEDIUM,2026-07-20,,,,,,,,,
GRM-013,E-026,УЗЕЛ СИЛА,масштабирование,2026-07-20,Партнёрская и дилерская сеть УЗЕЛ СИЛА,Компания приглашает дилеров строителей и проектные организации; опубликованы прямые контакты,Официальный сайт УЗЕЛ СИЛА,https://uzel-sila.ru/о-компании/,S2 сигнал и контакты,HIGH,2026-07-20,,,,,,,,,
GRM-014,E-027,1КЛИК,финансовые данные,2026-07-20,Карточка ООО 1КЛИК,Выручка 444.387 млн прибыль 109.351 млн собственники и директор,РБК Компании,https://companies.rbc.ru/id/5157746173448-obschestvo-s-ogranichennoj-otvetstvennostyu-1klik/,Масштаб динамика и LPR,HIGH,2026-07-20,,,,,,,,,
GRM-014,E-028,1КЛИК,контакт,2026-07-20,Официальный сайт 1КЛИК,IT-компания публикует телефон email и форму,Официальный сайт 1КЛИК,https://www.1clickgroup.ru/,Бизнес-контекст и маршрут,HIGH,2026-07-20,,,,,,,,,
GRM-015,E-029,БашСептик,юридические данные,2026-07-20,Реквизиты ИП Ядгарова,Официальный сайт связывает бренд с ИП Ядгаров Артур Уралович и публикует контакт,Официальный сайт БашСептик,https://bashseptik.ru/,Точное ИП LPR и контакт,HIGH,2026-07-20,,,,,,,,,
GRM-015,E-030,БашСептик,вакансия,2026-07-20,Операционный директор для БашСептик,Заявки выросли с 300 до 1500+ в месяц; собственник хочет выйти из операционки и открыть новые рынки,Вакансия компании,https://h.careers/job/953dd533-1aa9-490b-a78c-b2f66a3adef9,Прямой S1 сигнал,HIGH,2026-07-20,,,,,,,,,
GRM-016,E-031,LABÁ,юридические и финансовые данные,2026-07-20,Карточка ООО ФЛЕГЕВЕЛЬТ,Выручка 218.53 млн убыток 8.27 млн участники и директор,Т-Банк Бизнес,https://www.tbank.ru/business/contractor/legal/1224700005090/,Юрлицо масштаб и LPR,MEDIUM,2026-07-20,,,,,,,,,
GRM-016,E-032,LABÁ,сайт,2026-07-20,Бренды LABÁ VAERE и KUSSE,Сайт подтверждает связь бренда и юрлица; доступна форма без публичного телефона и email,Официальный сайт LABÁ,https://labacosmetic.com/,Связь бренда и маршрут,MEDIUM,2026-07-20,,,,,,,,,
GRM-017,E-033,HEALTHBAND,юридические данные,2026-07-20,Карточка ООО ХЕЛСБЕНД,ИНН ОГРН собственник директор один сотрудник и нулевая выручка юрлица,РБК Компании,https://companies.rbc.ru/id/1225000009046-obschestvo-s-ogranichennoj-otvetstvennostyu-helsbend/,Юрлицо и риск несоответствия операционной структуры,MEDIUM,2026-07-20,,,,,,,,,
GRM-017,E-034,HEALTHBAND,контакт,2026-07-20,Контакты HEALTHBAND,Сайт показывает офисы в Москве и Казахстане и публикует телефоны и email,Официальный сайт HEALTHBAND,https://healthband.ru/kontakty,Практические маршруты и действующий бизнес,HIGH,2026-07-20,,,,,,,,,
GRM-018,E-035,MED YU MED,финансовые данные,2026-07-20,Карточка ООО МЕД-Ю-МЕД,Выручка 536.248 млн прибыль 188.92 млн собственник и директор,РБК Компании,https://companies.rbc.ru/id/1237700886081-ooo-ooo-med-yu-med/,Масштаб динамика и LPR,HIGH,2026-07-20,,,,,,,,,
GRM-018,E-036,MED YU MED,масштабирование,2026-07-20,Сеть MED YU MED,Две локации в Москве направление в Дубае и e-commerce; опубликованы несколько маршрутов,Официальный сайт MED YU MED,https://med-yu-med.ru/about/,S2 сигнал и контакты,HIGH,2026-07-20,,,,,,,,,
GRM-019,E-037,МОНИТОРУС,финансовые данные,2026-07-20,Карточка ООО МОНИТОРУС,Выручка 92.331 млн прибыль 14.84 млн собственник и директор,РБК Компании,https://companies.rbc.ru/id/1227700610741-ooo-monitorus/,Масштаб рост и LPR,HIGH,2026-07-20,,,,,,,,,
GRM-019,E-038,МОНИТОРУС,партнёрская программа,2026-07-20,Партнёрство МОНИТОРУС,Компания заявляет место в топ-5 производителей и ищет торговых и интеграционных партнёров,Официальный сайт МОНИТОРУС,https://monitoros.ru/,S2 сигнал и маршруты,HIGH,2026-07-20,,,,,,,,,
GRM-020,E-039,Школа практического инвестирования,юридические и финансовые данные,2026-07-20,Карточка ООО ШКОЛА ИНВЕСТИРОВАНИЯ,ИНН ОГРН собственник директор и ориентир выручки около 196 млн,Firmoteka,https://firmoteka.ru/7805819772,Юрлицо масштаб и LPR,MEDIUM,2026-07-20,,,,,,,,,
GRM-020,E-040,Школа практического инвестирования,управленческий найм,2026-07-20,Одновременное усиление маркетинга и продаж,Компания нанимает руководителя трафика маркетолога SMM и менеджеров; опубликованы контакты собственника и школы,Вакансии и официальный сайт,https://nesiditsa.ru/vacancy/133354129; https://investorpractic.ru/fedor-sidorov/,S2 сигнал и контакты,MEDIUM,2026-07-20,,,,,,,,,
GRM-021,E-041,Zaboroff,юридические и финансовые данные,2026-07-21,Карточка ООО ЗАБОРОФФ,Действующая компания; 18 сотрудников; выручка 46.172 млн; прибыль 162 тыс; собственник и директор Каширин,РБК Компании,https://companies.rbc.ru/id/1177746882840-ooo-zaboroff/,Юрлицо масштаб и ЛПР,HIGH,2026-07-21,,,,,,,,,
GRM-021,E-042,Zaboroff,масштаб и контакты,2026-07-21,О компании Zaboroff,Собственное производство; склады; 30 бригад; телефоны email и мессенджеры,Официальный сайт,https://www.zaboroff.ru/about/,Операционный масштаб и маршруты,HIGH,2026-07-21,,,,,,,,,
GRM-021,E-043,Zaboroff,вакансия,2026-01-20,РОП B2B-направления,Генеральный директор лично предлагает построить B2B-направление с нуля и управлять по валовой марже,HH,https://hh.ru/vacancy/129646446,S2 сигнал,HIGH,2026-07-21,,,,,,,,,
GRM-022,E-044,Orange Logistic,юридические и финансовые данные,2026-07-21,Карточка ООО ОРАНЖ СПЕДИШН,Действующая компания; выручка 43.14 млн; прибыль 5.939 млн; собственник и директор Кушнеренко,РБК Компании,https://companies.rbc.ru/id/1117746431758-ooo-oranzh-spedishn/,Юрлицо масштаб и ЛПР,HIGH,2026-07-21,,,,,,,,,
GRM-022,E-045,Orange Logistic,масштаб и контакты,2026-07-21,Международная логистика Orange Logistic,Компания заявляет работу с 800+ клиентами; публикует телефон email и форму,Официальный сайт,https://orangelogistic.ru/,Операционный масштаб и маршрут,HIGH,2026-07-21,,,,,,,,,
GRM-022,E-046,Orange Logistic,вакансия,2026-02-02,Руководитель продаж,Компания предлагает построить отдел продаж под себя и влиять на стратегию,HH,https://hh.ru/vacancy/130081119,S2 сигнал,HIGH,2026-07-21,,,,,,,,,
GRM-023,E-047,Chachas Club,юридические данные,2026-07-21,Карточка ИП Кожомина,Действующий ИП; ИНН и ОГРНИП подтверждены,РБК Компании,https://companies.rbc.ru/persons/ogrnip/319774600704879-kozhomin-kirill-pavlovich/,Точное ИП и владелец,HIGH,2026-07-21,,,,,,,,,
GRM-023,E-048,Chachas Club,масштаб и продукт,2026-07-21,Презентация Chachas Club,Сообщество более 10000 человек; подписная модель; партнёрская сеть по районам Москвы,Официальный сайт,https://chachas.ru/presentation,Бизнес-модель и операционный ориентир,HIGH,2026-07-21,,,,,,,,,
GRM-023,E-049,Chachas Club,вакансия,2026-01-16,РОП для SaaS-стартапа,Основатель ищет РОПа для 300+ продаж в месяц и контроля CAC LTV,HH,https://hh.ru/vacancy/129530808,S1 сигнал,HIGH,2026-07-21,,,,,,,,,
GRM-024,E-050,MARROB,юридические и финансовые данные,2026-07-21,Карточка ООО МАРРОБ РУС,Действующая компания; один сотрудник; выручка 7.257 млн; собственник Шабалтас,РБК Компании,https://companies.rbc.ru/id/1215000079304-obschestvo-s-ogranichennoj-otvetstvennostyu-marrob-rus/,Причина исключения,HIGH,2026-07-21,,,,,,,,,
GRM-024,E-051,MARROB,вакансия и контакты,2026-02-05,РОП для построения отдела с нуля,Запрос релевантен продукту; официальный сайт публикует контакты; масштаб ниже порога,HH и официальный сайт,https://hh.ru/vacancy/130209818; https://marrob.ru/kontakty/,S1 сигнал и маршрут,HIGH,2026-07-21,,,,,,,,,
GRM-025,E-052,АИ Авто,бизнес и контакты,2026-07-21,Импорт автомобилей АИ Авто,Компания заявляет семь лет работы и сотни клиентов; есть сайт и Telegram,Официальный сайт и Telegram,https://ai-import.ru/; https://t.me/Artem_Ivan_Auto,Бренд и рабочий маршрут,HIGH,2026-07-21,,,,,,,,,
GRM-025,E-053,АИ Авто,вакансия,2026-01-27,РОП для построения отдела с нуля,Требуется создать отдел; CRM; KPI; стандарты коммуникации при росте импорта,HH,https://hh.ru/vacancy/129763647,S2 сигнал,HIGH,2026-07-21,,,,,,,,,
GRM-026,E-054,Атмосферика,юридические и финансовые данные,2026-07-26,Карточка ООО «Атмосферика»,"ИНН, ОГРН, собственник и генеральный директор Гайдучек; выручка 486.417 млн ₽ и рост 51.45%",РБК Компании,https://companies.rbc.ru/id/1127847550962-ooo-atmosferika/,"Юрлицо, масштаб, динамика и ЛПР",HIGH,2026-07-26,,,,,,,,,
GRM-026,E-055,Атмосферика,операционный масштаб и контакты,2026-07-26,Официальный сайт Атмосферики,"12 лет на рынке, 1000+ проектов, B2B IT/телеком-решения, телефоны и email отделов",Официальный сайт,https://atmospherica.ru/; https://atmospherica.ru/about-us/,"Бизнес-контекст, масштаб и маршрут связи",HIGH,2026-07-26,,,,,,,,,
GRM-026,E-056,Атмосферика,вакансия,2026-01-30,Руководитель отдела продаж,"Запуск и масштабирование направления с нуля, CRM, KPI, аналитика и unit-экономика",HH,https://hh.ru/vacancy/129991530,S2-сигнал коммерческой перестройки,HIGH,2026-07-26,,,,,,,,,
GRM-027,E-057,Кристон-Кадастр,юридические и финансовые данные,2026-07-26,Карточка ООО «КРИСТОН-КАДАСТР»,"Выручка 73.696 млн ₽, прибыль 5.444 млн ₽, 13 сотрудников, директор и два совладельца",РБК Компании,https://companies.rbc.ru/id/1167746456404-ooo-kriston-kadastr/,"Юрлицо, масштаб, сотрудники и ЛПР",HIGH,2026-07-26,,,,,,,,,
GRM-027,E-058,Кристон-Кадастр,контакты,2026-07-26,Официальные контакты Кристон-Кадастр,"Телефон, email, реквизиты, адрес и генеральный директор опубликованы на сайте",Официальный сайт,https://kriston-kadastr.ru/contacts,Точный legal match и рабочий маршрут,HIGH,2026-07-26,,,,,,,,,
GRM-027,E-059,Кристон-Кадастр,вакансия,2026-02-08,Руководитель отдела продаж,"Компания предлагает руководителю влиять на стратегию, развитие и коммерческий результат",HH,https://hh.ru/vacancy/129480935,S2-сигнал усиления коммерческой функции,HIGH,2026-07-26,,,,,,,,,
GRM-028,E-060,Авто Сувенир,юридические и финансовые данные,2026-07-26,Карточка ООО «Авто Сувенир»,"Действующая компания, 9 сотрудников, собственник и директор Зевакин; выручка снизилась с 75.58 до 50.181 млн ₽",РБК Компании,https://companies.rbc.ru/id/1107746944360-ooo-avto-suvenir/,"Юрлицо, масштаб, падение выручки и ЛПР",HIGH,2026-07-26,,,,,,,,,
GRM-028,E-061,Авто Сувенир,вакансия,2026-02-02,РОП по нескольким направлениям B2B,"Построение отдела с нуля, CRM, аналитика, unit-экономика и рост до коммерческого директора",HH,https://hh.ru/vacancy/130066730,S2-сигнал коммерческой перестройки,HIGH,2026-07-26,,,,,,,,,
GRM-028,E-062,Авто Сувенир,контакт,2026-07-26,Карточка организации на карте,Публичный телефон по адресу юридического лица,Яндекс Карты,https://yandex.com/maps/org/avto_suvenir/88775955424/,Практический маршрут связи,MEDIUM,2026-07-26,,,,,,,,,
GRM-029,E-063,Агентство недвижимости «Ключ»,юрлицо и контакты,2026-07-26,Официальный сайт агентства «Ключ»,"Сайт связывает бренд с ИП Мухетдиновым Данисом Рустамовичем, публикует ИНН и email",Официальный сайт,https://kluch.me/o-kompanii/,"Бренд, ИП, основатель и контакт",HIGH,2026-07-26,,,,,,,,,
GRM-029,E-064,Агентство недвижимости «Ключ»,масштабирование,2026-07-26,10 лет агентству Kluch,"100+ сотрудников, 15000+ клиентов и выход на рынок Москвы",Официальный сайт,https://kluch.me/new/,Операционный масштаб и S2-сигнал экспансии,HIGH,2026-07-26,,,,,,,,,
GRM-029,E-065,Агентство недвижимости «Ключ»,отраслевой реестр и контакт,2026-07-26,Член Гильдии риэлторов Республики Татарстан,"Руководитель Данис Мухетдинов, телефон и email агентства",Гильдия риэлторов РТ,https://grrt.info/members/agentstvo-nedvizhimosti-klyuch-ip-mukhetdinov-danis-rustamovich.html,ЛПР и маршрут связи,HIGH,2026-07-26,,,,,,,,,
GRM-029,E-066,Агентство недвижимости «Ключ»,вакансия,2026-02-05,РОП направления новостроек,"Основатель усиливает направление и ищет РОПа-создателя, который понимает экономику сделок и воронку",HH,https://hh.ru/vacancy/129916548,S2-сигнал построения коммерческого направления,HIGH,2026-07-26,,,,,,,,,
GRM-030,E-067,Крути Педали,операционный масштаб,2026-07-26,Официальный сайт велопроката,"650+ единиц парка, 40000+ клиентов в год, несколько точек и 18 лет работы",Официальный сайт,https://www.kruti-pedali.ru/,Реальный бизнес и операционный масштаб,HIGH,2026-07-26,,,,,,,,,
GRM-030,E-068,Крути Педали,юридические данные,2026-07-26,Текущая платёжная страница,"В реквизитах указан ИП Латышева Н.Н., ИНН 773104959143 и ОГРН 319774600680871",Официальная платёжная страница,https://kruti-pedali2025.ru/webapp,Один из актуальных вариантов операционного лица,HIGH,2026-07-26,,,,,,,,,
GRM-030,E-069,Крути Педали,расхождение реквизитов,2026-07-26,Оферта основного сайта,"В оферте указана ИП Зарина В.Н., что не совпадает с текущей платёжной страницей",Официальный сайт,https://www.kruti-pedali.ru/o-prokate/oferta.html,Причина статуса «НУЖНА ДОПРОВЕРКА»,HIGH,2026-07-26,,,,,,,,,
GRM-030,E-070,Крути Педали,вакансия,2026-02-08,Операционный директор,"Прямая работа с собственником и развитие бизнеса, включая парк техники, логистику и стратегию роста",HH,https://hh.ru/vacancy/129481377,S2-сигнал операционной перестройки,HIGH,2026-07-26,,,,,,,,,
GRM-031,E-071,ТОРГ-ЛАЙТ,юридические и финансовые данные,2026-07-27,Карточка ООО «ТОРГ-ЛАЙТ»,"ИНН 7723401350, ОГРН 1157746682576, собственник и генеральный директор Кобылян Александр Александрович; выручка 64.136 млн ₽ и убыток 1.056 млн ₽ за 2025 год",РБК Компании,https://companies.rbc.ru/id/1157746682576-ooo-torg-lajt/,Юрлицо масштаб динамика и ЛПР,HIGH,2026-07-27,,,,,,,,,
GRM-031,E-072,ТОРГ-ЛАЙТ,вакансия,2026-01-26,Руководитель отдела продаж светотехника,Создание отдела продаж с нуля; рост выручки и прибыльности; развитие B2B проектного и дилерского каналов,HH,https://hh.ru/vacancy/129668251,S2-сигнал коммерческой перестройки,HIGH,2026-07-27,,,,,,,,,
GRM-031,E-073,ТОРГ-ЛАЙТ,контакты,2026-07-27,Официальные контакты Trade Light,Телефон +7 (495) 162-99-37 и email svet@trade-light.ru опубликованы на официальном сайте,Официальный сайт,https://www.trade-light.ru/contacts,Практический маршрут связи,HIGH,2026-07-27,,,,,,,,,
GRM-032,E-074,ТемпСтройСистема,юридические и финансовые данные,2026-07-27,Карточка ООО «ТемпСтройСистема»,"ИНН 7736195320, ОГРН 1027700171531, генеральный директор Вершинина Ирина Васильевна; выручка 19.7 млн ₽ за 2025 год",РБК Компании,https://companies.rbc.ru/id/1027700171531-ooo-tempstrojsistema/,Юрлицо масштаб и ЛПР,HIGH,2026-07-27,,,,,,,,,
GRM-032,E-075,ТемпСтройСистема,бизнес-контекст и контакты,2026-07-27,Официальный сайт корпорации,Более 30 лет на рынке; президент корпорации Александр Клевцов; телефон и email; специализация на гидроизоляции и инженерных строительных решениях,Официальный сайт,https://tempstroy.ru/company/,Бренд операционный контекст руководство и маршрут связи,HIGH,2026-07-27,,,,,,,,,
GRM-032,E-076,ТемпСтройСистема,коммерческий сигнал,2026-02-01,Коммерческий директор CCO,Компания описывает фазу пересборки и масштабирования коммерческого контура с ответственностью за выручку маржу каналы ассортимент и P&L,HH,https://hh.ru/vacancy/129535324,S2-сигнал пересборки коммерческой системы,HIGH,2026-07-27,,,,,,,,,
GRM-032,E-077,ТемпСтройСистема,активный найм,2026-07-27,Руководитель проектных продаж,Официальная карьерная страница подтверждает усиление проектных B2B-продаж и работу с длинными сделками проектировщиками подрядчиками и заказчиками,Официальный сайт,https://tempstroy.ru/career/employment/,Актуальность коммерческого сигнала,HIGH,2026-07-27,,,,,,,,,
GRM-034,E-082,LinzLaser,юридические и финансовые данные,2026-07-27,Карточка ООО «ЛИНЗЛАЗЕР»,"ИНН 7733356071, ОГРН 1207700211553, действующее юрлицо; собственник и генеральный директор Гайсин Рамиль Маратович; выручка 243.232 млн ₽ и прибыль 15.238 млн ₽ за 2024 год",РБК Компании,https://companies.rbc.ru/id/1207700211553-obschestvo-s-ogranichennoj-otvetstvennostyu-linzlazer/,Юрлицо масштаб собственник и ЛПР,HIGH,2026-07-27,,,,,,,,,
GRM-034,E-083,LinzLaser,актуальный масштаб,2026-07-27,Профиль компании за 2025 год,Выручка около 230.42 млн ₽ за 2025 год; 17 сотрудников; генеральный директор Гайсин Рамиль Маратович,Seldon,https://basis.myseldon.com/ru/company/1207700211553/news,Свежий финансовый и операционный масштаб,MEDIUM,2026-07-27,,,,,,,,,
GRM-034,E-084,LinzLaser,вакансия,2026-01-08,Руководитель отдела продаж,"Компания заявляет активный рост и масштабирование; задача — построить отдел продаж с нуля, внедрить регламенты, отчетность, KPI по продажам и маржинальности, лично вести крупные B2B-переговоры и синхронизировать продажи с маркетингом",HH,https://hh.ru/vacancy/129417303,S2-сигнал построения коммерческой функции,HIGH,2026-07-27,,,,,,,,,
GRM-034,E-085,LinzLaser,официальный сайт и контакты,2026-07-27,Контакты LinzLaser,"Официальный сайт ООО «ЛИНЗЛАЗЕР» публикует телефоны +7 495-477-54-02 и +7 991 779-29-26, email order@linzlaser.ru, адрес офиса и ссылки на VK и Telegram",Официальный сайт,https://linzlaser.ru/kontaktyi,Связь бренда с юрлицом и практический маршрут связи,HIGH,2026-07-27,,,,,,,,,
GRM-035,E-086,ТрекМарк,юридические и финансовые данные,2026-07-27,"Карточка ООО «ТРЕКМАРК""","ИНН 7734391181, ОГРН 1167746890475, действующее юрлицо; генеральный директор Протасов Сергей Николаевич; 89 сотрудников; поступления от текущих операций 695.608 млн ₽ за 2024 год",РБК Компании,https://companies.rbc.ru/id/1167746890475-ooo-trekmark/,Юрлицо масштаб и ЛПР,HIGH,2026-07-27,,,,,,,,,
GRM-035,E-087,ТрекМарк,официальный профиль,2026-07-27,О компании ТрекМарк,Официальный сайт связывает бренд с ООО «ТрекМарк» и ИНН 7734391181; компания разрабатывает и производит комплексные решения для цифровой маркировки,Официальный сайт,https://trekmark.ru/about/,Связь бренда с юрлицом и характер бизнеса,HIGH,2026-07-27,,,,,,,,,
GRM-035,E-088,ТрекМарк,бизнес-масштаб,2026-07-27,Портфель проектов,К 2026 году официальный портфель превысил 400 завершённых проектов по внедрению систем маркировки,Официальный сайт,https://trekmark.ru/about/projects/,Операционный масштаб и сложные проектные продажи,HIGH,2026-07-27,,,,,,,,,
GRM-035,E-089,ТрекМарк,вакансия,2026-01-27,Руководитель отдела продаж B2B,"В связи со стратегией масштабирования компания ищет руководителя продаж для управления командой, CRM, партнёрской сетью, коммерческим циклом, объёмом и маржинальностью проектов",HH,https://hh.ru/vacancy/129648650,S2-сигнал развития коммерческой системы,HIGH,2026-07-27,,,,,,,,,
GRM-035,E-090,ТрекМарк,официальные контакты,2026-07-27,Контакты ТрекМарк,"Опубликованы телефон 8 800 2222 888, email отдела продаж tm.sales@trekmark.ru, общий email info@trekmark.ru и форма сайта",Официальный сайт,https://trekmark.ru/contacts/,Практический корпоративный маршрут связи,HIGH,2026-07-27,,,,,,,,,
GRM-036,E-091,Руслитекс,юридические данные,2026-07-27,"Карточка ООО «РУСЛИТЕКС""","ИНН 9723233973, ОГРН 1247700467915, действующее юрлицо; генеральный директор и единственный учредитель Тарантов Дмитрий Николаевич",РБК Компании,https://companies.rbc.ru/id/1247700467915-ooo-rusliteks/,Юрлицо собственник и ЛПР,HIGH,2026-07-27,,,,,,,,,
GRM-036,E-092,Руслитекс,финансовые данные,2026-07-27,Финансы Руслитекс,"Выручка за 2025 год 153.412 млн ₽, прибыль 6.243 млн ₽; выручка выросла с 45.748 млн ₽",РБК Компании,https://companies.rbc.ru/id/1247700467915-ooo-rusliteks/,Финансовый масштаб и рост,HIGH,2026-07-27,,,,,,,,,
GRM-036,E-093,Руслитекс,вакансия,2026-01-26,Коммерческий директор CCO,"Компания ищет коммерческого директора для разработки коммерческой стратегии, построения отдела продаж, расширения каналов сбыта, развития B2B и тендеров",HH,https://hh.ru/vacancy/129865789,S1-сигнал прямой коммерческой задачи,HIGH,2026-07-27,,,,,,,,,
GRM-036,E-094,Руслитекс,маршрут связи,2026-07-27,Публичный маршрут через HH,"Вакансия принадлежит ООО «Руслитекс», содержит адрес работодателя и функцию вопроса работодателю; маршрут позволяет выйти на компанию по конкретной коммерческой задаче",HH,https://hh.ru/vacancy/129865789,Практический маршрут связи,MEDIUM,2026-07-27,,,,,,,,,
GRM-037,E-095,Деметра,юридические данные,2026-07-27,Карточка ООО «ДЕМЕТРА»,"ИНН 9723236396, ОГРН 1247700528041, действующее юрлицо; генеральный директор и единственный учредитель Иванова Валентина Алексеевна",РБК Компании,https://companies.rbc.ru/id/1247700528041-ooo-demetra/,Юрлицо собственник и ЛПР,HIGH,2026-07-27,,,,,,,,,
GRM-037,E-096,Деметра,финансовые данные,2026-07-27,Финансы Деметры,"Выручка за 2025 год 19.101 млн ₽, прибыль 18 тыс. ₽; масштаб находится в нижней части целевого диапазона",РБК Компании,https://companies.rbc.ru/id/1247700528041-ooo-demetra/,Финансовый масштаб,HIGH,2026-07-27,,,,,,,,,
GRM-037,E-097,Деметра,бизнес и контакты,2026-07-27,Официальный сайт Деметры,"Сайт связывает бренд с ООО «Деметра» и ИНН 9723236396, подтверждает 23 единицы собственной техники, объектные работы, телефон +7 (495) 797-12-99 и email stroyka@gcdemetra.ru",Официальный сайт,https://gcdemetra.ru/,Бренд юрлицо операционный масштаб и практический маршрут,HIGH,2026-07-27,,,,,,,,,
GRM-037,E-098,Деметра,вакансия,2026-01-23,Руководитель отдела продаж нерудных материалов,"Компания ищет руководителя для построения отдела продаж с нуля, внедрения воронки, скриптов, KPI, CRM и взаимодействия с маркетингом",HH,https://hh.ru/vacancy/129437991,S1-сигнал прямой коммерческой задачи,HIGH,2026-07-27,,,,,,,,,
GRM-038,E-099,СмартСофт / СмартЛомбард,юридические данные,2026-07-27,Карточка ООО «СМАРТСОФТ»,"ИНН 6321321945, ОГРН 1136320019450, действующее юрлицо; генеральный директор Мальцев Алексей Николаевич",РБК Компании,https://companies.rbc.ru/id/1136320019450-ooo-smartsoft/,Юрлицо и ЛПР,HIGH,2026-07-27,,,,,,,,,
GRM-038,E-100,СмартСофт / СмартЛомбард,финансовые данные,2026-07-27,Финансы СмартСофт,"Выручка за 2025 год 94.308 млн ₽, прибыль 39.696 млн ₽; компания находится в приоритетном диапазоне Growth Radar",РБК Компании,https://companies.rbc.ru/id/1136320019450-ooo-smartsoft/,Финансовый масштаб,HIGH,2026-07-27,,,,,,,,,
GRM-038,E-101,СмартСофт / СмартЛомбард,бизнес и контакты,2026-07-27,Официальные реквизиты СмартЛомбард,"Официальный сайт связывает бренд с ООО «СМАРТСОФТ», подтверждает ИНН, ОГРН, генерального директора, телефон 8 800 707-02-87 и email support@smartlombard.ru",Официальный сайт,https://smartlombard.ru/contact/rekvizityi/,Бренд юрлицо ЛПР и практический маршрут,HIGH,2026-07-27,,,,,,,,,
GRM-038,E-102,СмартСофт / СмартЛомбард,вакансия,2026-02-03,Коммерческий директор SaaS-компании,"Компания ищет руководителя коммерческой функции для развития продаж, ключевых клиентов, выхода в новые регионы и масштабирования перед инвестициями; предусмотрена прямая работа с основателем",HH,https://togliatti.hh.ru/vacancy/130130115,S1-сигнал прямой коммерческой задачи,HIGH,2026-07-27,,,,,,,,,
GRM-039,E-103,Нацтранс,юридические данные,2026-07-27,Карточка ООО «НАЦТРАНС»,"ИНН 5261125733, ОГРН 1205200001577, действующее юрлицо; собственник и генеральный директор Джаварян Джамаль Джемилевич",Открытые реестры,https://reputation.ru/ogrn/1205200001577,Юрлицо собственник и ЛПР,HIGH,2026-07-27,,,,,,,,,
GRM-039,E-104,Нацтранс,финансовые данные,2026-07-27,Финансы Нацтранс,Выручка за 2025 год 63.2 млн ₽; в 2024 году компания показывала 18 сотрудников и выручку 78.6 млн ₽,Companium,https://companium.ru/id/1205200001577-dk-logistik-servis,Финансовый и операционный масштаб,MEDIUM,2026-07-27,,,,,,,,,
GRM-039,E-105,Нацтранс,вакансия,2026-01-28,Запуск направления нефтепродуктов,"Компания открывает новое направление оптовых продаж нефтепродуктов и ищет специалиста, который разработает стратегию выхода на рынок и построит продажи с нуля",HH,https://hh.ru/vacancy/129971007,S1-сигнал запуска нового коммерческого направления,HIGH,2026-07-27,,,,,,,,,
GRM-039,E-106,Нацтранс,контакт собственника,2026-07-27,Публичный профиль Джамаля Джаваряна,Профиль указывает роль учредителя ООО «НАЦТРАНС» и руководителя логистической компании; доступен публичный маршрут для делового контакта,TenChat,https://tenchat.ru/1141321,Практический owner-first маршрут,MEDIUM,2026-07-27,,,,,,,,,
GRM-040,E-107,ЭНЕРГОПУСК,юридические данные,2026-07-27,Карточка ООО «ЭНЕРГОПУСК»,"ИНН 7721547346, ОГРН 1067746137381, действующее юрлицо; генеральный директор и единственный учредитель Яковлев Александр Вячеславович",РБК Компании,https://companies.rbc.ru/id/1067746137381-ooo-energopusk/,Юрлицо собственник и ЛПР,HIGH,2026-07-27,,,,,,,,,
GRM-040,E-108,ЭНЕРГОПУСК,финансовые данные,2026-07-27,Финансы ЭНЕРГОПУСК,"Выручка за 2025 год 176.433 млн ₽, прибыль 128 тыс. ₽; 13 сотрудников",РБК Компании,https://companies.rbc.ru/id/1067746137381-ooo-energopusk/,Финансовый и операционный масштаб,HIGH,2026-07-27,,,,,,,,,
GRM-040,E-109,ЭНЕРГОПУСК,бизнес и контакты,2026-07-27,Официальный сайт ЭНЕРГОПУСК,"Сайт связывает бренд с ООО «ЭНЕРГОПУСК», подтверждает ИНН и ОГРН, два офиса продаж, отгрузку в 32 городах, телефоны и email zapros@epusk.ru",Официальный сайт,https://epusk.ru/company/,Бренд юрлицо география и практический маршрут,HIGH,2026-07-27,,,,,,,,,
GRM-040,E-110,ЭНЕРГОПУСК,вакансия,2026-01-07,Руководитель отдела продаж и развитие бизнеса,"Компания ищет руководителя B2B-продаж промышленного оборудования с задачами по CRM, аналитике, региональному управлению, проектам и развитию клиентской базы",HH,https://hh.ru/vacancy/129214758,S1-сигнал прямой коммерческой задачи,HIGH,2026-07-27,,,,,,,,,
GRM-041,E-111,BINAGroup / SalesAI,юридические данные,2026-07-27,Карточка ООО «БИНА ГРУПП»,"ИНН 7706725428, ОГРН 1097746585452, действующее юрлицо; генеральный директор Газалиев Салават Ильясович; учредитель ООО «БИНА ИНВЕСТ»",РБК Компании,https://companies.rbc.ru/id/1097746585452-ooo-bina-grupp/,Юрлицо ЛПР и структура владения,HIGH,2026-07-27,,,,,,,,,
GRM-041,E-112,BINAGroup / SalesAI,финансовые данные,2026-07-27,Исторические финансы BINAGroup,Выручка за 2021 год 4.906 млрд ₽ и прибыль 85.218 млн ₽; масштаб значительно выше основного ICP,РБК Компании,https://companies.rbc.ru/id/1097746585452-ooo-bina-grupp/,Финансовый масштаб и причина статуса RESERVE,MEDIUM,2026-07-27,,,,,,,,,
GRM-041,E-113,BINAGroup / SalesAI,операционный масштаб,2026-07-27,Официальное описание холдинга,"Официальный сайт указывает 3 производства, 10 офисов, 9 складов, 600 сотрудников и 25 000+ клиентов в 89 регионах",Официальный сайт BINAGroup,https://binagroup.ru/o-kompanii/,Свежий операционный масштаб,HIGH,2026-07-27,,,,,,,,,
GRM-041,E-114,BINAGroup / SalesAI,бизнес-сигнал,2026-01-26,Руководитель отдела продаж SalesAI,"Для нового SaaS-направления требуется построить отдел продаж с 0 до 5 человек, внедрить pipeline review, forecast, MEDDIC, найм и коучинг и увеличить плановую выручку направления с 15 до 40 млн ₽ в месяц",HH,https://hh.ru/vacancy/129891522,S1-сигнал коммерческой задачи нового направления,HIGH,2026-07-27,,,,,,,,,
GRM-041,E-115,BINAGroup / SalesAI,контакты,2026-07-27,Официальные реквизиты и контакты BINAGroup,"Сайт подтверждает ООО «БИНА ГРУПП», ИНН 7706725428, ОГРН 1097746585452, телефон +7 (495) 225-54-11 и email office@binagroup.ru",Официальный сайт BINAGroup,https://binagroup.ru/kontakty/,Бренд юрлицо и практический корпоративный маршрут,HIGH,2026-07-27,,,,,,,,,
GRM-043,E-121,FILIPPOV DYNASTY,юридические данные,2026-07-27,Карточка ИП Филиппова Олега Васильевича,"ИНН 263200557408, ОГРНИП 304263234500160, действующий ИП; основной вид деятельности — производство спортивных товаров",РБК Компании,https://companies.rbc.ru/persons/ogrnip/304263234500160-filippov-oleg-vasilevich/,Юрлицо собственник и вид деятельности,HIGH,2026-07-27,,,,,,,,,
GRM-043,E-122,FILIPPOV DYNASTY,операционный масштаб,2026-07-27,Масштаб производства и клиентской базы,"Официальный сайт сообщает о работе с 1995 года, более чем 500 оснащённых клубах России и СНГ и 350+ клубах, комплектуемых ежегодно",Официальный сайт,https://filippov-dynasty.ru/our-works/,Операционный масштаб и действующий бизнес,HIGH,2026-07-27,,,,,,,,,
GRM-043,E-123,FILIPPOV DYNASTY,контакты и реквизиты,2026-07-27,Официальные реквизиты и контакты,"Политика сайта связывает бренд с ИП Филипповым Олегом Васильевичем, подтверждает ИНН 263200557408, ОГРНИП 304263234500160, адрес, email info@filippov-dynasty.ru; сайт также публикует телефон 8 (499) 290-88-48 и sales@filippov-dynasty.ru",Официальный сайт,https://filippov-dynasty.ru/privacy-policy/; https://filippov-dynasty.ru/catalog-edinoborstva/perchatki-mma-borba/962/,Бренд юрлицо собственник и практический маршрут,HIGH,2026-07-27,,,,,,,,,
GRM-043,E-124,FILIPPOV DYNASTY,вакансия,2026-01-15,Запуск дизайнерского спортивного инвентаря,"Компания запускает с нуля новое направление дизайнерского спортивного инвентаря для интерьеров; собственник ежедневно участвует, требуется сформировать стратегию, продажи, партнёрства, маркетинг, а затем команду 2–3 человека",HH,https://hh.ru/vacancy/129001591,S1-сигнал прямой задачи запуска и масштабирования,HIGH,2026-07-27,,,,,,,,,
GRM-044,E-125,F.D. Mebel,юридические данные,2026-07-27,Карточка ИП Лысака Фрола Васильевича,"ИНН 344345073508, ОГРНИП 319344300121558, регистрация 17.12.2019; основной вид деятельности — производство прочей мебели",РБК Компании,https://companies.rbc.ru/persons/ogrnip/319344300121558-lyisak-frol-vasilevich/,Юрлицо собственник и профиль деятельности,HIGH,2026-07-27,,,,,,,,,
GRM-044,E-126,F.D. Mebel,операционный масштаб,2026-07-27,Масштаб производства и проектной базы,"Официальный сайт сообщает о 40+ сотрудниках, двух производствах общей площадью более 1000 м², 1100+ реализованных проектах и работе с 35+ дизайн-студиями",Официальный сайт,https://fdmebel.ru/o-kompanii/,Операционный масштаб и действующий бизнес,HIGH,2026-07-27,,,,,,,,,
GRM-044,E-127,F.D. Mebel,бизнес-сигнал,2026-07-27,Усиление B2B-продаж мебели,"Вакансия руководителя B2B-продаж предусматривает прямой доступ к собственнику, влияние на продажи, процессы и ценообразование, выполнение планов по выручке, прибыли и KPI и развитие клиентов среди дизайнеров, архитекторов и застройщиков",HH,https://hh.ru/vacancies/rukovoditel-otdela-prodazh-mebel,S1-сигнал систематизации и масштабирования коммерческой функции,HIGH,2026-07-27,,,,,,,,,
GRM-044,E-128,F.D. Mebel,контакты,2026-07-27,Официальные контакты F.D. Mebel,"Сайт публикует телефон +7 (499) 647-45-49, адрес московского шоурума, формы обратного звонка, WhatsApp и Telegram и связывает их с ИП Лысаком Фролом Васильевичем",Официальный сайт,https://fdmebel.ru/kontakty/; https://promo.fdmebel.ru/,Практический маршрут к собственнику,HIGH,2026-07-27,,,,,,,,,
GRM-045,E-129,Belkina,юридические данные,2026-07-27,Карточка ИП Белевцевой Оксаны Ивановны,"Действующий ИП, ИНН 773065080780, ОГРНИП 309774627200513, регистрация 29.09.2009, регион Москва, категория МСП — малый бизнес; основной вид деятельности — производство одежды",Точка,https://check.tochka.com/company/309774627200513/,Юрлицо статус собственник и профиль деятельности,HIGH,2026-07-27,,,,,,,,,
GRM-045,E-130,Belkina,связь бренда с юрлицом,2026-07-27,Реквизиты интернет-магазина Belkina,Официальные правила возврата требуют отправлять товар на ИП Белевцеву Оксану Ивановну с ИНН 773065080780 и публикуют официальный email buy@belkina.shop,Официальный сайт,https://belkina.shop/faq/pravila-vozvrata/,Связь бренда с ИП и практический email,HIGH,2026-07-27,,,,,,,,,
GRM-045,E-131,Belkina,операционный масштаб,2026-07-27,Масштаб производства Belkina,"Официальный сайт сообщает о 15 годах работы, 200 постоянных коллективах из разных стран, команде более 150 человек, расширении производства и строительстве ещё двух фабрик",Официальный сайт,https://belkina.shop/about/,Операционный масштаб и действующий бизнес,HIGH,2026-07-27,,,,,,,,,
GRM-045,E-132,Belkina,бизнес-сигнал,2026-07-27,Масштабирование продаж и P&L,"Вакансия руководителя продаж ставит задачи масштабировать WB и Ozon, развивать регионы, управлять командой и P&L; кандидат должен понимать unit-экономику и иметь опыт с оборотом 200+ млн ₽",HH,https://hh.ru/vacancies/rukovoditel-otdela-prodazh-rop,S1-сигнал трансформации коммерческой функции,HIGH,2026-07-27,,,,,,,,,
GRM-045,E-133,Belkina,оценка масштаба,2026-05-30,Заявленный оборот 500+ млн ₽,"В републикации вакансии работодатель описывает Belkina как лидера ниши детской танцевальной одежды с оборотом 500+ млн ₽ в год, ростом e-commerce и выходом в офлайн; показатель не является аудированной отчётностью",Remote-job,https://remote-job.ru/search?page=7&search%5Bquery%5D=%D0%9C%D0%B5%D0%BD%D0%B5%D0%B4%D0%B6%D0%B5%D1%80+%D0%BC%D0%B0%D1%80%D0%BA%D0%B5%D1%82%D0%BF%D0%BB%D0%B5%D0%B9%D1%81%D0%BE%D0%B2+Wildberries+%28%D0%9E%D0%B4%D0%B5%D0%B6%D0%B4%D0%B0%29&search%5BsearchType%5D=vacancy,Причину статуса RESERVE из-за масштаба,MEDIUM,2026-07-27,,,,,,,,,
GRM-046,E-134,Через не могу,юридические данные,2026-07-27,Карточка ИП Царевой Дарьи Александровны,"ИНН 911106178533, ОГРНИП 323911200092579; сервис проверки подтверждает действующий статус ИП на март 2026 года",Точка,https://check.tochka.com/company/323911200092579/,Юрлицо статус и собственник,HIGH,2026-07-27,,,,,,,,,
GRM-046,E-135,Через не могу,связь бренда с юрлицом,2026-05-27,Актуальная публичная оферта бренда,"Оферта от 27.05.2026 связывает интернет-магазин «Через не могу» с ИП Царевой Дарьей Александровной, ИНН 911106178533 и ОГРНИП 323911200092579; подтверждает продажи через сайт, соцсети, мессенджеры и маркетплейсы",Официальный сайт,https://cherez-ne-mogy.ru/oferta,Бренд юрлицо каналы продаж и актуальность бизнеса,HIGH,2026-07-27,,,,,,,,,
GRM-046,E-136,Через не могу,финансовый масштаб,2026-01-14,Рост оборота до 170 млн ₽,"Вакансия работодателя сообщает, что оборот спортивного бренда за год вырос с 40 до 170 млн ₽, а цель на 2026 год составляет 300 млн ₽ и выход на внешние рынки",HH,https://hh.ru/vacancy/129404894,Финансовый масштаб и цель роста,MEDIUM,2026-07-27,,,,,,,,,
GRM-046,E-137,Через не могу,бизнес-сигнал,2026-01-14,Построение системных e-commerce продаж,"Компания ставит задачи масштабировать Wildberries и Ozon, построить системный отдел продаж с выходом за пределы маркетплейсов, управлять unit-экономикой, закупками, денежными потоками, аналитикой и KPI",HH,https://hh.ru/vacancy/129404894,S1-сигнал прямой коммерческой трансформации,HIGH,2026-07-27,,,,,,,,,
GRM-046,E-138,Через не могу,контакты,2026-05-27,Официальные контакты собственника,Оферта публикует телефон +7 978 711-69-88 и email Tsarova13@vk.com; официальный сайт также содержит маршруты через VK и Telegram,Официальный сайт,https://cherez-ne-mogy.ru/oferta; https://cherez-ne-mogy.ru/,Практический маршрут к собственнику,HIGH,2026-07-27,,,,,,,,,
GRM-047,E-139,АЙБИПИ,юридические данные,2026-07-28,Карточка ООО «АЙБИПИ»,"ИНН 7730595201, ОГРН 1097760004946, действующее юрлицо; генеральный директор и единственный учредитель Иванов Виктор Константинович",РБК Компании,https://companies.rbc.ru/amp/ogrn/1097760004946/,Юрлицо собственник и ЛПР,HIGH,2026-07-28,,,,,,,,,
GRM-047,E-140,АЙБИПИ,финансовые данные,2026-07-28,Финансы АЙБИПИ,"Выручка за 2024 год 349.667 млн ₽, чистая прибыль 13.059 млн ₽; 8 сотрудников по данным РБК",РБК Компании,https://companies.rbc.ru/amp/ogrn/1097760004946/,Финансовый и кадровый масштаб,HIGH,2026-07-28,,,,,,,,,
GRM-047,E-141,АЙБИПИ,операционный масштаб и контакты,2026-07-28,Официальный сайт АЙБИПИ,"Официальный сайт связывает бренд с ООО «АЙБИПИ», подтверждает ИНН, ОГРН, директора, производство 4000 м², 300+ проектов, 100+ крупных клиентов, поставки по России и СНГ, телефоны, email, Telegram и форму",Официальный сайт,https://aibipi.ru/o-kompanii/; https://aibipi.ru/rekvizity/; https://aibipi.ru/kontakty/,Бренд юрлицо масштаб ЛПР и практический маршрут,HIGH,2026-07-28,,,,,,,,,
GRM-047,E-142,АЙБИПИ,вакансия,2026-01-22,Коммерческий директор промышленного производителя,"Компания ищет коммерческого директора с прямой коммуникацией с собственником для выполнения плана по выручке и прибыли, роста маржинальности и продаж новых продуктов, повышения конверсии, найма и мотивации команды",HH,https://hh.ru/vacancy/129774536,S1-сигнал прямой коммерческой задачи,HIGH,2026-07-28,,,,,,,,,
GRM-048,E-143,OMNISAN Group,юридические данные,2026-07-28,Карточка ООО «ТД ОМНИСАН»,"ИНН 7723397696, ОГРН 1157746589846, действующее юрлицо; генеральный директор и совладелец Иванов Роман Александрович, второй совладелец Андрос Олег Николаевич",РБК Компании,https://companies.rbc.ru/id/1157746589846-ooo-torgovyij-dom-omnisan/,Юрлицо собственники и ЛПР,HIGH,2026-07-28,,,,,,,,,
GRM-048,E-144,OMNISAN Group,финансовые данные,2026-07-28,Финансы ТД ОМНИСАН,"Выручка за 2025 год 171.60 млн ₽, прибыль 89 тыс. ₽; компания относится к малому бизнесу",Т-Банк,https://www.tbank.ru/business/contractor/legal/1157746589846/,Финансовый масштаб,HIGH,2026-07-28,,,,,,,,,
GRM-048,E-145,OMNISAN Group,бизнес и связь бренда,2026-07-28,Официальный сайт OMNISAN Group,"Официальный сайт связывает бренд с ООО «ТД Омнисан» и ИНН 7723397696, показывает направления для розницы, снабженцев, монтажников, дизайнеров и проектирования, а также форму расчёта проекта",Официальный сайт,https://omnisan.group/,Бренд юрлицо сегменты и действующий бизнес,HIGH,2026-07-28,,,,,,,,,
GRM-048,E-146,OMNISAN Group,контакты,2026-07-28,Официальные маршруты OMNISAN,"Опубликованы корпоративный email partner@omnisan.group.ru, адрес в Москве, форма сайта; связанный официальный магазин указывает телефон +7 495 067-75-51 и sales@vg-rus.ru и ведёт сделки через ООО «ТД Омнисан»",Официальные сайты,https://omnisan.group/privacy/; https://vg-rus.ru/o-kompanii/,Практический корпоративный маршрут,HIGH,2026-07-28,,,,,,,,,
GRM-048,E-147,OMNISAN Group,вакансия,2025-12-26,Директор направления e-com,"Компания хочет превратить e-commerce в управляемый бизнес-юнит, повысить конверсию и маржинальность, связать digital с продажами, внедрить прозрачные метрики и запустить монобрендовый пилот; работа напрямую с собственником",HH,https://hh.ru/vacancy/129061488,S1-сигнал прямой коммерческой задачи,HIGH,2026-07-28,,,,,,,,,
GRM-049,E-148,ДЮКС / ЭКО НОМ,юридические данные,2026-07-28,Карточка ООО «ДЮКС»,"ИНН 7710941397, ОГРН 1137746493697, действующее юрлицо; единственный собственник и генеральный директор Орлов Денис Владимирович; 35 сотрудников",РБК Компании,https://companies.rbc.ru/id/1137746493697-ooo-dyuks/,Юрлицо собственник ЛПР и численность,HIGH,2026-07-28,,,,,,,,,
GRM-049,E-149,ДЮКС / ЭКО НОМ,финансовые данные,2026-07-28,Финансы ДЮКС,"Выручка за 2024 год 670.237 млн ₽, прибыль 32.352 млн ₽; масштаб превышает ядро ICP Growth Radar",РБК Компании,https://companies.rbc.ru/id/1137746493697-ooo-dyuks/,Финансовый масштаб и причина резерва,HIGH,2026-07-28,,,,,,,,,
GRM-049,E-150,ДЮКС / ЭКО НОМ,связь бренда,2026-07-28,ЭКО НОМ в портфеле ДЮКС,Вакансии работодателя связывают ООО «Дюкс» с российским брендом приборов учёта ЭКО НОМ и действующим производственно-торговым бизнесом,HH,https://hh.ru/vacancy/129918092; https://hh.ru/vacancy/129260628,Связь бренда и юрлица,MEDIUM,2026-07-28,,,,,,,,,
GRM-049,E-151,ДЮКС / ЭКО НОМ,вакансия,2026-02-07,Директор по развитию нового направления,"Компания планирует активный рост ремонтно-отделочного направления: стратегия на 1–3 года, рост выручки и прибыли, запуск продуктов, партнёрства, воронка, CRM, P&L, unit-экономика, маржинальность и KPI; прямое подчинение собственнику",HH,https://hh.ru/vacancy/129626471,S1-сигнал запуска и систематизации направления,HIGH,2026-07-28,,,,,,,,,
GRM-049,E-152,ДЮКС / ЭКО НОМ,контактный маршрут,2026-07-28,Owner-first маршрут ДЮКС,Вакансия опубликована от подтверждённого работодателя и прямо указывает подчинение собственнику и быстрые решения без лишней бюрократии,HH,https://hh.ru/vacancy/129626471,Практический маршрут к собственнику,MEDIUM,2026-07-28,,,,,,,,,
GRM-050,E-153,АРТ СИТИ / официальный магазин ФСБР и PWL,юридические данные,2026-07-28,Реквизиты ООО «АРТ СИТИ»,"ИНН 9729043104, ОГРН 5167746410266, действующее юрлицо; генеральный директор Золкин Александр Викторович",Официальный сайт,https://shop.wrestrus.ru/rekvizit/,Юрлицо бренд и ЛПР,HIGH,2026-07-28,,,,,,,,,
GRM-050,E-154,АРТ СИТИ / официальный магазин ФСБР и PWL,собственники и финансы,2026-07-28,Карточка ООО «АРТ СИТИ»,Учредители Федоров-Богомольный Макс Юрьевич и Яшич Тамара Михайловна; выручка за 2025 год 48.26 млн ₽; компания действует,Companium и РБК Компании,https://companium.ru/id/5167746410266-art-siti; https://companies.rbc.ru/okved/47.91/15/,Собственники финансовый масштаб и статус,HIGH,2026-07-28,,,,,,,,,
GRM-050,E-155,АРТ СИТИ / официальный магазин ФСБР и PWL,бизнес и контакты,2026-07-28,Официальный магазин ФСБР и PWL,"Сайт подтверждает официальный магазин Федерации спортивной борьбы России и PWL, B2B-раздел для команд, телефон +7 967 220-39-24, email shop@wrestrus.ru, Telegram-бот, WhatsApp и форму обратной связи",Официальный сайт,https://shop.wrestrus.ru/rekvizit/; https://shop.wrestrus.ru/,Действующий бизнес и практический маршрут,HIGH,2026-07-28,,,,,,,,,
GRM-050,E-156,АРТ СИТИ / официальный магазин ФСБР и PWL,вакансия,2026-06-14,Руководитель отдела продаж — экипировка для единоборств,"Компания сообщает об отсутствии системного коммерческого блока и ищет играющего руководителя для построения и масштабирования продаж; B2B-кастом для федераций, клубов и секций — основной канал, также развиваются дилерская сеть, маркетплейсы и экспорт в СНГ",HH,https://hh.ru/vacancies/menedzher_po_prodazham_tekstilya/polniy_den,S1-сигнал прямой задачи построения коммерческого блока,HIGH,2026-07-28,,,,,,,,,
GRM-051,E-157,Аврора Стронг / Аврора ЖБИ,юридические данные,2026-07-28,Карточка ООО «АВРОРА»,"ИНН 0276937295, ОГРН 1180280068165, действующее юрлицо; директор Галиев Ильнур Рифович, учредитель Ермолаев Анатолий Евгеньевич; 27 сотрудников",РБК Компании,https://companies.rbc.ru/id/1180280068165-ooo-bss-logistika/,Юрлицо собственник ЛПР и численность,HIGH,2026-07-28,,,,,,,,,
GRM-051,E-158,Аврора Стронг / Аврора ЖБИ,финансовые данные,2026-07-28,Финансы ООО «АВРОРА»,"Выручка за 2024 год 658.899 млн ₽, прибыль 2.374 млн ₽; выручка выросла с 354.823 млн ₽, масштаб значительно выше ядра ICP",РБК Компании,https://companies.rbc.ru/id/1180280068165-ooo-bss-logistika/,Финансовый масштаб и причина резерва,HIGH,2026-07-28,,,,,,,,,
GRM-051,E-159,Аврора Стронг / Аврора ЖБИ,бизнес и контакты,2026-07-28,Официальный сайт Аврора ЖБИ,"Сайт связывает бренд с ООО «АВРОРА», адресом в Чесноковке, подтверждает производство ЖБИ и связанные направления группы, телефон 8 800 222-35-00, email sale@avrora-zhbi.ru, VK, Telegram, WhatsApp и форму заказа звонка",Официальный сайт,https://avrora-zhbi.ru/,Бренд юрлицо действующий бизнес и практический маршрут,HIGH,2026-07-28,,,,,,,,,
GRM-051,E-160,Аврора Стронг / Аврора ЖБИ,вакансия,2026-01-27,Коммерческий директор Аврора Стронг,"Группа сообщает о фазе структурирования и масштабирования, построении единой коммерческой системы, KPI и автоматизации; роль отвечает за выручку, маржинальность, клиентскую базу и процессы и подчиняется собственнику",HH,https://ufa.hh.ru/vacancy/129913915,S1-сигнал прямой коммерческой задачи,HIGH,2026-07-28,,,,,,,,,
GRM-052,E-161,YURSUS / Сибирская фабрика мебели,юридические данные,2026-07-28,Карточка ИП Гармаша Юрия Владимировича,"ИНН 540446068887, ОГРНИП 322547600048993, действующий ИП; основной вид деятельности — производство мебели для офисов и предприятий торговли",РБК Компании,https://companies.rbc.ru/persons/ogrnip/322547600048993-garmash-yurij-vladimirovich/,Юрлицо собственник и профиль деятельности,HIGH,2026-07-28,,,,,,,,,
GRM-052,E-162,YURSUS / Сибирская фабрика мебели,операционный масштаб,2026-07-28,Масштаб YURSUS,"Официальный сайт подтверждает производство полного цикла, 20+ лет отраслевого опыта основателя, 500+ проектов, работу по России и СНГ, B2B- и B2C-направления и собственную команду",Официальный сайт,https://yursus.ru/,Действующий бизнес операционный масштаб и география,HIGH,2026-07-28,,,,,,,,,
GRM-052,E-163,YURSUS / Сибирская фабрика мебели,контакты,2026-07-28,Официальные контакты YURSUS,"Сайт публикует адрес производства в Новосибирске, телефоны 8-923-107-01-20 и 8-913-605-15-69, email yursus.mebel@yandex.ru и форму связи; 2ГИС подтверждает сайт и маршруты через Telegram, VK и WhatsApp",Официальный сайт и 2ГИС,https://yursus.ru/; https://2gis.ru/novosibirsk/firm/70000001064721876,Практический маршрут связи,HIGH,2026-07-28,,,,,,,,,
GRM-052,E-164,YURSUS / Сибирская фабрика мебели,вакансия,2026-01-26,Построение отдела продаж с нуля,"Фабрика ищет руководителя для создания отдела B2B- и B2C-продаж с чистого листа, разработки стратегии каналов, настройки CRM Битрикс24, управления воронкой и конверсией, внедрения KPI и мотивации; заявлена работа с собственником",HH,https://novosibirsk.hh.ru/vacancy/129853833,S1-сигнал прямой коммерческой задачи,HIGH,2026-07-28,,,,,,,,,
GRM-052,E-165,YURSUS / Сибирская фабрика мебели,бренд и работодатель,2026-07-28,Страница работодателя YURSUS,HH связывает бренд YURSUS с ИП Гармаш Юрий Владимирович и подтверждает производство мебели по индивидуальным проектам для частных и корпоративных клиентов по всей России,HH,https://novosibirsk.hh.ru/employer/10228321,Связь бренда с ИП и операционный контекст,HIGH,2026-07-28,,,,,,,,,
GRM-053,E-166,Estore creating,юридические данные,2026-07-28,Карточка ООО «ИСТОР КРИЭЙТИНГ»,"ИНН 5074063660, ОГРН 1205000034854, действующее юрлицо; собственник и генеральный директор Шавырин Алексей Геннадьевич",РБК Компании,https://companies.rbc.ru/id/1205000034854-obschestvo-s-ogranichennoj-otvetstvennostyu-istor-kriejting/,Юрлицо собственник и ЛПР,HIGH,2026-07-28,,,,,,,,,
GRM-053,E-167,Estore creating,статус бизнеса,2026-07-28,Проверка ООО «ИСТОР КРИЭЙТИНГ»,"Компания действует, относится к микробизнесу; основной вид деятельности — разработка программного обеспечения, дополнительные включают интернет-торговлю и складирование",Точка,https://check.tochka.com/company/1205000034854/,Действующий бизнес и профиль деятельности,HIGH,2026-07-28,,,,,,,,,
GRM-053,E-168,Estore creating,масштаб и сигнал,2026-02-04,Рост продаж на маркетплейсах,"Работодатель сообщает о 7 млн ₽ месячной выручки, команде из 8 сотрудников, цели роста на 10% в месяц и задаче построить управление продажами на Ozon, WB и Яндекс Маркете напрямую с собственником",HH,https://hh.ru/vacancy/129793684,Операционный масштаб и S1-сигнал,HIGH,2026-07-28,,,,,,,,,
GRM-053,E-169,Estore creating,маршрут связи,2026-07-28,Owner-first маршрут через HH,Вакансия опубликована от подтверждённого работодателя ООО «Истор Криэйтинг» и позволяет направить вопрос работодателю,HH,https://hh.ru/vacancy/129793684,Практический маршрут к собственнику,MEDIUM,2026-07-28,,,,,,,,,
GRM-054,E-170,Feliks Station Catering,юридические данные,2026-07-28,Карточка ООО «ФОРЕВЕНТ»,"ИНН 7727530444, ОГРН 1047797038079, действующее юрлицо; собственник и генеральный директор Диденко Феликс Сергеевич",Т-Банк и Companium,https://www.tbank.ru/business/contractor/legal/1047797038079/; https://companium.ru/id/1047797038079-forevent,Юрлицо собственник и ЛПР,HIGH,2026-07-28,,,,,,,,,
GRM-054,E-171,Feliks Station Catering,финансовые данные,2026-07-28,Финансы ООО «ФОРЕВЕНТ»,"Выручка за 2025 год 11,1 млн ₽, чистая прибыль 154 тыс. ₽; показатель находится у нижней границы ICP",Companium,https://companium.ru/id/1047797038079-forevent,Финансовый масштаб,MEDIUM,2026-07-28,,,,,,,,,
GRM-054,E-172,Feliks Station Catering,бренд и контакты,2026-07-28,Официальный сайт Feliks Station Catering,"Сайт связывает бренд с ООО «Форевент» и ИНН 7727530444, публикует телефон +7 (495) 500-97-98, Telegram и форму заявки; подтверждает 35+ гастрономических станций и многолетний операционный опыт",Официальный сайт,https://telezhkasmorozhenym.ru/,Связь бренда с юрлицом операционный масштаб и практический маршрут,HIGH,2026-07-28,,,,,,,,,
GRM-054,E-173,Feliks Station Catering,вакансия,2026-01-28,Пересборка B2B-продаж кейтеринга,"Компания ищет руководителя для аудита и оптимизации amoCRM, воронки, KPI, регламентов, прогнозирования и ценовой политики, управления командой из пяти менеджеров; заявлена работа напрямую с собственником",HH,https://hh.ru/vacancy/129726340,S1-сигнал прямой коммерческой задачи,HIGH,2026-07-28,,,,,,,,,
GRM-055,E-174,NE SHALI / RIEN,юридические данные,2026-07-28,Карточка ИП Гафуровой Замиры Абдулазизовны,"ИНН 380416932771, ОГРНИП 323774600747111, действующий ИП; основной вид деятельности — интернет-торговля",РБК Компании,https://companies.rbc.ru/persons/ogrnip/323774600747111-gafurova-zamira-abdulazizovna/,Юрлицо собственник и профиль деятельности,HIGH,2026-07-28,,,,,,,,,
GRM-055,E-175,NE SHALI / RIEN,бренд,2026-07-28,Товарные знаки NE SHALI и RIEN,Правообладателем зарегистрированных товарных знаков NE SHALI и RIEN является Гафурова Замира Абдулазизовна,РБК Компании,https://companies.rbc.ru/trademark/1176662/ne-shali/; https://companies.rbc.ru/trademark/1151074/rien/,Связь брендов с собственником и ИП,HIGH,2026-07-28,,,,,,,,,
GRM-055,E-176,NE SHALI / RIEN,масштаб и сигнал,2026-02-04,Построение отдела продаж маркетплейсов,"Работодатель сообщает о 15 млн ₽ месячной выручки, команде из 2 сотрудников, цели роста на 10% в месяц и задаче построить отдел продаж на Ozon, WB и Яндекс Маркете напрямую с собственником",HH,https://hh.ru/vacancy/130170775,Операционный масштаб и S1-сигнал,HIGH,2026-07-28,,,,,,,,,
GRM-055,E-177,NE SHALI / RIEN,активность найма,2026-02-07,Расширение e-commerce команды,"ИП параллельно нанимает младшего менеджера по продажам на маркетплейсах для карточек, остатков, поставок, аналитики, ценообразования и продвижения",HH,https://hh.ru/vacancy/130257240,Подтверждение активного построения команды,S2,2026-07-28,,,,,,,,,
GRM-055,E-178,NE SHALI / RIEN,маршрут связи,2026-07-28,Owner-first маршрут через HH,Вакансия опубликована от подтверждённого работодателя ИП Гафуровой Замиры Абдулазизовны и позволяет направить вопрос работодателю,HH,https://hh.ru/vacancy/130170775; https://hh.ru/employer/11686397,Практический маршрут к собственнику,MEDIUM,2026-07-28,,,,,,,,,
GRM-056,E-179,Magnitof,юридические данные,2026-07-28,Карточка ООО «МАГНИТОФ»,"ИНН 9723261402, ОГРН 1257700430250, действующее юрлицо; генеральный директор Григорян Карен Робертович, единственный учредитель Манучарян Рузанна Серёжаевна",РБК Компании,https://companies.rbc.ru/id/1257700430250-ooo-magnitof/,Юрлицо учредитель и ЛПР,HIGH,2026-07-28,,,,,,,,,
GRM-056,E-180,Magnitof,бренд и реквизиты,2026-07-28,Связь бренда Magnitof с юрлицом,"Официальный сайт указывает ООО «Магнитоф», ИНН 9723261402 и ОГРН 1257700430250, а также ИП Григоряна Карена Робертовича; бренд и операционная деятельность связаны с подтверждёнными субъектами",Официальный сайт,https://magnitof.com/product-category/prjamougolnye-kvadratnye/,Связь бренда с юрлицом и генеральным директором,HIGH,2026-07-28,,,,,,,,,
GRM-056,E-181,Magnitof,операционный масштаб,2026-07-28,Масштаб ассортимента и географии,"Официальный сайт сообщает о 400+ товарных позициях на складе, среднем рейтинге 4.9 на основе 1200 отзывов, контрактном производстве в Китае и поставках по России, СНГ и Азии",Официальный сайт,https://magnitof.pro/,Действующий бизнес и операционный масштаб,HIGH,2026-07-28,,,,,,,,,
GRM-056,E-182,Magnitof,правообладатель бренда,2026-07-28,Товарный знак MAGNITOF,Товарный знак MAGNITOF №1122978 зарегистрирован 10.06.2025; правообладатель — Григорян Карен Робертович,РБК Компании / реестр товарных знаков,https://companies.rbc.ru/trademark/1122978/magnitof/,Связь бренда с генеральным директором,HIGH,2026-07-28,,,,,,,,,
GRM-056,E-183,Magnitof,вакансия,2026-02-05,Систематизация B2B-продаж Magnitof,"Компания ищет руководителя отдела продаж для управления B2B-сделками, договорной работой, конверсией, средним чеком и маржинальностью, внедрения KPI и масштабирования каналов; предусмотрено прямое взаимодействие с собственником",HH,https://hh.ru/vacancy/130210715,S1-сигнал прямой коммерческой задачи,HIGH,2026-07-28,,,,,,,,,
GRM-055,E-197,RIEN / NE SHALI,юридические данные,2026-07-28,Карточка ИП Гафуровой Замиры Абдулазизовны,"ИНН 380416932771, ОГРНИП 323774600747111, действующий ИП с 13 ноября 2023 года; основной вид деятельности — интернет-торговля",РБК Компании,https://companies.rbc.ru/persons/ogrnip/323774600747111-gafurova-zamira-abdulazizovna/,Юрлицо собственник и профиль деятельности,HIGH,2026-07-28,,,,,,,,,
GRM-055,E-198,RIEN / NE SHALI,бренд и собственник,2026-07-28,Товарные знаки RIEN и NE SHALI,Товарные знаки RIEN №1151074 и NE SHALI №1176662 зарегистрированы на Гафурову Замиру Абдулазизовну в 2025 году,РБК Компании / реестр товарных знаков,https://companies.rbc.ru/trademark/1151074/rien/; https://companies.rbc.ru/trademark/1176662/ne-shali/,Связь собственника с брендами,HIGH,2026-07-28,,,,,,,,,
GRM-055,E-199,RIEN / NE SHALI,операционный масштаб,2026-07-28,Масштаб e-commerce бизнеса,"В вакансии работодатель заявляет ежемесячную выручку около 15 млн ₽, работу с товарами для дома, команду из двух человек и цель роста на 10% в месяц; годовой эквивалент 180 млн ₽ является расчётом, а не бухгалтерской отчётностью",HH,https://hh.ru/vacancy/130170775,Операционный масштаб и темп роста,MEDIUM,2026-07-28,,,,,,,,,
GRM-055,E-200,RIEN / NE SHALI,вакансия,2026-02-04,Построение отдела продаж маркетплейсов с нуля,"Собственник ищет РОПа для создания команды, стратегического управления продажами на Ozon, Wildberries и Яндекс Маркете, достижения показателей выручки и эффективности; заявлена работа напрямую с собственником",HH,https://hh.ru/vacancy/130170775,S1-сигнал прямой коммерческой задачи и owner-first маршрут,HIGH,2026-07-28,,,,,,,,,
GRM-055,E-201,RIEN / NE SHALI,история проекта,2025-08-28,Запуск бренда RIEN,"Архивная вакансия описывает запуск бренда RIEN в категории товаров для ванной и кухни, создание команды и развитие продаж на российских маркетплейсах лично предпринимателем Замирой Гафуровой",DreamJob,https://dreamjob.ru/employers/5702006/vakansii/123511935,Контекст продукта и последовательность бизнес-сигнала,MEDIUM,2026-07-28,,,,,,,,,
GRM-061,E-202,Hugency,юридические данные,2026-07-29,Карточка ИП Валеевой Луизы Альфиковны,"ИНН 732705295186, ОГРНИП 317502400050345, действующий ИП с 5 сентября 2017 года; в перечне видов деятельности присутствуют рекламные и PR-направления",Т-Банк,https://www.tbank.ru/business/contractor/legal/317502400050345/,Юрлицо собственник и действующий статус,HIGH,2026-07-29,,,,,,,,,
GRM-061,E-203,Hugency,бренд и официальный маршрут,2026-07-29,Официальный сайт Hugency,Сайт позиционирует Hugency как AI-driven performance marketing studio и предлагает получить прогноз ниши непосредственно от основателя,Официальный сайт,https://www.hugency.ai/,Действующий бренд и owner-first маршрут,HIGH,2026-07-29,,,,,,,,,
GRM-061,E-204,Hugency,операционный масштаб,2026-07-29,Масштаб AI-агентства,"В вакансии работодатель заявляет стабильную выручку $30–40 тыс. в месяц и собственные аккаунты с аудиторией около миллиона подписчиков; годовой эквивалент в карточке является ориентировочным расчётом, а не бухгалтерской отчётностью",HH,https://hh.ru/vacancy/130040961,Операционный масштаб и текущая выручка,MEDIUM,2026-07-29,,,,,,,,,
GRM-061,E-205,Hugency,вакансия,2026-02-08,Построение международного отдела продаж Hugency,"Основатель ищет первого руководителя коммерческого блока для построения международного B2B-отдела с нуля, найма англоязычной команды, внедрения amoCRM, управления high-ticket воронкой и роста выручки до $100 тыс., затем до $300 тыс. в месяц",HH,https://hh.ru/vacancy/130040961,S1-сигнал прямой коммерческой задачи и масштабирования,HIGH,2026-07-29,,,,,,,,,
GRM-024,E-222,MARROB,юридические данные,2026-07-29,Реквизиты ООО «МАРРОБ РУС»,"Официальный сайт публикует ООО «МАРРОБ РУС», ИНН 5032331540, ОГРН 1215000079304 и адрес в Одинцово",Официальный сайт,https://marrob.ru/kontakty/,Связь бренда с действующим юридическим лицом,HIGH,2026-07-29,,,,,,,,,
GRM-024,E-223,MARROB,собственник и ЛПР,2026-07-29,Собственник и генеральный директор,Шабалтас Наталья Анатольевна указана генеральным директором и единственным учредителем с долей 100%,РБК Компании,https://companies.rbc.ru/id/1215000079304-obschestvo-s-ogranichennoj-otvetstvennostyu-marrob-rus/,Собственник и полномочный ЛПР,HIGH,2026-07-29,,,,,,,,,
GRM-024,E-224,MARROB,финансовый масштаб,2025-12-31,Финансовые показатели ООО «МАРРОБ РУС»,По бухгалтерской отчётности за 2025 год выручка составила 7 257 000 ₽; среднесписочная численность — 1 сотрудник,РБК Компании,https://companies.rbc.ru/id/1215000079304-obschestvo-s-ogranichennoj-otvetstvennostyu-marrob-rus/,Финансовый масштаб и действующий бизнес,HIGH,2026-07-29,,,,,,,,,
GRM-024,E-225,MARROB,операционный масштаб,2026-07-29,Профиль производственной компании,"Официальный профиль работодателя описывает MARROB RUS как производственную компанию фасадных решений, работающую с частными клиентами, застройщиками и индивидуальными проектами",HH,https://hh.ru/employer/5767946,Операционный профиль и клиентские сегменты,MEDIUM,2026-07-29,,,,,,,,,
GRM-024,E-226,MARROB,контакты,2026-07-29,Официальные контакты MARROB,"Опубликованы телефоны +7 (916) 666-23-35 и +7 (495) 205-53-63, email info@marrob.ru и форма заявки",Официальный сайт,https://marrob.ru/kontakty/; https://marrob.ru/product-category/kamen/versalskij-kirpich/,Практический маршрут связи,HIGH,2026-07-29,,,,,,,,,
GRM-024,E-227,MARROB,вакансия,2026-02-05,Руководитель отдела продаж MARROB,"Компания ищет руководителя для построения отдела продаж с нуля, внедрения CRM, воронки, скриптов, регламентов и KPI по конверсии, среднему чеку и марже; указано прямое взаимодействие с собственником",HH,https://hh.ru/vacancy/130209818,S1-сигнал прямой коммерческой задачи,HIGH,2026-07-29,,,,,,,,,
GRM-066,E-228,Литтек,юридические данные,2026-07-29,Реквизиты ООО «ЛИТТЕК»,"Официальный сайт публикует ООО «ЛИТТЕК», ИНН 7806523560, ОГРН 1147847126162 и адрес в Санкт-Петербурге",Официальный сайт,https://littek.ru/contacts,Связь бренда с действующим юридическим лицом,HIGH,2026-07-29,,,,,,,,,
GRM-066,E-229,Литтек,собственник и ЛПР,2026-07-29,Собственник и генеральный директор,Егоров Максимилиан Александрович указан генеральным директором и единственным учредителем с долей 100%,РБК Компании,https://companies.rbc.ru/id/1147847126162-ooo-obschestvo-s-ogranichennoj-otvetstvennostyu-littek/,Собственник и полномочный ЛПР,HIGH,2026-07-29,,,,,,,,,
GRM-066,E-230,Литтек,финансовый масштаб,2025-12-31,Финансовые показатели ООО «ЛИТТЕК»,"По бухгалтерской отчётности за 2025 год выручка составила 121 548 000 ₽, чистая прибыль — 16 015 000 ₽; среднесписочная численность — 4 сотрудника",РБК Компании,https://companies.rbc.ru/id/1147847126162-ooo-obschestvo-s-ogranichennoj-otvetstvennostyu-littek/,Финансовый масштаб и действующий бизнес,HIGH,2026-07-29,,,,,,,,,
GRM-066,E-231,Литтек,операционный масштаб,2026-07-29,Профиль промышленного B2B-производства,"Компания производит и поставляет резинотехнические изделия, работает с паронитом, силиконом, фторопластом и другими материалами; среди сегментов — производители, строительные и пищевые компании",HH,https://spb.hh.ru/employer/5993386,Операционный профиль и клиентские сегменты,MEDIUM,2026-07-29,,,,,,,,,
GRM-066,E-232,Литтек,контакты,2026-07-29,Официальные контакты Литтек,"Опубликованы телефон +7 (812) 509-58-70 и корпоративные email littek@yandex.ru, info@littek.ru, marketing.littek@yandex.ru и cooperation@littek.ru",Официальный сайт,https://littek.ru/contacts,Практический маршрут связи,HIGH,2026-07-29,,,,,,,,,
GRM-066,E-233,Литтек,вакансия,2026-02-05,Руководитель отдела продаж B2B,"Компания ищет руководителя для роста отдела продаж в 2 раза и выше, автоматизации или реорганизации продаж и управления воронкой и командой; указано прямое взаимодействие с собственником",HH,https://spb.hh.ru/vacancy/130055246,S1-сигнал прямой коммерческой задачи,HIGH,2026-07-29,,,,,,,,,
GRM-067,E-234,LEONID GRIVKO,юридические данные,2026-07-29,Оператор официального сайта,Политика конфиденциальности и оферта официального сайта называют оператором и продавцом ООО «ДЕЛОВАЯ МОДА»,Официальный сайт,https://grivko.com/privacy.html,Связь бренда с юридическим лицом,HIGH,2026-07-29,,,,,,,,,
GRM-067,E-235,LEONID GRIVKO,юридические данные,2026-07-29,Реквизиты ООО «ДЕЛОВАЯ МОДА»,"ООО действует; ИНН 9718208989, ОГРН 1227700749210; основной вид деятельности — производство верхней одежды",РБК Компании,https://companies.rbc.ru/id/1227700749210-ooo-delovaya-moda/,Действующий статус и реквизиты,HIGH,2026-07-29,,,,,,,,,
GRM-067,E-236,LEONID GRIVKO,собственник и ЛПР,2026-07-29,Собственник и генеральный директор,Черкасова Ирина Леонидовна указана генеральным директором и единственным учредителем с долей 100%,РБК Компании,https://companies.rbc.ru/id/1227700749210-ooo-delovaya-moda/,Юридический собственник и полномочный ЛПР,HIGH,2026-07-29,,,,,,,,,
GRM-067,E-237,LEONID GRIVKO,бренд и фаундер,2020-12-22,Товарный знак LEONID GRIVKO,Товарный знак №790093 зарегистрирован на Леонида Борисовича Гривко; исключительное право действует до 21.07.2030,РБК Компании / реестр товарных знаков,https://companies.rbc.ru/trademark/790093/leonid-grivko-leonid-grivko/,Связь бренда с фаундером,HIGH,2026-07-29,,,,,,,,,
GRM-067,E-238,LEONID GRIVKO,финансовый масштаб,2024-12-31,Финансовые показатели,"За 2024 год выручка ООО «ДЕЛОВАЯ МОДА» составила 31 812 000 ₽, чистая прибыль — 1 811 000 ₽",РБК Компании,https://companies.rbc.ru/id/1227700749210-ooo-delovaya-moda/,Финансовый масштаб,HIGH,2026-07-29,,,,,,,,,
GRM-067,E-239,LEONID GRIVKO,вакансия,2026-02-15,Коммерческий директор,"Фаундер хочет передать единый контур маркетинга, онлайна и бутика, ответственность за выручку, запуск B2B-опта, CRM, аналитику и AI; цель — снизить ручное управление собственника",HH,https://hh.ru/vacancy/129468122,S1-сигнал прямой коммерческой задачи,HIGH,2026-07-29,,,,,,,,,
GRM-067,E-240,LEONID GRIVKO,контакты,2026-07-29,Официальные контакты,"Оферта публикует телефон +7 (967) 027-32-73, email info@grivko.com и адрес бутика в Москве",Официальный сайт,https://grivko.com/offer.html,Практический корпоративный маршрут связи,HIGH,2026-07-29,,,,,,,,,
GRM-052,E-241,YURSUS,юридические данные,2026-07-29,ИП Гармаш Юрий Владимирович,"ИП зарегистрирован 1 апреля 2022 года; ИНН 540446068887, ОГРНИП 322547600048993; основной вид деятельности — производство мебели для офисов и предприятий торговли",РБК Компании,https://companies.rbc.ru/persons/ogrnip/322547600048993-garmash-yurij-vladimirovich/,Действующий оператор и профиль деятельности,HIGH,2026-07-29,,,,,,,,,
GRM-052,E-242,YURSUS,собственник и бренд,2026-07-29,Основатель YURSUS,Официальный сайт называет Юрия Гармаша основателем Сибирской фабрики мебели YURSUS,Официальный сайт,https://www.yursus.ru/,Собственник и ЛПР бренда,HIGH,2026-07-29,,,,,,,,,
GRM-052,E-243,YURSUS,товарный знак,2025-12-12,Товарный знак YURSUS,Товарный знак YURSUS №1176576 зарегистрирован на Гармаша Юрия Владимировича,РБК Компании / реестр товарных знаков,https://companies.rbc.ru/trademark/1176576/yursus/,Юридическая связь бренда с собственником,HIGH,2026-07-29,,,,,,,,,
GRM-052,E-244,YURSUS,операционный масштаб,2026-07-29,Фабрика полного цикла,"Официальный сайт заявляет производство полного цикла на современных станках с ЧПУ, 20+ лет опыта основателя, направления для дома, офиса и бизнеса и работу по России и СНГ",Официальный сайт,https://www.yursus.ru/,Операционный масштаб и география,HIGH,2026-07-29,,,,,,,,,
GRM-052,E-245,YURSUS,клиентский масштаб,2026-07-29,Проекты для бизнеса,"Страница работодателя указывает проекты для 2ГИС, отеля «Грушевый цвет», SHIK, сети «Горчица», CrosbyCoffee и ProSchool и доставку в любой город России",HH,https://novosibirsk.hh.ru/employer/10228321,Подтверждённый B2B-профиль и клиентские кейсы,MEDIUM,2026-07-29,,,,,,,,,
GRM-052,E-246,YURSUS,контакты,2026-07-29,Официальные контакты YURSUS,"Опубликованы телефоны +7 913 605-15-69 и +7 923 107-01-20, email yursus.mebel@yandex.ru, адрес производства и форма связи; 2ГИС также показывает Telegram, VK и WhatsApp",Официальный сайт и 2ГИС,https://www.yursus.ru/; https://2gis.ru/novosibirsk/firm/70000001064721876,Практический маршрут связи,HIGH,2026-07-29,,,,,,,,,
GRM-052,E-247,YURSUS,вакансия,2026-01-24,Руководитель отдела продаж на мебельную фабрику,ИП Гармаш ищет руководителя отдела продаж для создания отдела с нуля на мебельной фабрике полного цикла,HH,https://novosibirsk.hh.ru/vacancy/129853833,S1-сигнал прямой коммерческой задачи,HIGH,2026-07-29,,,,,,,,,
GRM-069,E-248,Лесоруб Бани,юридические данные,2026-07-29,ИП Заречный Дмитрий Сергеевич,"ИП зарегистрирован 12 февраля 2019 года; ИНН 544591907648, ОГРНИП 319547600023547; основной вид деятельности — производство сборных деревянных строений; статус действующий",РБК Компании и Точка,https://companies.rbc.ru/persons/ogrnip/319547600023547-zarechnyij-dmitrij-sergeevich/; https://check.tochka.com/company/319547600023547/,Действующий оператор и профиль деятельности,HIGH,2026-07-29,,,,,,,,,
GRM-069,E-249,Лесоруб Бани,собственник и бренд,2026-07-29,Руководитель компании Дмитрий Заречный,Официальный сайт публикует реквизиты ИП и прямо называет Дмитрия Заречного руководителем компании,Официальный сайт,https://lesorub-bani.ru/etapy-zakaza-i-stroitelstva-karkasnoj-bani-ot-proizvoditelya,Связь бренда с собственником и ЛПР,HIGH,2026-07-29,,,,,,,,,
GRM-069,E-250,Лесоруб Бани,операционный масштаб,2026-07-29,Собственное производство и география,"Официальный сайт заявляет более 10 лет производства каркасных и модульных бань и домов под ключ, собственное производство в Бердске, офисы в Новосибирске и Бердске и выставочную площадку в Кемерово",Официальный сайт,https://lesorub-bani.ru/proizvodstvo; https://lesorub-bani.ru/contacts; https://lesorub-bani.ru/kemerovo,Операционный масштаб и география,HIGH,2026-07-29,,,,,,,,,
GRM-069,E-251,Лесоруб Бани,клиентский масштаб,2026-07-29,Более 1200 покупателей,Профиль компании на FIS.ru заявляет более 1200 довольных покупателей и профессиональные монтажные бригады,FIS.ru,https://lesorub-bani.fis.ru/,Клиентский масштаб,MEDIUM,2026-07-29,,,,,,,,,
GRM-069,E-252,Лесоруб Бани,контакты,2026-07-29,Официальные контакты,"Официальный сайт публикует телефон +7 (903) 903-48-96, дополнительный телефон +7 (961) 217-41-43, email bany-sib@yandex.ru, формы связи, WhatsApp-каталог и маршрут через MAX",Официальный сайт,https://lesorub-bani.ru/contacts; https://lesorub-bani.ru/dom; https://lesorub-bani.ru/etapy-zakaza-i-stroitelstva-karkasnoj-bani-ot-proizvoditelya,Практический маршрут связи,HIGH,2026-07-29,,,,,,,,,
GRM-069,E-253,Лесоруб Бани,вакансия,2026-01-25,Коммерческий директор CCO,"Компания заявляет рост в 2 раза по ключевым показателям, работу в 3 городах и переход к управляемой масштабируемой коммерческой системе; ищет партнёра собственника по росту, марже, конверсии, CAC и новым направлениям",HH,https://novosibirsk.hh.ru/vacancy/129687086,S1-сигнал прямой коммерческой задачи,HIGH,2026-07-29,,,,,,,,,
GRM-070,E-254,Городская Ферма на ВДНХ,юридические данные,2026-07-29,ООО «Городская Ферма»,"Действующая организация: ИНН 7723381960, ОГРН 1157746213976, дата регистрации 19 марта 2015 года, юридический адрес на проспекте Мира; форма — малый бизнес",Т-Банк,https://www.tbank.ru/business/contractor/legal/1157746213976/,Действующее юрлицо и масштаб,HIGH,2026-07-29,,,,,,,,,
GRM-070,E-255,Городская Ферма на ВДНХ,собственники и ЛПР,2026-07-29,Учредители и генеральный директор,"Т-Банк указывает генерального директора Яковлева Эдуарда Юрьевича и учредителей: Ирину Фролову, Ашота Карапетяна, Аллу Яковлеву и АО «КОНГЛОМЕРАТ САДР»",Т-Банк,https://www.tbank.ru/business/contractor/legal/1157746213976/,Собственники и полномочный ЛПР,HIGH,2026-07-29,,,,,,,,,
GRM-070,E-256,Городская Ферма на ВДНХ,финансы,2024-12-31,Бухгалтерская отчётность за 2024 год,"Выручка за 2024 год составила 187,35 млн ₽, прибыль — 14,50 млн ₽",Т-Банк,https://www.tbank.ru/business/contractor/legal/1157746213976/,Финансовый масштаб,HIGH,2026-07-29,,,,,,,,,
GRM-070,E-257,Городская Ферма на ВДНХ,бренд и операционный профиль,2026-07-29,Частный коммерческий семейный парк,"Официальный сайт называет Городскую Ферму частным коммерческим проектом на ВДНХ и описывает семейный интерактивный парк фермерства, ремёсел и активного отдыха",Официальный сайт,https://gorodskayaferma.ru/,Связь бренда с действующим бизнесом и профиль,HIGH,2026-07-29,,,,,,,,,
GRM-070,E-258,Городская Ферма на ВДНХ,контакты,2026-07-29,Официальные контакты,"Официальный сайт публикует телефоны +7 (495) 968-31-28 и +7 (495) 589-15-74, email info@gorferma24.ru, форму связи и заказ звонка",Официальный сайт,https://gorodskayaferma.ru/contacts/,Практический маршрут связи,HIGH,2026-07-29,,,,,,,,,
GRM-070,E-259,Городская Ферма на ВДНХ,вакансия,2026-02-03,Коммерческий директор для новой системы продаж и маркетинга,"Компания заявляет около 140 000 посетителей в год, запускает клубную подписку для семей, планирует увеличить посещаемость до 200 000 гостей и ищет коммерческого директора с прямой работой с собственником",HH,https://hh.ru/vacancy/129528164,S1-сигнал прямой коммерческой задачи,HIGH,2026-07-29,,,,,,,,,
GRM-071,E-260,Строй-Инспект,юридические данные,2026-07-29,ООО «СТРОЙ-ИНСПЕКТ»,"Действующая организация: ИНН 7713478071, ОГРН 1207700382504, зарегистрирована 14 октября 2020 года в Москве",РБК Компании,https://companies.rbc.ru/id/1207700382504-obschestvo-s-ogranichennoj-otvetstvennostyu-stroj-inspekt/,Действующее юрлицо,HIGH,2026-07-29,,,,,,,,,
GRM-071,E-261,Строй-Инспект,собственник и ЛПР,2026-07-29,Единственный собственник и генеральный директор,Валевич Денис Михайлович является генеральным директором и единственным учредителем с долей 100%,РБК Компании,https://companies.rbc.ru/id/1207700382504-obschestvo-s-ogranichennoj-otvetstvennostyu-stroj-inspekt/,Собственник и полномочный ЛПР,HIGH,2026-07-29,,,,,,,,,
GRM-071,E-262,Строй-Инспект,финансы,2025-12-31,Бухгалтерская отчётность за 2025 год,"Выручка за 2025 год составила 97,373 млн ₽, прибыль — 17,8 млн ₽; годом ранее выручка составляла 49,428 млн ₽",РБК Компании,https://companies.rbc.ru/id/1207700382504-obschestvo-s-ogranichennoj-otvetstvennostyu-stroj-inspekt/,Финансовый масштаб и рост,HIGH,2026-07-29,,,,,,,,,
GRM-071,E-263,Строй-Инспект,бренд и операционный профиль,2026-07-29,Инжиниринговая компания полного цикла,"Официальный сайт связывает бренд с ООО «Строй-Инспект» и подтверждает инженерные изыскания, техническое обследование, строительную экспертизу, проектирование и работу по России",Официальный сайт,https://stroy-inspekt.ru/about.html,Связь бренда с юрлицом и операционный профиль,HIGH,2026-07-29,,,,,,,,,
GRM-071,E-264,Строй-Инспект,масштаб и проекты,2026-07-29,Портфель сложных объектов,"Официальный сайт показывает реализованные работы для административного здания ПАО «Лукойл», торговых центров, бизнес-центров, институтов и объектов культурного наследия",Официальный сайт,https://stroy-inspekt.ru/projects/p4.html,Практический операционный масштаб,HIGH,2026-07-29,,,,,,,,,
GRM-071,E-265,Строй-Инспект,контакты и вакансия,2026-04-29,Построение B2B/B2G-продаж с собственником,"Официальный сайт публикует два телефона, форму и заказ звонка; вакансия указывает построение и развитие отдела продаж с нуля совместно с собственником, личные продажи и ключевые сделки",Официальный сайт и HH,https://stroy-inspekt.ru/contacts.html; https://hh.ru/vacancies/rukovoditel-napravleniya-otdela-prodazh/za_poslednie_tri_dnya?hhtmFrom=vacancy_search_list&page=2,Практический маршрут и S1-сигнал,HIGH,2026-07-29,,,,,,,,,
GRM-069,E-266,Лесоруб Бани,юридические данные,2026-07-29,ИП Заречный Дмитрий Сергеевич,"Действующий ИП: ИНН 544591907648, ОГРНИП 319547600023547, зарегистрирован 12 февраля 2019 года в Новосибирской области; основной ОКВЭД — производство сборных деревянных строений",РБК Компании,https://companies.rbc.ru/persons/ogrnip/319547600023547-zarechnyij-dmitrij-sergeevich/,Действующий оператор и профиль деятельности,HIGH,2026-07-29,,,,,,,,,
GRM-069,E-267,Лесоруб Бани,статус МСП,2026-07-29,Действующий микробизнес,ИП действует и включён в реестр МСП как микробизнес; сведения ЕГРИП достоверны,Точка,https://check.tochka.com/company/319547600023547/,Статус и масштаб юридического оператора,HIGH,2026-07-29,,,,,,,,,
GRM-069,E-268,Лесоруб Бани,бренд и реквизиты,2026-07-29,Официальный оператор бренда,"Официальный сайт публикует ИНН 544591907648 и ОГРНИП 319547600023547, имя ИП Заречного Дмитрия Сергеевича, производственный адрес, офисы, телефон и email",Официальный сайт,https://lesorub-bani.ru/,Связь бренда с действующим ИП и контакты,HIGH,2026-07-29,,,,,,,,,
GRM-069,E-269,Лесоруб Бани,операционный масштаб,2026-07-29,Более 2400 завершённых объектов,"Компания заявляет более 2400 построенных объектов за 10 лет, собственное производство, производство в Бердске, офисы в Новосибирске и Бердске и выставочные площадки в Новосибирске и Кемерово",Официальный сайт,https://lesorub-bani.ru/,Подтверждённый операционный масштаб,HIGH,2026-07-29,,,,,,,,,
GRM-069,E-270,Лесоруб Бани,собственник,2026-07-29,Связь собственника с бизнесом,"Дмитрий Заречный является владельцем действующего ИП; ранее он также был генеральным директором и единственным учредителем одноимённого ООО «ЛЕСОРУБ БАНИ», ликвидированного в 2025 году; каноническая карточка оформлена на действующий ИП",РБК Компании,https://companies.rbc.ru/id/1245400033482-ooo-lesorub-bani/; https://companies.rbc.ru/persons/ogrnip/319547600023547-zarechnyij-dmitrij-sergeevich/,Собственник и корректный выбор юридической базы,HIGH,2026-07-29,,,,,,,,,
GRM-069,E-271,Лесоруб Бани,бизнес-сигнал,2026-02-07,Переход к масштабируемой коммерческой системе,"Вакансия сообщает о росте компании в 2 раза по ключевым показателям, присутствии в 3 городах и переходе к управляемой масштабируемой коммерческой системе; коммерческий директор должен управлять выручкой, маржой, конверсией и CAC и быть партнёром собственника",HeadHunter,https://novosibirsk.hh.ru/vacancy/129687086,Прямой S1-сигнал и доступ к собственнику,HIGH,2026-07-29,,,,,,,,,
GRM-075,E-286,YOULAB,юридические данные,2026-07-29,ИП Коренков Андрей Валерьевич,"Действующий ИП: ИНН 422803894673, ОГРНИП 318420500044270, зарегистрирован 28 мая 2018 года; основной вид деятельности — интернет-торговля",РБК Компании,https://companies.rbc.ru/persons/ogrnip/318420500044270-korenkov-andrej-valerevich/,Действующий юридический оператор,HIGH,2026-07-29,,,,,,,,,
GRM-075,E-287,YOULAB,бренд и собственник,2026-07-29,Товарный знак YL YOULAB,Правообладателем зарегистрированного товарного знака YL YOULAB является Коренков Андрей Валерьевич,РБК Компании,https://companies.rbc.ru/trademark/1087988/yl-youlab/,Связь бренда с собственником,HIGH,2026-07-29,,,,,,,,,
GRM-075,E-288,YOULAB,собственник,2026-06-26,Основатель YOULAB,В актуальной вакансии бизнес-ассистента Андрей Коренков прямо представляется основателем YOULAB,JobRun / HH,https://moskva.jobrun.ru/бизнес-адвокат-суспицин-андрей-витальевич-работа,Собственник и операционный ЛПР,MEDIUM,2026-07-29,,,,,,,,,
GRM-075,E-289,YOULAB,операционный масштаб,2026-07-29,Более 1 млн подарочных наборов,"Профиль работодателя сообщает о работе с 2018 года, более 1 млн разработанных и отправленных наборов, продажах на Wildberries, Ozon и Яндекс Маркете и корпоративных клиентах",HeadHunter,https://hh.ru/employer/5551819,Операционный масштаб и каналы продаж,HIGH,2026-07-29,,,,,,,,,
GRM-075,E-290,YOULAB,автоматизация,2025-01-01,Внедрение 1С УНФ,В январе 2025 года у ИП Коренкова внедрена 1С:Управление нашей фирмой на 5 автоматизированных рабочих местах,1С,https://solutions.1c.ru/projects/1368124/,Наличие операционной системы и минимум пяти рабочих мест,HIGH,2026-07-29,,,,,,,,,
GRM-075,E-291,YOULAB,бизнес-сигнал,2026-02-01,Масштабирование коммерческого блока,"Вакансия коммерческого директора требует масштабировать продажи, выстроить системные процессы и привести команду к результатам; предусмотрен прямой контакт с собственником",HeadHunter,https://hh.ru/vacancy/129435650,Прямой S1-сигнал коммерческой трансформации,HIGH,2026-07-29,,,,,,,,,
GRM-075,E-292,YOULAB,контакты,2026-07-29,Маршрут через работодателя,Профиль работодателя и вакансия дают практический корпоративный маршрут с возможностью адресовать сообщение собственнику; личные телефон и email не заявляются,HeadHunter,https://hh.ru/employer/5551819; https://hh.ru/vacancy/129435650,Практический маршрут связи,HIGH,2026-07-29,,,,,,,,,
GRM-056,E-293,Magnitof,юридические данные,2026-07-29,ООО «МАГНИТОФ»,"Действующее ООО: ИНН 9723261402, ОГРН 1257700430250, зарегистрировано 29 сентября 2025 года; генеральный директор — Григорян Карен Робертович",РБК Компании,https://companies.rbc.ru/id/1257700430250-ooo-magnitof/,Действующее юрлицо и руководитель,HIGH,2026-07-29,,,,,,,,,
GRM-056,E-294,Magnitof,собственник,2026-07-29,Учредитель ООО «МАГНИТОФ»,Учредителем ООО является Манучарян Рузанна Серёжаевна; генеральным директором — Григорян Карен Робертович,Xfirm,https://xfirm.ru/company/9723261402,Собственник и операционный ЛПР,MEDIUM,2026-07-29,,,,,,,,,
GRM-056,E-295,Magnitof,бренд и юрлицо,2026-07-29,Реквизиты Magnitof,"Официальный сайт публикует ООО «МАГНИТОФ», ИНН 9723261402 и ОГРН 1257700430250",Magnitof,https://magnitof.com/,Связь бренда с юридическим лицом,HIGH,2026-07-29,,,,,,,,,
GRM-056,E-296,Magnitof,бренд и ЛПР,2025-06-10,Товарный знак MAGNITOF,Правообладателем зарегистрированного товарного знака MAGNITOF является Григорян Карен Робертович,РБК Компании,https://companies.rbc.ru/trademark/1122978/magnitof/,Связь бренда с генеральным директором,HIGH,2026-07-29,,,,,,,,,
GRM-056,E-297,Magnitof,операционный масштаб,2026-07-29,Ассортимент и география,"Официальный сайт сообщает о более чем 400 видах продукции на складе, прямых поставках с производства в Китае и доставке по России и СНГ",Magnitof,https://magnitof.pro/,Операционный масштаб и каналы,HIGH,2026-07-29,,,,,,,,,
GRM-056,E-298,Magnitof,бизнес-сигнал,2026-02-05,Систематизация и масштабирование продаж,"Вакансия руководителя отдела продаж предусматривает внедрение KPI, скриптов и отчётности, развитие каналов, контроль конверсии, среднего чека и маржинальности, прямое взаимодействие с собственником",HeadHunter,https://hh.ru/vacancy/130210715,Прямой S1-сигнал коммерческой трансформации,HIGH,2026-07-29,,,,,,,,,
GRM-056,E-299,Magnitof,контакты,2026-07-29,Корпоративные маршруты,"Официальные сайты публикуют телефоны, email info@magnitof.com, Telegram, WhatsApp и формы; HH даёт дополнительный маршрут через работодателя",Magnitof / HeadHunter,https://magnitof.com/; https://magnitof.pro/; https://hh.ru/vacancy/130210715,Практический маршрут связи,HIGH,2026-07-29,,,,,,,,,
GRM-077,E-300,Алтайский заготовитель,юридические данные,2026-07-29,ООО «ЦВЕТ ЛЕТА»,"Действующее ООО: ИНН 2222875776, ОГРН 1192225014629, зарегистрировано 19 апреля 2019 года; директор — Коростелев Денис Владиславович",РБК Компании,https://companies.rbc.ru/id/1192225014629-obschestvo-s-ogranichennoj-otvetstvennostyu-tsvet-leta/,Действующее юрлицо и руководитель,HIGH,2026-07-29,,,,,,,,,
GRM-077,E-301,Алтайский заготовитель,собственник,2026-07-29,Учредитель ООО «ЦВЕТ ЛЕТА»,Коростелев Денис Владиславович является единственным учредителем с долей 100% и директором компании,Т-Банк,https://www.tbank.ru/business/contractor/legal/1192225014629/,Собственник и операционный ЛПР,HIGH,2026-07-29,,,,,,,,,
GRM-077,E-302,Алтайский заготовитель,бренд и юрлицо,2026-07-29,Реквизиты официального сайта,"Официальный сайт указывает ООО «ЦВЕТ ЛЕТА», ИНН 2222875776 и ОГРН 1192225014629",Алтайский заготовитель,https://apteka-altai.ru/contacts/,Связь бренда с юридическим лицом,HIGH,2026-07-29,,,,,,,,,
GRM-077,E-303,Алтайский заготовитель,бренд и юрлицо,2022-10-03,Товарный знак «АЛТАЙСКИЙ ЗАГОТОВИТЕЛЬ»,Правообладателем зарегистрированного товарного знака является ООО «ЦВЕТ ЛЕТА»,РБК Компании,https://companies.rbc.ru/trademark/895122/altajskij-zagotovitel/,Дополнительное подтверждение связи бренда с юрлицом,HIGH,2026-07-29,,,,,,,,,
GRM-077,E-304,Алтайский заготовитель,финансовый масштаб,2025-12-31,Финансовые показатели 2025,"Выручка за 2025 год — 196,79 млн ₽, прибыль — 27,07 млн ₽; компания отнесена к микробизнесу",Т-Банк,https://www.tbank.ru/business/contractor/legal/1192225014629/,Масштаб и финансовая устойчивость,HIGH,2026-07-29,,,,,,,,,
GRM-077,E-305,Алтайский заготовитель,операционный масштаб,2026-07-29,Производство и каналы,"Официальные сайты подтверждают собственное производство, более 10 лет работы, 50+ сотрудников в производственном контуре, 95+ готовых рецептур, опт, СТМ и продажи по России и за рубеж",Алтайский заготовитель,https://apteka-altai.ru/company/; https://stm.apteka-altai.ru/; https://opt.apteka-altai.ru/,Операционный масштаб и диверсификация каналов,HIGH,2026-07-29,,,,,,,,,
GRM-077,E-306,Алтайский заготовитель,бизнес-сигнал,2026-01-22,Масштабирование маркетплейсов,"Вакансия руководителя продаж на маркетплейсах предусматривает управление выручкой и маржой, рекламой, аналитикой и командой 3–5 человек, а также прямое взаимодействие с собственником",HeadHunter,https://hh.ru/vacancy/129388823,Прямой S1-сигнал коммерческой трансформации,HIGH,2026-07-29,,,,,,,,,
GRM-077,E-307,Алтайский заготовитель,контакты,2026-07-29,Корпоративные маршруты,"Официальные сайты публикуют телефоны, email, WhatsApp, Telegram, WeChat и формы; HH даёт дополнительный маршрут через работодателя",Алтайский заготовитель / HeadHunter,https://apteka-altai.ru/contacts/; https://opt.apteka-altai.ru/; https://stm.apteka-altai.ru/; https://hh.ru/vacancy/129388823,Практический маршрут связи,HIGH,2026-07-29,,,,,,,,,
GRM-078,E-308,ТоталТехКом,юридические данные,2026-07-29,ООО «ТОТАЛТЕХКОМ»,"Действующее ООО: ИНН 7728433789, ОГРН 1187746609071, зарегистрировано 28 июня 2018 года",РБК Компании,https://companies.rbc.ru/id/1187746609071-ooo-totaltehkom/,Действующее юрлицо,HIGH,2026-07-29,,,,,,,,,
GRM-078,E-309,ТоталТехКом,собственник,2026-07-29,Руководитель и учредитель,Романьков Михаил Владимирович является генеральным директором и единственным учредителем с долей 100%,Т-Банк,https://www.tbank.ru/business/contractor/legal/1187746609071/,Собственник и операционный ЛПР,HIGH,2026-07-29,,,,,,,,,
GRM-078,E-310,ТоталТехКом,финансовый масштаб,2025-12-31,Финансовые показатели 2025,"Выручка за 2025 год — 299,224 млн ₽, чистая прибыль — 6,212 млн ₽",РБК Компании,https://companies.rbc.ru/amp/ogrn/1187746609071/,Финансовый масштаб,HIGH,2026-07-29,,,,,,,,,
GRM-078,E-311,ТоталТехКом,операционный масштаб,2026-07-29,Продажи и сервис складской техники,"Официальный сайт подтверждает поставки грузоподъёмной и складской техники, подбор оборудования, ремонт и сервис; компания называет себя официальным поставщиком JAC&SHANN в РФ",ТоталТехКом,https://totaltehkom.ru/,Операционный профиль и масштаб,HIGH,2026-07-29,,,,,,,,,
GRM-078,E-312,ТоталТехКом,бизнес-сигнал,2026-02-02,Рост и систематизация отдела продаж,"В вакансии собственник Михаил прямо сообщает о росте компании и ищет РОП для управления продажами, командой и дальнейшего масштабирования",HeadHunter,https://hh.ru/vacancy/130073979,Прямой S1-сигнал коммерческой трансформации,HIGH,2026-07-29,,,,,,,,,
GRM-078,E-313,ТоталТехКом,контакты,2026-07-29,Корпоративные маршруты,"Официальный сайт публикует телефоны, email и форму; HH даёт дополнительный маршрут через работодателя",ТоталТехКом / HeadHunter,https://totaltehkom.ru/; https://hh.ru/vacancy/130073979,Практический маршрут связи,HIGH,2026-07-29,,,,,,,,,
GRM-079,E-314,Flaconia Pro,юридические данные,2026-07-29,ИП Филигаров Максим Игоревич,"Действующий ИП: ИНН 772880332527, ОГРНИП 321774600002766, зарегистрирован 13 января 2021 года",РБК Компании,https://companies.rbc.ru/persons/ogrnip/321774600002766-filigarov-maksim-igorevich/,Действующая юридическая база,HIGH,2026-07-29,,,,,,,,,
GRM-079,E-315,Flaconia Pro,связь бренда с владельцем,2026-07-29,Товарный знак FLACONIA PRO,Правообладателем зарегистрированного товарного знака FLACONIA PRO является Филигаров Максим Игоревич,РБК Компании,https://companies.rbc.ru/trademark/1145369/flaconia-pro/,Собственник бренда и операционный ЛПР,HIGH,2026-07-29,,,,,,,,,
GRM-079,E-316,Flaconia Pro,официальные реквизиты,2026-07-29,Реквизиты бизнеса,"Официальный сайт публикует ИП Филигарова Максима Игоревича, ИНН 772880332527 и ОГРНИП 321774600002766",Flaconia Pro,https://flaconia.pro/page/about-us,Связь сайта и бренда с ИП,HIGH,2026-07-29,,,,,,,,,
GRM-079,E-317,Flaconia Pro,операционный масштаб,2026-07-29,B2B-поставка упаковки,"Официальный сайт подтверждает поставки тары и укупорки производствам, оптовые и небольшие заказы, регулярные поставки комплектующих из Китая",Flaconia Pro,https://flaconia.pro/page/about-us,Операционный профиль и B2B-модель,HIGH,2026-07-29,,,,,,,,,
GRM-079,E-318,Flaconia Pro,производственный масштаб,2026-07-29,Производство полного цикла,Официальный сайт заявляет более 70 машин и производственную мощность свыше 550 000 единиц продукции в сутки,Flaconia Pro,https://flaconia.pro/page/production,Подтверждённый операционный масштаб,HIGH,2026-07-29,,,,,,,,,
GRM-079,E-319,Flaconia Pro,бизнес-сигнал,2026-01-16,Системный рост B2B-продаж,Компания находится в фазе системного роста и ищет руководителя для построения и масштабирования отдела продаж как бизнес-функции,HeadHunter,https://hh.ru/vacancy/129535513,Прямой S1-сигнал коммерческой трансформации,HIGH,2026-07-29,,,,,,,,,
GRM-079,E-320,Flaconia Pro,контакты,2026-07-29,Корпоративные маршруты,"Официальный сайт публикует телефон, email и форму обратной связи; HH предоставляет дополнительный маршрут через работодателя",Flaconia Pro / HeadHunter,https://flaconia.pro/page/contacts; https://flaconia.pro/page/agreement; https://hh.ru/vacancy/129535513,Практический маршрут связи,HIGH,2026-07-29,,,,,,,,,
GRM-028,E-321,Авто Сувенир,юридические данные,2026-07-29,ООО «Авто Сувенир»,"Действующее ООО: ИНН 7743799795, ОГРН 1107746944360, зарегистрировано 19 ноября 2010 года",РБК Компании,https://companies.rbc.ru/id/1107746944360-ooo-avto-suvenir/,Действующая юридическая база,HIGH,2026-07-29,,,,,,,,,
GRM-028,E-322,Авто Сувенир,собственник и ЛПР,2026-07-29,Зевакин Алексей Владимирович,Зевакин Алексей Владимирович указан единственным учредителем с долей 100% и генеральным директором,РБК Компании,https://companies.rbc.ru/id/1107746944360-ooo-avto-suvenir/,Собственник и операционный ЛПР,HIGH,2026-07-29,,,,,,,,,
GRM-028,E-323,Авто Сувенир,финансовый масштаб,2025-12-31,Финансовые показатели 2025,"Выручка за 2025 год составила 50 181 000 ₽, прибыль — 5 468 000 ₽; выручка снизилась с 75 580 000 ₽",РБК Компании,https://companies.rbc.ru/id/1107746944360-ooo-avto-suvenir/,Масштаб и дополнительный сигнал необходимости восстановления роста,HIGH,2026-07-29,,,,,,,,,
GRM-028,E-324,Авто Сувенир,операционный масштаб,2026-07-29,Численность и товарный знак,Среднесписочная численность — 9 сотрудников; у компании зарегистрирован товарный знак PD PRESENT DAY,РБК Компании,https://companies.rbc.ru/id/1107746944360-ooo-avto-suvenir/,Малый частный бизнес и связь с товарным брендом,HIGH,2026-07-29,,,,,,,,,
GRM-028,E-325,Авто Сувенир,бизнес-сигнал,2026-02-05,Построение отдела продаж с нуля,"Компания ищет руководителя для построения отдела продаж с нуля по нескольким направлениям, ключевое — B2B; задачи включают личные продажи, команду, CRM, воронку и unit-экономику",HeadHunter,https://hh.ru/vacancy/130066730,Прямой S1-сигнал коммерческой трансформации,HIGH,2026-07-29,,,,,,,,,
GRM-028,E-326,Авто Сувенир,маркетинговый сигнал,2026-02-05,Стратегический маркетинг и аналитика,"Параллельная вакансия маркетолога включает стратегический маркетинг, аналитику, упаковку бренда и онлайн-развитие",HeadHunter,https://hh.ru/vacancy/130066841,Синхронная перестройка продаж и маркетинга,MEDIUM,2026-07-29,,,,,,,,,
GRM-028,E-327,Авто Сувенир,контакты,2026-07-29,Корпоративный маршрут,Карточка организации публикует телефон +7 (495) 222-00-96; HH предоставляет маршрут через работодателя,Яндекс Карты / HeadHunter,https://yandex.com/maps/org/avto_suvenir/88775955424/; https://hh.ru/vacancy/130066730,Практический маршрут связи,MEDIUM,2026-07-29,,,,,,,,,
GRM-024,E-328,MARROB,юридические данные,2026-07-29,ООО «МАРРОБ РУС»,"Действующее ООО: ИНН 5032331540, ОГРН 1215000079304, зарегистрировано 4 августа 2021 года",РБК Компании,https://companies.rbc.ru/id/1215000079304-obschestvo-s-ogranichennoj-otvetstvennostyu-marrob-rus/,Действующая юридическая база,HIGH,2026-07-29,,,,,,,,,
GRM-024,E-329,MARROB,собственник и ЛПР,2026-07-29,Шабалтас Наталья Анатольевна,Шабалтас Наталья Анатольевна указана единственным учредителем с долей 100% и генеральным директором,За честный бизнес,https://zachestnyibiznes.ru/company/ul/1215000079304_5032331540,Собственник и операционный ЛПР,HIGH,2026-07-29,,,,,,,,,
GRM-024,E-330,MARROB,финансовый масштаб,2024-12-31,Финансовые показатели 2024,Выручка за 2024 год составила 12 679 000 ₽,РБК Компании,https://companies.rbc.ru/alphabetical-catalog/companies/m-a-r/24/,Финансовый масштаб малого бизнеса,MEDIUM,2026-07-29,,,,,,,,,
GRM-024,E-331,MARROB,связь бренда и юрлица,2026-07-29,Официальные реквизиты MARROB,"Официальный сайт публикует ООО «МАРРОБ РУС», ИНН 5032331540 и ОГРН 1215000079304",MARROB,https://marrob.ru/kontakty/,Связь бренда с юридическим лицом,HIGH,2026-07-29,,,,,,,,,
GRM-024,E-332,MARROB,операционный масштаб,2026-07-29,Производство и реализованные объекты,"Официальный сайт заявляет 6500+ реализованных объектов, работу с 2016 года и производственную мощность до 3000 м² в месяц",MARROB,https://marrob.ru/,Операционный масштаб и собственное производство,HIGH,2026-07-29,,,,,,,,,
GRM-024,E-333,MARROB,бизнес-сигнал,2026-02-05,Построение отдела продаж с нуля,"Вакансия предусматривает создание отдела продаж с нуля, внедрение CRM, воронки, скриптов, регламентов, KPI, управление конверсией, средним чеком и маржой, прямое взаимодействие с собственником",HeadHunter,https://hh.ru/vacancy/130209818,Прямой S1-сигнал коммерческой трансформации,HIGH,2026-07-29,,,,,,,,,
GRM-024,E-334,MARROB,контакты,2026-07-29,Корпоративные маршруты,"Официальный сайт публикует телефоны +7 (499) 647-59-10 и +7 (916) 666-23-35, email sale@marrob.ru и info@marrob.ru, а также формы обратной связи",MARROB,https://marrob.ru/; https://marrob.ru/kontakty/,Практический маршрут связи,HIGH,2026-07-29,,,,,,,,,
GRM-031,E-335,ACELED / Линии Света,юридические данные,2026-07-29,ООО «ТОРГ-ЛАЙТ»,"Действующее ООО: ИНН 7723401350, ОГРН 1157746682576, зарегистрировано 27 июля 2015 года",РБК Компании,https://companies.rbc.ru/id/1157746682576-ooo-torg-lajt/,Действующая юридическая база,HIGH,2026-07-29,,,,,,,,,
GRM-031,E-336,ACELED / Линии Света,собственник и ЛПР,2026-07-29,Кобылян Александр Александрович,Кобылян Александр Александрович указан единственным учредителем с долей 100% и генеральным директором,РБК Компании,https://companies.rbc.ru/id/1157746682576-ooo-torg-lajt/,Собственник и операционный ЛПР,HIGH,2026-07-29,,,,,,,,,
GRM-031,E-337,ACELED / Линии Света,финансовый масштаб,2025-12-31,Финансовые показатели 2025,Выручка за 2025 год составила 64 136 000 ₽; финансовый результат — убыток 1 056 000 ₽,РБК Компании,https://companies.rbc.ru/id/1157746682576-ooo-torg-lajt/,Финансовый масштаб и актуальная задача прибыльности,HIGH,2026-07-29,,,,,,,,,
GRM-031,E-338,ACELED / Линии Света,связь бренда и юрлица,2026-07-29,Официальные реквизиты ACELED,"Официальный сайт публикует ООО «Торг-Лайт», ИНН 7723401350, ОГРН 1157746682576, корпоративный телефон и email",ACELED / Линии Света,https://aceled.ru/contacts,Связь бренда с юридическим лицом,HIGH,2026-07-29,,,,,,,,,
GRM-031,E-339,ACELED / Линии Света,операционный масштаб,2026-02-02,Собственное производство светотехники,"Компания описывает собственную производственную площадку и выпуск светильников для офисных, торговых, промышленных объектов, жилых комплексов и архитектурного освещения",HeadHunter,https://hh.ru/vacancy/129460624,Собственное производство и продуктовый масштаб,HIGH,2026-07-29,,,,,,,,,
GRM-031,E-340,ACELED / Линии Света,бизнес-сигнал,2026-02-23,Создание отдела продаж с нуля,"Вакансия предусматривает создание отдела продаж с нуля, рост выручки и прибыльности, развитие B2B, проектного и дилерского каналов, CRM, KPI, мотивацию и масштабирование",HeadHunter,https://hh.ru/vacancy/129668251,Прямой S1-сигнал коммерческой трансформации,HIGH,2026-07-29,,,,,,,,,
GRM-031,E-341,ACELED / Линии Света,контакты,2026-07-29,Корпоративные маршруты,"Официальный сайт публикует телефон 8 (800) 500-44-63, email sales@aceled.ru и форму обратного звонка",ACELED / Линии Света,https://aceled.ru/contacts; https://aceled.ru/page75337966.html,Практический маршрут связи,HIGH,2026-07-29,,,,,,,,,
GRM-066,E-342,Литтек,юридические данные,2026-07-29,ООО «ЛИТТЕК»,"Действующее ООО: ИНН 7806523560, ОГРН 1147847126162, зарегистрировано 8 апреля 2014 года",РБК Компании,https://companies.rbc.ru/id/1147847126162-ooo-obschestvo-s-ogranichennoj-otvetstvennostyu-littek/,Действующая юридическая база,HIGH,2026-07-29,,,,,,,,,
GRM-066,E-343,Литтек,собственник и ЛПР,2026-07-29,Егоров Максимилиан Александрович,Егоров Максимилиан Александрович указан единственным учредителем с долей 100% и генеральным директором,РБК Компании,https://companies.rbc.ru/id/1147847126162-ooo-obschestvo-s-ogranichennoj-otvetstvennostyu-littek/,Собственник и операционный ЛПР,HIGH,2026-07-29,,,,,,,,,
GRM-066,E-344,Литтек,финансовый масштаб,2025-12-31,Финансовые показатели 2025,Выручка за 2025 год составила 121 548 000 ₽; чистая прибыль — 16 015 000 ₽,РБК Компании,https://companies.rbc.ru/id/1147847126162-ooo-obschestvo-s-ogranichennoj-otvetstvennostyu-littek/,Финансовый масштаб,HIGH,2026-07-29,,,,,,,,,
GRM-066,E-345,Литтек,связь бренда и юрлица,2026-07-29,Официальные реквизиты Литтек,"Официальный сайт публикует ООО «ЛИТТЕК», ИНН 7806523560 и ОГРН 1147847126162",Литтек,https://littek.ru/contacts,Связь бренда с юридическим лицом,HIGH,2026-07-29,,,,,,,,,
GRM-066,E-346,Литтек,операционный масштаб,2026-07-29,Промышленный B2B и производство,"Компания работает с 2014 года и производит и поставляет резинотехническую, силиконовую и полимерную продукцию для промышленных предприятий",Литтек,https://littek.ru/o-nas,Операционный масштаб и специализация,HIGH,2026-07-29,,,,,,,,,
GRM-066,E-347,Литтек,бизнес-сигнал,2026-02-05,Рост и реорганизация отдела продаж,"Вакансия предусматривает развитие CRM, регламентов и стандартов, управление B2B-командой, автоматизацию и опыт вывода отдела продаж на рост x2; заявлено прямое взаимодействие с собственником",HeadHunter,https://spb.hh.ru/vacancy/130055246,Прямой S1-сигнал коммерческой трансформации,HIGH,2026-07-29,,,,,,,,,
GRM-066,E-348,Литтек,контакты,2026-07-29,Корпоративные маршруты,"Официальный сайт публикует телефон +7 (812) 509-58-70, email info@littek.ru и littek@yandex.ru",Литтек,https://littek.ru/contacts,Практический маршрут связи,HIGH,2026-07-29,,,,,,,,,
GRM-047,E-349,АЙБИПИ,юридические данные,2026-07-29,ООО «АЙБИПИ»,"Действующее ООО: ИНН 7730595201, ОГРН 1097760004946, зарегистрировано 11 января 2009 года",РБК Компании,https://companies.rbc.ru/id/1097760004946-ooo-oksimat/,Действующая юридическая база,HIGH,2026-07-29,,,,,,,,,
GRM-047,E-350,АЙБИПИ,ЛПР,2026-07-29,Иванов Виктор Константинович,Официальная страница реквизитов указывает Иванова Виктора Константиновича директором ООО «АЙБИПИ»,АЙБИПИ,https://aibipi.ru/rekvizity/,Полномочный операционный ЛПР,HIGH,2026-07-29,,,,,,,,,
GRM-047,E-351,АЙБИПИ,связь бренда и юрлица,2026-07-29,Официальные реквизиты АЙБИПИ,"Официальный сайт публикует ООО «АЙБИПИ», ИНН 7730595201 и ОГРН 1097760004946",АЙБИПИ,https://aibipi.ru/kontakty/,Связь бренда с юридическим лицом,HIGH,2026-07-29,,,,,,,,,
GRM-047,E-352,АЙБИПИ,операционный масштаб,2026-07-29,Производство и реализованные проекты,"Компания заявляет более 10 лет работы, собственное производство более 4000 м², 300+ реализованных проектов и 100+ крупных клиентов",АЙБИПИ,https://aibipi.ru/o-kompanii/,Операционный масштаб,HIGH,2026-07-29,,,,,,,,,
GRM-047,E-353,АЙБИПИ,коммерческий масштаб,2026-07-29,Высокий чек проектных решений,"Официальный сайт указывает решения от 2 млн ₽ и реализованные проекты от 2,9 млн ₽",АЙБИПИ,https://aibipi.ru/,Коммерческий масштаб и проектный B2B-чек,HIGH,2026-07-29,,,,,,,,,
GRM-047,E-354,АЙБИПИ,бизнес-сигнал,2026-01-22,Коммерческий директор для роста прибыли и маржи,"Вакансия включает ответственность за выручку и маржу, план прибыли на 2026 год, рост конверсии, новых продуктов и маржинальности; заявлены прямая коммуникация с собственником и масштабирование",HeadHunter,https://hh.ru/vacancy/129774536,Прямой S1-сигнал коммерческой трансформации,HIGH,2026-07-29,,,,,,,,,
GRM-047,E-355,АЙБИПИ,контакты,2026-07-29,Корпоративные маршруты,"Официальный сайт публикует телефон +7 (963) 716-23-59, email contact@ibp.com.ru и info@ibp.com.ru, форму заявки и Telegram",АЙБИПИ,https://aibipi.ru/kontakty/,Практический маршрут связи,HIGH,2026-07-29,,,,,,,,,
GRM-056,E-362,Magnitof,юридические данные,2026-07-29,ООО «МАГНИТОФ»,"Действующее ООО: ИНН 9723261402, ОГРН 1257700430250, зарегистрировано 29 сентября 2025 года",РБК Компании,https://companies.rbc.ru/id/1257700430250-ooo-magnitof/,Действующая юридическая база,HIGH,2026-07-29,,,,,,,,,
GRM-056,E-363,Magnitof,собственник,2026-07-29,Манучарян Рузанна Серёжаевна,Указана единственным учредителем ООО «МАГНИТОФ» с долей 100%,РБК Компании,https://companies.rbc.ru/id/1257700430250-ooo-magnitof/,Собственник компании,HIGH,2026-07-29,,,,,,,,,
GRM-056,E-364,Magnitof,ЛПР,2026-07-29,Григорян Карен Робертович,Указан генеральным директором ООО «МАГНИТОФ»,РБК Компании,https://companies.rbc.ru/id/1257700430250-ooo-magnitof/,Полномочный операционный ЛПР,HIGH,2026-07-29,,,,,,,,,
GRM-056,E-365,Magnitof,связь бренда и юрлица,2026-07-29,Реквизиты Magnitof,"Официальные страницы бренда публикуют ООО «Магнитоф», ИНН 9723261402 и ОГРН 1257700430250",Magnitof,https://magnitof.com/aktau/,Связь бренда с юридическим лицом,HIGH,2026-07-29,,,,,,,,,
GRM-056,E-366,Magnitof,операционный масштаб,2026-07-29,Ассортимент и производство,"Официальный сайт заявляет более 400 видов продукции на складе, собственное производство в Китае, изготовление магнитов на заказ, оптовые поставки и доставку по России и СНГ",Magnitof,https://magnitof.pro/,Операционный масштаб и B2B/B2C модель,MEDIUM,2026-07-29,,,,,,,,,
GRM-056,E-367,Magnitof,бизнес-сигнал,2026-02-05,Систематизация и масштабирование продаж,"Вакансия руководителя отдела продаж описывает B2B и B2C, внедрение KPI, стандартов, аналитики конверсии, среднего чека и маржинальности, развитие каналов и прямое взаимодействие с собственником",HeadHunter,https://hh.ru/vacancy/130210715,Прямой S1-сигнал коммерческой трансформации,HIGH,2026-07-29,,,,,,,,,
GRM-056,E-368,Magnitof,контакты,2026-07-29,Корпоративные маршруты,"Официальный сайт публикует телефон +7 (495) 198-12-77, email info@magnitof.com, WhatsApp и Telegram",Magnitof,https://magnitof.pro/,Практический маршрут связи,HIGH,2026-07-29,,,,,,,,,
GRM-052,E-369,YURSUS,юридические данные,2026-07-30,ИП Гармаш Юрий Владимирович,"Действующий ИП: ИНН 540446068887, ОГРНИП 322547600048993, зарегистрирован 1 апреля 2022 года; основной вид деятельности — производство мебели для офисов и предприятий торговли",РБК Компании,https://companies.rbc.ru/persons/ogrnip/322547600048993-garmash-yurij-vladimirovich/,Действующая юридическая база,HIGH,2026-07-30,,,,,,,,,
GRM-052,E-370,YURSUS,статус и масштаб,2026-07-30,Реестр МСП,ИП действует и отнесён к категории микробизнеса; сведения ЕГРИП достоверны,Точка,https://check.tochka.com/company/322547600048993/,Статус бизнеса и масштаб,HIGH,2026-07-30,,,,,,,,,
GRM-052,E-371,YURSUS,собственник и ЛПР,2026-07-30,Юрий Гармаш — основатель YURSUS,Официальный сайт называет Юрия Гармаша основателем Сибирской фабрики мебели YURSUS; ИП зарегистрирован на его имя,YURSUS,https://www.yursus.ru/,Собственник и операционный ЛПР,HIGH,2026-07-30,,,,,,,,,
GRM-052,E-372,YURSUS,связь бренда и владельца,2025-12-12,Товарный знак YURSUS,Товарный знак YURSUS №1176576 зарегистрирован на Гармаша Юрия Владимировича,РБК Компании,https://companies.rbc.ru/trademark/1176576/yursus/,Связь бренда с владельцем,HIGH,2026-07-30,,,,,,,,,
GRM-052,E-373,YURSUS,операционный масштаб,2026-07-30,Производство и география,"Официальный сайт подтверждает производство полного цикла, современные станки с ЧПУ, мебель для дома, офисов и бизнеса, 500+ проектов и работу по России и СНГ",YURSUS,https://www.yursus.ru/,Операционный масштаб и B2B/B2C модель,MEDIUM,2026-07-30,,,,,,,,,
GRM-052,E-374,YURSUS,бизнес-сигнал,2026-01-26,Построение отдела продаж с нуля,"Вакансия описывает создание отдела B2B/B2C с нуля, стратегию каналов, Битрикс24, воронку, KPI, LTV, конверсию, ключевых клиентов и прямую работу с собственником",HeadHunter,https://novosibirsk.hh.ru/vacancy/129853833,Прямой S1-сигнал коммерческой трансформации,HIGH,2026-07-30,,,,,,,,,
GRM-052,E-375,YURSUS,контакты,2026-07-30,Корпоративные маршруты,"Официальный сайт публикует телефоны +7 913 605-15-69 и +7 923 107-01-20, email yursus.mebel@yandex.ru и форму связи; 2ГИС подтверждает Telegram, VK и WhatsApp",YURSUS / 2ГИС,https://www.yursus.ru/; https://2gis.ru/novosibirsk/firm/70000001064721876,Практический маршрут связи,HIGH,2026-07-30,,,,,,,,,
GRM-077,E-376,Алтайский заготовитель,юридические данные,2026-07-30,ООО «ЦВЕТ ЛЕТА»,"Действующее ООО: ИНН 2222875776, ОГРН 1192225014629, зарегистрировано 19 апреля 2019 года",РБК Компании,https://companies.rbc.ru/id/1192225014629-obschestvo-s-ogranichennoj-otvetstvennostyu-tsvet-leta/,Действующая юридическая база,HIGH,2026-07-30,,,,,,,,,
GRM-077,E-377,Алтайский заготовитель,собственник и ЛПР,2026-07-30,Денис Коростелев — собственник и директор,Коростелев Денис Владиславович указан директором и единственным учредителем с долей 100%,РБК Компании,https://companies.rbc.ru/id/1192225014629-obschestvo-s-ogranichennoj-otvetstvennostyu-tsvet-leta/,Собственник и операционный ЛПР,HIGH,2026-07-30,,,,,,,,,
GRM-077,E-378,Алтайский заготовитель,связь бренда и юрлица,2026-07-30,Товарный знак «АЛТАЙСКИЙ ЗАГОТОВИТЕЛЬ»,Товарный знак №895122 зарегистрирован на ООО «ЦВЕТ ЛЕТА»,РБК Компании,https://companies.rbc.ru/trademark/895122/altajskij-zagotovitel/,Связь бренда с юрлицом,HIGH,2026-07-30,,,,,,,,,
GRM-077,E-379,Алтайский заготовитель,финансовый масштаб,2025-12-31,Финансовые показатели 2025,"Выручка 196,793 млн ₽, чистая прибыль 27,079 млн ₽; выручка выросла на 1,66% к 2024 году",B2B.house,https://b2b.house/company/OOO-CVET-LETA_b28648c0-58b6-4e19-a8ce-47493e975d21/,Финансовый масштаб и прибыльность,MEDIUM,2026-07-30,,,,,,,,,
GRM-077,E-380,Алтайский заготовитель,операционный масштаб,2026-07-30,Контрактное производство СТМ,"Официальный сайт заявляет производство с 2015 года, 50+ сотрудников, 95+ готовых рецептур и запуск продукта за 14 дней",Алтайский заготовитель,https://stm.apteka-altai.ru/,Операционный масштаб и производственная модель,HIGH,2026-07-30,,,,,,,,,
GRM-077,E-381,Алтайский заготовитель,бизнес-сигнал,2026-01-20,Масштабирование продаж на маркетплейсах,"Вакансия описывает систематизацию и масштабирование Wildberries, Ozon и Яндекс Маркета, ответственность за выручку, валовую прибыль, маржинальность, unit-экономику SKU, рекламный ROI и команду 3–5 человек; предусмотрено прямое взаимодействие с собственником",HeadHunter,https://hh.ru/vacancy/129388823,Прямой S1-сигнал коммерческой трансформации,HIGH,2026-07-30,,,,,,,,,
GRM-077,E-382,Алтайский заготовитель,контакты,2026-07-30,Корпоративные маршруты,"Официальные сайты публикуют телефоны 8 (800) 550-24-01, +7 (983) 175-39-80, +7 (960) 960-49-86, email info@apteka-altai.ru и opt@apteka-altai.ru, формы, WhatsApp, Telegram и WeChat",Алтайский заготовитель,https://apteka-altai.ru/contacts/; https://stm.apteka-altai.ru/; https://opt.apteka-altai.ru/,Практический маршрут связи,HIGH,2026-07-30,,,,,,,,,
GRM-074,E-383,НИЦ ОБСК,юридические данные,2026-07-30,ООО «НИЦ ОБСК»,"Действующее ООО: ИНН 7726348337, ОГРН 1157746718491, зарегистрировано 5 августа 2015 года",РБК Компании,https://companies.rbc.ru/id/1157746718491-ooo-nauchno-issledovatelskij-tsentr-obespecheniya-bezopasnosti-stroitelnogo-kompleksa/,Действующая юридическая база,HIGH,2026-07-30,,,,,,,,,
GRM-074,E-384,НИЦ ОБСК,собственник и ЛПР,2026-07-30,Михаел Акопян — собственник и директор,Акопян Михаел Камоевич указан генеральным директором и единственным учредителем с долей 100%,РБК Компании,https://companies.rbc.ru/id/1157746718491-ooo-nauchno-issledovatelskij-tsentr-obespecheniya-bezopasnosti-stroitelnogo-kompleksa/,Собственник и операционный ЛПР,HIGH,2026-07-30,,,,,,,,,
GRM-074,E-385,НИЦ ОБСК,связь бренда и юрлица,2026-07-30,Реквизиты официального сайта,"Официальный сайт публикует полное название ООО, ИНН 7726348337 и юридический адрес",НИЦ ОБСК,https://www.obsk-center.ru/kontakty/,Связь бренда с юрлицом,HIGH,2026-07-30,,,,,,,,,
GRM-074,E-386,НИЦ ОБСК,финансовый масштаб,2024-12-31,Финансовые показатели 2024,"Выручка 39,552 млн ₽, чистая прибыль 2,259 млн ₽",РБК Компании,https://companies.rbc.ru/id/1157746718491-ooo-nauchno-issledovatelskij-tsentr-obespecheniya-bezopasnosti-stroitelnogo-kompleksa/,Финансовый масштаб и прибыльность,HIGH,2026-07-30,,,,,,,,,
GRM-074,E-387,НИЦ ОБСК,операционный масштаб,2026-07-30,Около 75 000 выпускников,"Официальный сайт заявляет около 75 000 выпускников, широкий каталог программ и работу по всей России",НИЦ ОБСК,https://www.obsk-center.ru/about-company/,Операционный масштаб и федеральная география,HIGH,2026-07-30,,,,,,,,,
GRM-074,E-388,НИЦ ОБСК,бизнес-сигнал,2026-01-28,Перестройка системы продаж,"Вакансия требует диагностики процессов и воронки, построения или радикального улучшения системы продаж, KPI, команды, ключевых сделок и повторных продаж; предусмотрен прямой диалог с собственником",HeadHunter,https://hh.ru/vacancy/129976330,Прямой S1-сигнал коммерческой трансформации,HIGH,2026-07-30,,,,,,,,,
GRM-074,E-389,НИЦ ОБСК,контакты,2026-07-30,Корпоративные маршруты,"Официальный сайт публикует телефоны 8 800 550-34-39 и 8 (499) 702-48-85, email info@obsk-center.ru, форму «Написать директору» и форму обратной связи",НИЦ ОБСК,https://www.obsk-center.ru/kontakty/,Практический маршрут связи,HIGH,2026-07-30,,,,,,,,,
GRM-069,E-390,Лесоруб Бани,юридические данные,2026-07-30,Реквизиты ИП,"Официальный сайт публикует ИП Заречный Дмитрий Сергеевич, ИНН 544591907648 и ОГРНИП 319547600023547",Лесоруб Бани,https://lesorub-bani.ru/contacts,Юридическая база и реквизиты,HIGH,2026-07-30,,,,,,,,,
GRM-069,E-391,Лесоруб Бани,собственник и ЛПР,2026-07-30,Дмитрий Заречный — владелец ИП,Бренд работает на ИП Заречного Дмитрия Сергеевича; он является собственником и операционным ЛПР,Лесоруб Бани,https://lesorub-bani.ru/contacts,Собственник и ЛПР,HIGH,2026-07-30,,,,,,,,,
GRM-069,E-392,Лесоруб Бани,связь бренда и ИП,2026-07-30,Официальный сайт бренда,В подвале и разделе контактов официального сайта бренд «Лесоруб Бани» прямо связан с ИП Заречный Дмитрий Сергеевич,Лесоруб Бани,https://lesorub-bani.ru/,Связь бренда с юридической базой,HIGH,2026-07-30,,,,,,,,,
GRM-069,E-393,Лесоруб Бани,операционный масштаб,2026-07-30,Производство и несколько площадок,"Официальный сайт указывает собственное производство в Бердске, офисы в Новосибирске и Бердске, выставочные площадки в Новосибирске и Кемерово",Лесоруб Бани,https://lesorub-bani.ru/contacts,Операционный масштаб и география,HIGH,2026-07-30,,,,,,,,,
GRM-069,E-394,Лесоруб Бани,операционный масштаб,2026-07-30,Более 1200 покупателей,Отраслевой каталог компании заявляет более 1200 довольных покупателей и производство готовых бань под ключ,FIS.ru,https://lesorub-bani.fis.ru/,Рыночный масштаб и клиентская база,MEDIUM,2026-07-30,,,,,,,,,
GRM-069,E-395,Лесоруб Бани,бизнес-сигнал,2026-02-05,Переход к масштабируемой коммерческой системе,"Вакансия коммерческого директора указывает рост x2 по ключевым показателям, присутствие в трёх городах и задачу перехода к управляемой масштабируемой коммерческой системе с прямым взаимодействием с собственником",HeadHunter,https://novosibirsk.hh.ru/vacancy/129687086,Прямой S1-сигнал коммерческой трансформации,HIGH,2026-07-30,,,,,,,,,
GRM-069,E-396,Лесоруб Бани,контакты,2026-07-30,Корпоративные маршруты,"Официальный сайт публикует телефон +7 (903) 903-48-96, email bany-sib@yandex.ru, формы сайта и маршруты в мессенджеры",Лесоруб Бани,https://lesorub-bani.ru/contacts,Практический маршрут связи,HIGH,2026-07-30,,,,,,,,,
GRM-091,E-397,ЭКО Земли,юридические данные,2026-07-30,Реквизиты ИП,Официальный сайт публикует ИНН 781000523612 и ОГРНИП 305784723000120,ЭКО Земли,https://eko-zemli.ru/kontakti/,Юридическая база и реквизиты,HIGH,2026-07-30,,,,,,,,,
GRM-091,E-398,ЭКО Земли,собственник и ЛПР,2026-07-30,Кобзев Олег Владимирович — владелец ИП,Открытые реестровые источники подтверждают действующий ИП Кобзев Олег Владимирович с теми же ИНН и ОГРНИП,РБК Компании,https://companies.rbc.ru/persons/ogrnip/305784723000120-kobzev-oleg-vladimirovich/,Собственник юридической базы и операционный ЛПР,HIGH,2026-07-30,,,,,,,,,
GRM-091,E-399,ЭКО Земли,связь бренда и ИП,2026-07-30,Политика обработки данных,Политика сайта прямо называет оператором ИП Кобзев О.В. с ИНН 781000523612 и ОГРНИП 305784723000120,ЭКО Земли,https://eko-zemli.ru/privacy-policy/,Связь бренда с юридической базой,HIGH,2026-07-30,,,,,,,,,
GRM-091,E-400,ЭКО Земли,операционный масштаб,2026-07-30,14 лет и 39 посёлков,"Официальный сайт заявляет 14 лет работы, 39 построенных посёлков, 2415 участков в продаже и присутствие в шести районах Подмосковья",ЭКО Земли,https://eko-zemli.ru/o-nas/,Операционный масштаб и география,HIGH,2026-07-30,,,,,,,,,
GRM-091,E-401,ЭКО Земли,бизнес-сигнал,2026-01-19,Время роста и запуск новых направлений,"Вакансия директора по развитию сообщает, что для бизнеса пришло время роста; требуется запускать новые направления, считать экономику, дорожные карты, бюджеты и метрики при прямом взаимодействии с собственником",HeadHunter,https://hh.ru/vacancy/129616788,Прямой S1-сигнал коммерческой трансформации,HIGH,2026-07-30,,,,,,,,,
GRM-091,E-402,ЭКО Земли,контакты,2026-07-30,Корпоративные маршруты,"Официальный сайт публикует телефон +7 (495) 492-64-98, email info@eko-zemli.ru и форму связи",ЭКО Земли,https://eko-zemli.ru/kontakti/,Практический маршрут связи,HIGH,2026-07-30,,,,,,,,,
GRM-091,E-403,ЭКО Земли,статус бизнеса,2026-07-30,Действующий ИП,"РБК Компании подтверждает действующий ИП Кобзев Олег Владимирович, зарегистрированный 18 августа 2005 года",РБК Компании,https://companies.rbc.ru/persons/ogrnip/305784723000120-kobzev-oleg-vladimirovich/,Действующий статус и длительность работы юридической базы,HIGH,2026-07-30,,,,,,,,,
GRM-024,E-404,MARROB,юридические данные,2026-07-30,Реквизиты ООО «МАРРОБ РУС»,"Официальный сайт публикует ООО «МАРРОБ РУС», ИНН 5032331540 и ОГРН 1215000079304",MARROB,https://marrob.ru/kontakty/,Юридическое лицо и реквизиты,HIGH,2026-07-30,,,,,,,,,
GRM-024,E-405,MARROB,статус бизнеса,2026-07-30,Действующее частное ООО,"РБК Компании подтверждает регистрацию 4 августа 2021 года, действующий статус и частную форму собственности",РБК Компании,https://companies.rbc.ru/id/1215000079304-obschestvo-s-ogranichennoj-otvetstvennostyu-marrob-rus/,Действующий статус и дата регистрации,HIGH,2026-07-30,,,,,,,,,
GRM-024,E-406,MARROB,собственник и ЛПР,2026-07-30,Шабалтас Наталья Анатольевна — собственник и директор,РБК Компании указывает Шабалтас Наталью Анатольевну генеральным директором и единственным учредителем с долей 100%,РБК Компании,https://companies.rbc.ru/id/1215000079304-obschestvo-s-ogranichennoj-otvetstvennostyu-marrob-rus/,Собственник и полномочный операционный ЛПР,HIGH,2026-07-30,,,,,,,,,
GRM-024,E-407,MARROB,финансовый масштаб,2026-07-30,Выручка и финансовый результат,"По данным бухгалтерской отчётности выручка за 2025 год составила 7,257 млн ₽ против 12,679 млн ₽ годом ранее; финансовый результат 2025 года — минус 450 тыс. ₽",РБК Компании,https://companies.rbc.ru/id/1215000079304-obschestvo-s-ogranichennoj-otvetstvennostyu-marrob-rus/,Финансовый масштаб и сигнал снижения,HIGH,2026-07-30,,,,,,,,,
GRM-024,E-408,MARROB,операционный масштаб,2026-07-30,Фасадные материалы и проектные продажи,"Официальный сайт подтверждает термопанели, облицовочный камень, фасадные системы, собственное производство клея, реализованные проекты и доставку в регионы через транспортные компании",MARROB,https://marrob.ru/o-nas/,Операционный масштаб и продуктовая модель,HIGH,2026-07-30,,,,,,,,,
GRM-024,E-409,MARROB,бизнес-сигнал,2026-02-05,Запуск отдела продаж с нуля,"Вакансия требует построить отдел продаж с нуля, внедрить CRM, воронку, скрипты, регламенты и КП, нанять команду и управлять конверсией, средним чеком и маржой при прямом взаимодействии с собственником",HeadHunter,https://hh.ru/vacancy/130209818,Прямой S1-сигнал коммерческой трансформации,HIGH,2026-07-30,,,,,,,,,
GRM-024,E-410,MARROB,контакты,2026-07-30,Корпоративные маршруты,"Официальная страница контактов публикует телефон +7 (916) 666-23-35, email info@marrob.ru и форму заявки",MARROB,https://marrob.ru/kontakty/,Практический маршрут связи,HIGH,2026-07-30,,,,,,,,,
GRM-070,E-411,Городская Ферма,юридические данные,2026-07-30,Реквизиты ООО «ГОРОДСКАЯ ФЕРМА»,"Официальный сайт публикует ООО «Городская ферма», ИНН 7723381960 и ОГРН 1157746213976",Городская Ферма,https://gorodskayaferma.ru/farm/,Юридическое лицо и связь бренда с реквизитами,HIGH,2026-07-30,,,,,,,,,
GRM-070,E-412,Городская Ферма,статус бизнеса,2026-07-30,Действующее частное ООО,Реестровый источник подтверждает регистрацию 19 марта 2015 года и действующий статус организации,Т-Банк,https://www.tbank.ru/business/contractor/legal/1157746213976/,Действующий статус и дата регистрации,HIGH,2026-07-30,,,,,,,,,
GRM-070,E-413,Городская Ферма,собственник и ЛПР,2026-07-30,Основной собственник и руководитель,"Т-Банк указывает Сааряна Тиграна Ашиковича владельцем 80%, АО «Конгломерат САДР» владельцем 20% и Нистратова Романа Валентиновича руководителем с 21 мая 2026 года",Т-Банк,https://www.tbank.ru/business/contractor/legal/1157746213976/,Собственник и полномочный операционный ЛПР,HIGH,2026-07-30,,,,,,,,,
GRM-070,E-414,Городская Ферма,финансовый масштаб,2026-07-30,Выручка и прибыль,"РБК Компании указывает выручку 187,355 млн ₽ и прибыль 14,504 млн ₽ за 2024 год; Т-Банк указывает выручку 205,61 млн ₽ и прибыль 9,53 млн ₽ за 2025 год",РБК Компании; Т-Банк,https://companies.rbc.ru/id/1157746213976-ooo-salkor/; https://www.tbank.ru/business/contractor/legal/1157746213976/,Финансовый масштаб,HIGH,2026-07-30,,,,,,,,,
GRM-070,E-415,Городская Ферма,операционный масштаб,2026-07-30,Семейный парк на территории 4 га,"Официальные и государственные источники подтверждают частный коммерческий парк на ВДНХ, территорию 4 га, 112 животных, образовательные и событийные программы; вакансия указывает около 140 000 посетителей ежегодно",Городская Ферма; Культура.РФ; HeadHunter,https://gorodskayaferma.ru/; https://www.culture.ru/institutes/64805/gorodskaya-ferma-na-vdnkh; https://hh.ru/vacancy/129528164,Операционный масштаб и клиентский поток,HIGH,2026-07-30,,,,,,,,,
GRM-070,E-416,Городская Ферма,бизнес-сигнал,2026-02-03,Запуск подписки и новой коммерческой системы,"Вакансия сообщает о запуске клубной подписки, цели увеличить посещаемость с 140 000 до 200 000 гостей в год и задаче построить новую систему продаж и маркетинга в прямой работе с собственником",HeadHunter,https://hh.ru/vacancy/129528164,Прямой S1-сигнал коммерческой трансформации,HIGH,2026-07-30,,,,,,,,,
GRM-070,E-417,Городская Ферма,контакты,2026-07-30,Корпоративные маршруты,"Официальная страница контактов публикует телефоны +7 (495) 968-31-28 и +7 (495) 589-15-74, email info@gorferma24.ru, заказ звонка и форму обратной связи",Городская Ферма,https://gorodskayaferma.ru/contacts/,Практический маршрут связи,HIGH,2026-07-30,,,,,,,,,
GRM-066,E-418,Литтек,юридические данные,2026-07-30,Реквизиты ООО «ЛИТТЕК»,"Официальная страница контактов публикует ООО «ЛИТТЕК», ИНН 7806523560 и ОГРН 1147847126162",Литтек,https://littek.ru/contacts,Связь бренда с юридическим лицом и реквизитами,HIGH,2026-07-30,,,,,,,,,
GRM-066,E-419,Литтек,статус бизнеса,2026-07-30,Действующее частное ООО,Реестровый источник указывает действующий статус организации на 11 июля 2026 года,РБК Компании,https://companies.rbc.ru/id/1147847126162-ooo-obschestvo-s-ogranichennoj-otvetstvennostyu-littek/,Действующий статус,HIGH,2026-07-30,,,,,,,,,
GRM-066,E-420,Литтек,собственник и ЛПР,2026-07-30,Собственник и генеральный директор,РБК Компании указывает Егорова Максимилиана Александровича единственным учредителем и генеральным директором,РБК Компании,https://companies.rbc.ru/id/1147847126162-ooo-obschestvo-s-ogranichennoj-otvetstvennostyu-littek/,Собственник и полномочный ЛПР,HIGH,2026-07-30,,,,,,,,,
GRM-066,E-421,Литтек,финансовый масштаб,2026-07-30,Выручка и прибыль за 2025 год,"РБК Компании указывает выручку 121,548 млн ₽ и прибыль 16,015 млн ₽ за 2025 год; выручка выросла с 80,563 млн ₽",РБК Компании,https://companies.rbc.ru/id/1147847126162-ooo-obschestvo-s-ogranichennoj-otvetstvennostyu-littek/,Финансовый масштаб и рост,HIGH,2026-07-30,,,,,,,,,
GRM-066,E-422,Литтек,операционный масштаб,2026-07-30,Собственная производственная база,"Официальный сайт подтверждает изготовление нестандартных РТИ, серийных изделий, опытных партий и образцов на собственной производственной базе",Литтек,https://littek.ru/,Производственный и B2B-операционный масштаб,HIGH,2026-07-30,,,,,,,,,
GRM-066,E-423,Литтек,бизнес-сигнал,2026-02-05,Рост и реорганизация B2B-продаж,"Вакансия руководителя B2B-продаж указывает задачи вывода отдела на рост x2, автоматизации или реорганизации продаж и прямое взаимодействие с собственником",HeadHunter,https://spb.hh.ru/vacancy/130055246,Прямой S1-сигнал коммерческой трансформации,HIGH,2026-07-30,,,,,,,,,
GRM-066,E-424,Литтек,контакты,2026-07-30,Корпоративные маршруты,"Официальная страница публикует телефон +7 (812) 509-58-70, email отдела продаж littek@yandex.ru, информационный email info@littek.ru и форму связи",Литтек,https://littek.ru/contacts,Практический маршрут связи,HIGH,2026-07-30,,,,,,,,,
GRM-077,E-425,Алтайский заготовитель,юридические данные,2026-07-30,Реквизиты ООО «ЦВЕТ ЛЕТА»,Официальный B2B-сайт публикует ИНН 2222875776 и ОГРН 1192225014629; пользовательское соглашение связывает сайт бренда с ООО «ЦВЕТ ЛЕТА»,Алтайский заготовитель,https://opt.apteka-altai.ru/; https://apteka-altai.ru/conditions/,Связь бренда с юридическим лицом и реквизитами,HIGH,2026-07-30,,,,,,,,,
GRM-077,E-426,Алтайский заготовитель,статус бизнеса,2026-07-30,Действующее частное ООО,"Реестровые источники указывают действующий статус ООО «ЦВЕТ ЛЕТА», дату регистрации 19.04.2019, ИНН и ОГРН",РБК Компании,https://companies.rbc.ru/id/1192225014629-obschestvo-s-ogranichennoj-otvetstvennostyu-tsvet-leta/,Действующий статус,HIGH,2026-07-30,,,,,,,,,
GRM-077,E-427,Алтайский заготовитель,собственник и ЛПР,2026-07-30,Собственник и директор,РБК Компании указывает Коростелева Дениса Владиславовича директором и единственным учредителем с долей 100%,РБК Компании,https://companies.rbc.ru/id/1192225014629-obschestvo-s-ogranichennoj-otvetstvennostyu-tsvet-leta/,Собственник и полномочный ЛПР,HIGH,2026-07-30,,,,,,,,,
GRM-077,E-428,Алтайский заготовитель,финансовый масштаб,2026-07-30,Выручка и прибыль,"За 2025 год выручка составила 196,793 млн ₽, чистая прибыль 27,079 млн ₽; за 2024 год выручка составляла 193,572 млн ₽",B2B.House,https://b2b.house/company/OOO-CVET-LETA_b28648c0-58b6-4e19-a8ce-47493e975d21/,Финансовый масштаб и устойчивость,HIGH,2026-07-30,,,,,,,,,
GRM-077,E-429,Алтайский заготовитель,операционный масштаб,2026-07-30,Производство и СТМ,"Официальный СТМ-сайт заявляет 50+ сотрудников, 95+ готовых рецептур, собственное производство и запуск продукта под брендом клиента за 14 дней",Алтайский заготовитель,https://stm.apteka-altai.ru/,Производственный и операционный масштаб,HIGH,2026-07-30,,,,,,,,,
GRM-077,E-430,Алтайский заготовитель,бизнес-сигнал,2026-01-23,Систематизация и масштабирование маркетплейсов,"Вакансия руководителя продаж на маркетплейсах указывает этап систематизации и масштабирования, ответственность за выручку, валовую прибыль, маржинальность, unit-экономику, SKU и прямое взаимодействие с собственником",HeadHunter,https://hh.ru/vacancy/129388823,Прямой S1-сигнал коммерческой трансформации,HIGH,2026-07-30,,,,,,,,,
GRM-077,E-431,Алтайский заготовитель,контакты,2026-07-30,Корпоративные маршруты,"Официальные сайты публикуют телефоны 8 (800) 550-24-01, +7 (983) 175-39-80, +7 (960) 960-49-86, email info@apteka-altai.ru и opt@apteka-altai.ru, формы связи, WhatsApp и Telegram",Алтайский заготовитель,https://apteka-altai.ru/; https://opt.apteka-altai.ru/; https://stm.apteka-altai.ru/,Практический маршрут связи,HIGH,2026-07-30,,,,,,,,,
GRM-096,E-432,Зубы за один день,юридические данные,2026-07-30,Реквизиты московской клиники,"Официальный сайт публикует ООО «МАРКСИСТСКАЯ - ЗУБЫ ЗА ОДИН ДЕНЬ», ИНН 9709102305 и ОГРН 1237700814438",Зубы за один день,https://zubyza1den.com/,Связь бренда с действующим юридическим лицом,HIGH,2026-07-30,,,,,,,,,
GRM-096,E-433,Зубы за один день,статус бизнеса,2026-07-30,Действующее частное ООО,"Реестровые источники подтверждают действующий статус московского ООО, регистрацию 23.11.2023, ИНН и ОГРН",РБК Компании,https://companies.rbc.ru/id/1237700814438-ooo-ooo-marksistskaya-zubyi-za-odin-den/,Действующий статус,HIGH,2026-07-30,,,,,,,,,
GRM-096,E-434,Зубы за один день,собственник и ЛПР,2026-07-30,Собственник и руководитель,Реестровый источник указывает Кудаева Залима Валерьевича единственным учредителем московского ООО и Ширяеву Наталью Ивановну руководителем,Т-Банк Бизнес,https://www.tbank.ru/business/contractor/legal/1237700814438/,Собственник и полномочный ЛПР,HIGH,2026-07-30,,,,,,,,,
GRM-096,E-435,Зубы за один день,операционный масштаб,2026-07-30,Федеральная сеть клиник,"Официальный сайт перечисляет клиники и юридические лица в Москве, Краснодаре, Ростове-на-Дону, Санкт-Петербурге, Сочи, Воронеже и Тюмени",Зубы за один день,https://zubyza1den.com/,Сетевой и географический масштаб,HIGH,2026-07-30,,,,,,,,,
GRM-096,E-436,Зубы за один день,операционный масштаб,2026-07-30,Пациентский поток и операции,"Публичные материалы сети указывают 7–8 клиник, 8000+ операций по All-on-4 и десятки тысяч пациентов; показатели используются только как масштаб бренда, а не финансовая отчётность отдельного ООО",Официальный сайт и РБК Компании,https://zubyza1den.com/; https://companies.rbc.ru/okved/86.23/,Операционный масштаб сети,MEDIUM,2026-07-30,,,,,,,,,
GRM-096,E-437,Зубы за один день,бизнес-сигнал,2026-01-27,Коммерческая система для экспансии,"Вакансия коммерческого директора указывает ответственность за продажи, маркетинг, P&L и unit-экономику, цель роста с 7 до 50 филиалов и прямое взаимодействие с собственником",HeadHunter,https://hh.ru/vacancy/129907342,Прямой S1-сигнал коммерческой трансформации,HIGH,2026-07-30,,,,,,,,,
GRM-096,E-438,Зубы за один день,контакты,2026-07-30,Центральные корпоративные маршруты,"Официальный сайт публикует телефон 8 (800) 700-79-51, email kt@zzd24.ru и формы записи; HH предоставляет маршрут через вакансии руководителей",Зубы за один день,https://zubyza1den.com/; https://hh.ru/vacancy/129907342,Практический маршрут связи,HIGH,2026-07-30,,,,,,,,,
GRM-056,E-439,Magnitof,юридические данные,2026-07-30,Реквизиты бренда,"Официальный сайт публикует ООО «МАГНИТОФ», ИНН 9723261402 и ОГРН 1257700430250",Magnitof,https://magnitof.com/,Связь бренда с юридическим лицом,HIGH,2026-07-30,,,,,,,,,
GRM-056,E-440,Magnitof,статус бизнеса,2026-07-30,Действующее ООО,"Реестровые источники подтверждают регистрацию ООО 29.09.2025, действующий статус, ИНН и ОГРН",РБК Компании,https://companies.rbc.ru/id/1257700430250-ooo-magnitof/,Действующий статус,HIGH,2026-07-30,,,,,,,,,
GRM-056,E-441,Magnitof,собственник и ЛПР,2026-07-30,Учредитель и директор,Реестровые источники указывают Манучарян Рузанну Серёжаевну учредителем 100% и Григоряна Карена Робертовича генеральным директором,Xfirm,https://xfirm.ru/company/9723261402,Собственник и полномочный ЛПР,HIGH,2026-07-30,,,,,,,,,
GRM-056,E-442,Magnitof,бренд и собственник,2025-06-10,Товарный знак MAGNITOF,Товарный знак MAGNITOF зарегистрирован за Григоряном Кареном Робертовичем,РБК Компании,https://companies.rbc.ru/trademark/1122978/magnitof/,Связь операционного ЛПР с брендом,HIGH,2026-07-30,,,,,,,,,
GRM-056,E-443,Magnitof,операционный масштаб,2026-07-30,Ассортимент и география,"Официальный сайт заявляет 12 лет работы, оптовые и розничные продажи, доставку по России и более 400 видов продукции",Magnitof,https://magnitof.com/; https://magnitof.pro/,Операционный масштаб,MEDIUM,2026-07-30,,,,,,,,,
GRM-056,E-444,Magnitof,бизнес-сигнал,2026-02-05,Систематизация и масштабирование продаж,"Вакансия РОП фиксирует задачи по KPI, скриптам, отчётности, конверсии, среднему чеку, маржинальности, развитию каналов и прямому взаимодействию с собственником",HeadHunter,https://hh.ru/vacancy/130210715,Прямой S1-сигнал коммерческой трансформации,HIGH,2026-07-30,,,,,,,,,
GRM-056,E-445,Magnitof,контакты,2026-07-30,Корпоративные маршруты,"Официальный сайт публикует телефоны, email, форму заявки и WhatsApp; HH даёт маршрут через вакансию",Magnitof,https://magnitof.com/; https://hh.ru/vacancy/130210715,Практический маршрут связи,HIGH,2026-07-30,,,,,,,,,
GRM-047,E-446,АЙБИПИ,юридические данные,2026-07-30,Реквизиты бренда,"Официальный сайт публикует ООО «АЙБИПИ», ИНН 7730595201 и ОГРН 1097760004946",АЙБИПИ,https://aibipi.ru/kontakty,Связь бренда с юридическим лицом,HIGH,2026-07-30,,,,,,,,,
GRM-047,E-447,АЙБИПИ,статус бизнеса,2026-07-30,Действующее ООО,"РБК Компании подтверждает регистрацию 11.01.2009, действующий статус, ИНН и ОГРН",РБК Компании,https://companies.rbc.ru/id/1097760004946-ooo-oksimat/,Действующий статус,HIGH,2026-07-30,,,,,,,,,
GRM-047,E-448,АЙБИПИ,собственник и ЛПР,2026-07-30,Собственник и генеральный директор,Реестровый источник указывает Иванова Виктора Константиновича генеральным директором и учредителем с долей 100%; официальный сайт называет его генеральным директором,РБК Компании и АЙБИПИ,https://companies.rbc.ru/id/1097760004946-ooo-oksimat/; https://aibipi.ru/o-kompanii,Собственник и полномочный ЛПР,HIGH,2026-07-30,,,,,,,,,
GRM-047,E-449,АЙБИПИ,финансовый масштаб,2024,Выручка и прибыль,"Бухгалтерская отчётность: выручка 349,667 млн ₽, чистая прибыль 13,059 млн ₽ за 2024 год",РБК Компании,https://companies.rbc.ru/amp/ogrn/1097760004946/,Финансовый масштаб,HIGH,2026-07-30,,,,,,,,,
GRM-047,E-450,АЙБИПИ,операционный масштаб,2026-07-30,Производство и проекты,"Официальный сайт заявляет более 10 лет работы, собственное производство более 4000 м², 300+ реализованных проектов и 100+ крупных клиентов",АЙБИПИ,https://aibipi.ru/o-kompanii,Операционный масштаб,MEDIUM,2026-07-30,,,,,,,,,
GRM-047,E-451,АЙБИПИ,бизнес-сигнал,2026-01-22,Коммерческий директор и масштабирование,"Вакансия коммерческого директора фиксирует прямую коммуникацию с собственником, влияние на стратегию и работу команды на рост и масштабирование; отдельная вакансия подтверждает расширение продаж",HeadHunter,https://hh.ru/vacancy/129774536; https://hh.ru/vacancy/129960963,Прямой S1-сигнал коммерческой трансформации,HIGH,2026-07-30,,,,,,,,,
GRM-047,E-452,АЙБИПИ,контакты,2026-07-30,Корпоративные маршруты,"Официальный сайт публикует телефоны, email, форму заявки и Telegram; вакансии дают дополнительный маршрут через HH",АЙБИПИ и HeadHunter,https://aibipi.ru/kontakty; https://aibipi.ru/rekvizity/; https://hh.ru/vacancy/129774536,Практический маршрут связи,HIGH,2026-07-30,,,,,,,,,
GRM-040,E-453,ЭНЕРГОПУСК,юридические данные,2026-07-30,Реквизиты бренда,"Официальный сайт публикует ООО «ЭНЕРГОПУСК», ИНН 7721547346 и ОГРН 1067746137381",ЭНЕРГОПУСК,https://epusk.ru/company/,Связь бренда с юридическим лицом,HIGH,2026-07-30,,,,,,,,,
GRM-040,E-454,ЭНЕРГОПУСК,статус бизнеса,2026-07-30,Действующее ООО,"РБК Компании подтверждает регистрацию 26.01.2006, действующий статус, ИНН и ОГРН",РБК Компании,https://companies.rbc.ru/id/1067746137381-ooo-energopusk/,Действующий статус,HIGH,2026-07-30,,,,,,,,,
GRM-040,E-455,ЭНЕРГОПУСК,собственник и ЛПР,2026-07-30,Собственник и генеральный директор,Реестровый источник указывает Яковлева Александра Вячеславовича генеральным директором и единственным учредителем с долей 100%,РБК Компании,https://companies.rbc.ru/id/1067746137381-ooo-energopusk/,Собственник и полномочный ЛПР,HIGH,2026-07-30,,,,,,,,,
GRM-040,E-456,ЭНЕРГОПУСК,финансовый масштаб,2025,Выручка и прибыль,"Бухгалтерская отчётность: выручка 176,433 млн ₽, прибыль 128 тыс. ₽ за 2025 год; среднесписочная численность 13 сотрудников",РБК Компании,https://companies.rbc.ru/id/1067746137381-ooo-energopusk/,Финансовый масштаб и низкая чистая маржа,HIGH,2026-07-30,,,,,,,,,
GRM-040,E-457,ЭНЕРГОПУСК,операционный масштаб,2026-07-30,География и коммерческая инфраструктура,"Официальный сайт сообщает о работе с 2006 года, двух офисах продаж в Москве и Чебоксарах и отгрузке товара в 32 городах России",ЭНЕРГОПУСК,https://epusk.ru/company/,Операционный масштаб,MEDIUM,2026-07-30,,,,,,,,,
GRM-040,E-458,ЭНЕРГОПУСК,бизнес-сигнал,2026-01-10,Рост прибыли и управляемость продаж,"Вакансия руководителя продаж фиксирует цель устойчиво растить прибыль и повысить управляемость коммерческого контура через воронку, KPI, CRM/1С, маржинальность, дебиторку, ассортимент, поставщиков и развитие каналов; найм ведётся вместе с собственником",HeadHunter,https://hh.ru/vacancy/129214758,Прямой S1-сигнал коммерческой трансформации,HIGH,2026-07-30,,,,,,,,,
GRM-040,E-459,ЭНЕРГОПУСК,контакты,2026-07-30,Корпоративные маршруты,"Официальный сайт публикует московский и федеральный телефоны, email, форму заказа звонка и быстрый запрос; региональный сайт подтверждает офис в Чебоксарах; вакансия даёт дополнительный маршрут через HH",ЭНЕРГОПУСК и HeadHunter,https://epusk.ru/contacts/; https://cheboksary.epusk.ru/; https://hh.ru/vacancy/129214758,Практический маршрут связи,HIGH,2026-07-30,,,,,,,,,
GRM-052,E-460,YURSUS / Сибирская фабрика мебели,юридические данные,2026-07-30,ИП и реквизиты,"Реестровые источники подтверждают ИП Гармаш Юрий Владимирович, ИНН 540446068887, ОГРНИП 322547600048993 и основной ОКВЭД 31.01 — производство мебели для офисов и предприятий торговли",РБК Компании и Т-Банк,https://companies.rbc.ru/persons/ogrnip/322547600048993-garmash-yurij-vladimirovich/; https://www.tbank.ru/business/contractor/legal/322547600048993/,Действующее ИП и профиль деятельности,HIGH,2026-07-30,,,,,,,,,
GRM-052,E-461,YURSUS / Сибирская фабрика мебели,статус бизнеса,2026-07-30,Действующий предприниматель,"Реестровые источники указывают действующий статус ИП, регистрацию 01.04.2022 и категорию микробизнеса",РБК Компании и Т-Банк,https://companies.rbc.ru/persons/ogrnip/322547600048993-garmash-yurij-vladimirovich/; https://www.tbank.ru/business/contractor/legal/322547600048993/,Действующий статус,HIGH,2026-07-30,,,,,,,,,
GRM-052,E-462,YURSUS / Сибирская фабрика мебели,собственник и ЛПР,2026-07-30,Основатель бренда,Официальный сайт называет Юрия Гармаша основателем Сибирской фабрики мебели YURSUS; вакансия размещена от ИП Гармаш Юрий Владимирович,YURSUS и HeadHunter,https://yursus.ru/; https://novosibirsk.hh.ru/vacancy/129853833,Собственник и основной ЛПР,HIGH,2026-07-30,,,,,,,,,
GRM-052,E-463,YURSUS / Сибирская фабрика мебели,операционный масштаб,2026-07-30,Производство и проекты,"Официальный сайт заявляет производство полного цикла, современное ЧПУ-оборудование, 20+ лет опыта, 500+ проектов и работу по России и СНГ",YURSUS,https://yursus.ru/,Операционный масштаб,MEDIUM,2026-07-30,,,,,,,,,
GRM-052,E-464,YURSUS / Сибирская фабрика мебели,клиентский масштаб,2026-01-26,Корпоративные клиенты,"Профиль работодателя и вакансия указывают работу с частными и корпоративными клиентами по России, включая 2ГИС, SHIK, Горчицу, CrosbyCoffee и ProSchool",HeadHunter,https://novosibirsk.hh.ru/employer/10228321; https://novosibirsk.hh.ru/vacancy/129853820,B2B-направление и география,MEDIUM,2026-07-30,,,,,,,,,
GRM-052,E-465,YURSUS / Сибирская фабрика мебели,бизнес-сигнал,2026-01-26,Создание отдела продаж с нуля,Вакансия руководителя отдела продаж прямо фиксирует задачу создания отдела продаж с нуля на мебельной фабрике,HeadHunter,https://novosibirsk.hh.ru/vacancy/129853833,Прямой S1-сигнал коммерческой систематизации,HIGH,2026-07-30,,,,,,,,,
GRM-052,E-466,YURSUS / Сибирская фабрика мебели,контакты,2026-07-30,Корпоративные маршруты,"Официальный сайт публикует два телефона, корпоративный email и форму связи; 2ГИС подтверждает карточку фабрики и мессенджеры; HH даёт маршрут через вакансию",YURSUS / 2ГИС / HeadHunter,https://yursus.ru/; https://2gis.ru/novosibirsk/firm/70000001064721876; https://novosibirsk.hh.ru/vacancy/129853833,Практический маршрут связи,HIGH,2026-07-30,,,,,,,,,
GRM-053,E-467,Estore creating,юридические данные,2026-07-30,Юрлицо и реквизиты,ООО «ИСТОР КРИЭЙТИНГ» зарегистрировано 17.04.2020; ИНН 5074063660; ОГРН 1205000034854; юридический адрес в Подольске,РБК Компании и Точка,https://companies.rbc.ru/id/1205000034854-obschestvo-s-ogranichennoj-otvetstvennostyu-istor-kriejting/; https://check.tochka.com/company/1205000034854/,Действующее юрлицо и реквизиты,HIGH,2026-07-30,,,,,,,,,
GRM-053,E-468,Estore creating,статус бизнеса,2026-07-30,Действующая компания,Реестровые источники указывают действующий статус и категорию микробизнеса,РБК Компании и Точка,https://companies.rbc.ru/id/1205000034854-obschestvo-s-ogranichennoj-otvetstvennostyu-istor-kriejting/; https://check.tochka.com/company/1205000034854/,Действующий статус,HIGH,2026-07-30,,,,,,,,,
GRM-053,E-469,Estore creating,собственник и ЛПР,2026-07-30,Единственный учредитель и директор,Шавырин Алексей Геннадьевич указан единственным учредителем с долей 100% и генеральным директором,РБК Компании и Точка,https://companies.rbc.ru/id/1205000034854-obschestvo-s-ogranichennoj-otvetstvennostyu-istor-kriejting/; https://check.tochka.com/company/1205000034854/,Собственник и основной ЛПР,HIGH,2026-07-30,,,,,,,,,
GRM-053,E-470,Estore creating,связь бренда и юрлица,2026-07-30,Профиль работодателя,HeadHunter публикует работодателя под названием Estore creating (ООО Истор Криэйтинг) и описывает бизнес по созданию и выводу товарных брендов,HeadHunter,https://hh.ru/employer/9208283,Связь бренда с юрлицом,HIGH,2026-07-30,,,,,,,,,
GRM-053,E-471,Estore creating,операционный масштаб,2026-02-04,Заявленная выручка и ассортимент,В вакансии указана специализация на спортивных товарах и товарах для дома и текущая месячная выручка порядка 7 млн ₽,HeadHunter,https://hh.ru/vacancy/129793684,Операционный масштаб,MEDIUM,2026-07-30,,,,,,,,,
GRM-053,E-472,Estore creating,бизнес-сигнал,2026-02-04,Систематизация продаж маркетплейсов,"Вакансия руководителя продаж фиксирует задачи стратегического планирования, управления метриками и командой и работу напрямую с собственником; мотивация связана с прибылью",HeadHunter,https://hh.ru/vacancy/129793684,Прямой S1-сигнал,HIGH,2026-07-30,,,,,,,,,
GRM-053,E-473,Estore creating,контакты,2026-07-30,Корпоративный маршрут,HeadHunter предоставляет маршрут через вакансию и профиль работодателя; он сохранён только как корпоративный канал с просьбой передать сообщение собственнику,HeadHunter,https://hh.ru/vacancy/129793684; https://hh.ru/employer/9208283,Практический маршрут связи,MEDIUM,2026-07-30,,,,,,,,,
GRM-055,E-474,RIEN / NE SHALI,юридические данные,2026-07-30,ИП и реквизиты,ИП Гафурова Замира Абдулазизовна зарегистрирован 13.11.2023; ИНН 380416932771; ОГРНИП 323774600747111; основной вид деятельности — интернет-торговля,РБК Компании,https://companies.rbc.ru/persons/ogrnip/323774600747111-gafurova-zamira-abdulazizovna/,Действующий ИП и реквизиты,HIGH,2026-07-30,,,,,,,,,
GRM-055,E-475,RIEN / NE SHALI,статус бизнеса,2026-07-30,Действующий предприниматель,Реестровый источник подтверждает действующий статус и регистрацию в Удмуртской Республике,РБК Компании,https://companies.rbc.ru/persons/ogrnip/323774600747111-gafurova-zamira-abdulazizovna/,Действующий статус,HIGH,2026-07-30,,,,,,,,,
GRM-055,E-476,RIEN / NE SHALI,собственник и ЛПР,2026-07-30,Собственник бизнеса,Форма ИП и вакансия работодателя подтверждают Замиру Гафурову как собственника и основного ЛПР; вакансия предусматривает прямую работу с собственником,РБК Компании и HeadHunter,https://companies.rbc.ru/persons/ogrnip/323774600747111-gafurova-zamira-abdulazizovna/; https://hh.ru/vacancy/130170775,Собственник и основной ЛПР,HIGH,2026-07-30,,,,,,,,,
GRM-055,E-477,RIEN / NE SHALI,связь бренда и владельца,2026-07-30,Товарные знаки RIEN и NE SHALI,Товарные знаки RIEN и NE SHALI зарегистрированы за Гафуровой Замирой Абдулазизовной,РБК Компании,https://companies.rbc.ru/trademark/1151074/rien/; https://companies.rbc.ru/trademark/1176662/ne-shali/,Связь брендов с владельцем,HIGH,2026-07-30,,,,,,,,,
GRM-055,E-478,RIEN / NE SHALI,операционный масштаб,2026-02-04,Заявленная выручка и команда,"В вакансии указана ежемесячная выручка порядка 15 млн ₽, специализация на товарах для дома и штат из двух сотрудников",HeadHunter,https://hh.ru/vacancy/130170775,Операционный масштаб,MEDIUM,2026-07-30,,,,,,,,,
GRM-055,E-479,RIEN / NE SHALI,бизнес-сигнал,2026-02-04,Масштабирование маркетплейсов,"Вакансия фиксирует цель роста на 10% в месяц, создание команды продаж, управление ключевыми метриками, конверсиями, рекламой и выводом новых товаров; работа напрямую с собственником",HeadHunter,https://hh.ru/vacancy/130170775,Прямой S1-сигнал,HIGH,2026-07-30,,,,,,,,,
GRM-055,E-480,RIEN / NE SHALI,контакты,2026-07-30,Корпоративный маршрут,HeadHunter предоставляет практический маршрут через вакансию работодателя; он сохранён только как корпоративный канал с просьбой передать сообщение собственнику,HeadHunter,https://hh.ru/vacancy/130170775,Практический маршрут связи,MEDIUM,2026-07-30,,,,,,,,,
GRM-103,E-481,Лапушкины Снеки,юридические данные,2026-07-30,ИП и реквизиты,ИП Лапушкин Сергей Андреевич; ИНН 540446415153; ОГРНИП 313547624900067; дата регистрации 06.09.2013; основной вид деятельности — производство сухарей и сухарных хлебобулочных изделий,БИФИТ Индикатор,https://indicator.bifit.ru/ui/report/540446415153,Действующий ИП и реквизиты,HIGH,2026-07-30,,,,,,,,,
GRM-103,E-482,Лапушкины Снеки,связь бренда и владельца,2026-07-30,Бренд и предприниматель,"Карточка производителя указывает бренд, официальный сайт, ИП Лапушкина Сергея Андреевича, ИНН и ОГРНИП",ProductCenter,https://productcenter.ru/producers/38918/lapushkiny-snieki,Связь бренда с ИП,HIGH,2026-07-30,,,,,,,,,
GRM-103,E-483,Лапушкины Снеки,собственник и ЛПР,2026-07-30,Семейный бизнес и основатели,"Официальный сайт сообщает, что семейный бизнес основан Сергеем и Татьяной Лапушкиными в 2009 году; действующий ИП Сергея Лапушкина подтверждает основной юридический и управленческий контур",Официальный сайт и БИФИТ Индикатор,https://лапушкины.рф/; https://indicator.bifit.ru/ui/report/540446415153,Собственник и основной ЛПР,HIGH,2026-07-30,,,,,,,,,
GRM-103,E-484,Лапушкины Снеки,операционный масштаб,2026-07-30,География и заказы,"Официальный сайт заявляет 15 лет на рынке, 40+ городов поставок, 10 000+ выполненных заказов, собственное производство и работу по России и СНГ",Официальный сайт,https://лапушкины.рф/,Операционный масштаб,HIGH,2026-07-30,,,,,,,,,
GRM-103,E-485,Лапушкины Снеки,операционный масштаб,2026-02-09,Клиентская база и мощности,"В вакансии указаны более 90 клиентов по России, 90% клиентской базы — дистрибьюторы и оптовые компании, а производственные мощности позволяют увеличить объём в два раза",HeadHunter,https://novosibirsk.hh.ru/vacancy/130262807,Масштаб и потенциал роста,MEDIUM,2026-07-30,,,,,,,,,
GRM-103,E-486,Лапушкины Снеки,бизнес-сигнал,2026-02-09,Удвоение оптовой клиентской базы,"Компания ищет руководителя продаж для развития оптового направления, построения сети дистрибьюторов, формирования команды и мотивации; указана личная работа напрямую с собственником",HeadHunter,https://novosibirsk.hh.ru/vacancy/130262807,Прямой S1-сигнал,HIGH,2026-07-30,,,,,,,,,
GRM-103,E-487,Лапушкины Снеки,контакты,2026-07-30,Корпоративные маршруты,"Официальный сайт публикует телефон и форму связи; ProductCenter публикует корпоративный телефон, WhatsApp и email; HH предоставляет дополнительный маршрут через вакансию",Официальный сайт; ProductCenter; HeadHunter,https://лапушкины.рф/; https://productcenter.ru/producers/38918/lapushkiny-snieki; https://novosibirsk.hh.ru/vacancy/130262807,Практические маршруты связи,HIGH,2026-07-30,,,,,,,,,
GRM-054,E-488,Feliks Station Catering,юридические данные,2026-07-30,Юрлицо и реквизиты,ООО «ФОРЕВЕНТ»; ИНН 7727530444; ОГРН 1047797038079; организация действует с 24.12.2004,РБК Компании,https://companies.rbc.ru/id/1047797038079-obschestvo-s-ogranichennoj-otvetstvennostyu-forevent/,Действующее юрлицо и реквизиты,HIGH,2026-07-30,,,,,,,,,
GRM-054,E-489,Feliks Station Catering,связь бренда и юрлица,2026-07-30,Бренд и ООО,Публичная карточка Feliks Station Catering указывает ООО «Форевент» и ИНН 7727530444,Orgs.biz,https://felikstationcatering.orgs.biz/,Связь бренда с юрлицом,MEDIUM,2026-07-30,,,,,,,,,
GRM-054,E-490,Feliks Station Catering,собственник и ЛПР,2026-07-30,Собственник и директор,Единственный учредитель и руководитель ООО «ФОРЕВЕНТ» — Диденко Феликс Сергеевич,Т-Банк Бизнес,https://www.tbank.ru/business/contractor/legal/1047797038079/,Собственник и основной ЛПР,HIGH,2026-07-30,,,,,,,,,
GRM-054,E-491,Feliks Station Catering,финансовый масштаб,2026-07-30,Финансы 2025,"Выручка за 2025 год — 11,094 млн ₽; прибыль — 154 тыс. ₽",Т-Банк Бизнес,https://www.tbank.ru/business/contractor/legal/1047797038079/,Финансовый масштаб,HIGH,2026-07-30,,,,,,,,,
GRM-054,E-492,Feliks Station Catering,операционный масштаб,2026-07-30,Портфель и продукт,"Компания заявляет 35 гастрономических станций, более 1 500 мероприятий и общий опыт команды в event более 25 лет",Orgs.biz,https://felikstationcatering.orgs.biz/,Операционный масштаб,MEDIUM,2026-07-30,,,,,,,,,
GRM-054,E-493,Feliks Station Catering,бизнес-сигнал,2026-01-28,Построение B2B-системы продаж,"Вакансия предусматривает аудит CRM и воронки, создание KPI, регламентов и отчётности, ответственность за результат и работу напрямую с собственником",HeadHunter,https://hh.ru/vacancy/129726340,Прямой S1-сигнал,HIGH,2026-07-30,,,,,,,,,
GRM-054,E-494,Feliks Station Catering,контакты,2026-07-30,Корпоративные маршруты,Официальный сайт публикует телефон и форму заявки; дополнительный корпоративный телефон указан в публичной карточке; HH даёт маршрут через вакансию,Официальный сайт; Orgs.biz; HeadHunter,https://telezhkasmorozhenym.ru/; https://felikstationcatering.orgs.biz/; https://hh.ru/vacancy/129726340,Практические маршруты связи,HIGH,2026-07-30,,,,,,,,,
GRM-031,E-495,ACELED / Линии Света,юридические данные,2026-07-30,Юрлицо и реквизиты,ООО «ТОРГ-ЛАЙТ»; ИНН 7723401350; ОГРН 1157746682576; организация действует с 27.07.2015,РБК Компании,https://companies.rbc.ru/id/1157746682576-ooo-torg-lajt/,Действующее юрлицо и реквизиты,HIGH,2026-07-30,,,,,,,,,
GRM-031,E-496,ACELED / Линии Света,связь бренда и юрлица,2026-07-30,Бренд и ООО,"Официальная страница контактов ACELED / «Линии Света» публикует полное наименование ООО «Торг-Лайт», ИНН 7723401350 и ОГРН 1157746682576",Официальный сайт ACELED,https://aceled.ru/contacts,Связь бренда с юрлицом,HIGH,2026-07-30,,,,,,,,,
GRM-031,E-497,ACELED / Линии Света,собственник и ЛПР,2026-07-30,Собственник и директор,Единственный учредитель и генеральный директор ООО «ТОРГ-ЛАЙТ» — Кобылян Александр Александрович,РБК Компании,https://companies.rbc.ru/id/1157746682576-ooo-torg-lajt/,Собственник и основной ЛПР,HIGH,2026-07-30,,,,,,,,,
GRM-031,E-498,ACELED / Линии Света,финансовый масштаб,2026-07-30,Финансы 2025,"Выручка за 2025 год — 64,136 млн ₽; убыток — 1,056 млн ₽; выручка снизилась с 72,655 млн ₽ в 2024 году",РБК Компании,https://companies.rbc.ru/id/1157746682576-ooo-torg-lajt/,Финансовый масштаб и снижение результата,HIGH,2026-07-30,,,,,,,,,
GRM-031,E-499,ACELED / Линии Света,операционный масштаб,2026-07-30,Производство и каналы,"Вакансия подтверждает собственное производство и склад, B2B-, проектный и дилерский каналы продаж светотехнического оборудования",HeadHunter,https://hh.ru/vacancy/129668251,Операционный масштаб и каналы,MEDIUM,2026-07-30,,,,,,,,,
GRM-031,E-500,ACELED / Линии Света,бизнес-сигнал,2026-01-20,Создание коммерческой системы,"Компания ищет руководителя продаж с перспективой коммерческого директора для создания отдела с нуля, роста выручки и прибыльности и развития продаж по регионам и каналам",HeadHunter,https://hh.ru/vacancy/129668251,Прямой S1-сигнал,HIGH,2026-07-30,,,,,,,,,
GRM-031,E-501,ACELED / Линии Света,контакты,2026-07-30,Корпоративные маршруты,"Официальный сайт публикует телефон 8 (800) 500-44-63, email sales@aceled.ru и реквизиты; HH даёт дополнительный маршрут через вакансию",Официальный сайт ACELED; HeadHunter,https://aceled.ru/contacts; https://hh.ru/vacancy/129668251,Практические маршруты связи,HIGH,2026-07-30,,,,,,,,,
GRM-106,E-502,Digniori Arts,юридические данные,2026-07-30,Юрлицо и реквизиты,ООО «ДИГНИОРИ АРТС»; ИНН 9718071830; ОГРН 1177746656548; организация действует с 05.07.2017,РБК Компании,https://companies.rbc.ru/id/1177746656548-ooo-digniori-arts/,Действующее юрлицо и реквизиты,HIGH,2026-07-30,,,,,,,,,
GRM-106,E-503,Digniori Arts,связь бренда и юрлица,2026-07-30,Бренд и ООО,"Наименование бренда совпадает с действующим ООО; реестровая карточка указывает сайт digniori.ru, а вакансия и премиальная карточка используют бренд Digniori Arts и тот же московский адрес",РБК Компании; HeadHunter; Посёлок года 2025,https://companies.rbc.ru/id/1177746656548-ooo-digniori-arts/; https://hh.ru/vacancy/129659581; https://xn--80afdwerbcdv0p.xn--p1ai/nominants/460,Связь бренда с юрлицом,HIGH,2026-07-30,,,,,,,,,
GRM-106,E-504,Digniori Arts,собственник и ЛПР,2026-07-30,Собственник и директор,Единственный учредитель и генеральный директор ООО «ДИГНИОРИ АРТС» — Дрожалин Арсений Игоревич,РБК Компании,https://companies.rbc.ru/id/1177746656548-ooo-digniori-arts/,Собственник и основной ЛПР,HIGH,2026-07-30,,,,,,,,,
GRM-106,E-505,Digniori Arts,финансовый масштаб,2026-07-30,Финансы 2025,"Выручка за 2025 год — 447,542 млн ₽; прибыль — 45,080 млн ₽; выручка выросла с 166,607 млн ₽",РБК Компании,https://companies.rbc.ru/id/1177746656548-ooo-digniori-arts/,Финансовый масштаб и рост,HIGH,2026-07-30,,,,,,,,,
GRM-106,E-506,Digniori Arts,операционный масштаб,2026-01-20,Проекты и рекомендации,"Вакансия указывает работу с 2011 года, 549 завершённых проектов и 90% клиентов по рекомендациям; реестровая карточка указывает 14 сотрудников",HeadHunter; РБК Компании,https://hh.ru/vacancy/129659581; https://companies.rbc.ru/id/1177746656548-ooo-digniori-arts/,Операционный масштаб,MEDIUM,2026-07-30,,,,,,,,,
GRM-106,E-507,Digniori Arts,бизнес-сигнал,2026-01-20,Создание коммерческого подразделения,Компания ищет руководителя продаж в премиальном строительстве для создания коммерческого подразделения с нуля; предусмотрена работа напрямую с собственником,HeadHunter,https://hh.ru/vacancy/129659581,Прямой S1-сигнал,HIGH,2026-07-30,,,,,,,,,
GRM-106,E-508,Digniori Arts,контакты,2026-07-30,Корпоративные маршруты,"Публично подтверждены корпоративный телефон +7 (495) 108-40-98, email info@digniori.ru, Telegram бренда и маршрут через HH-вакансию",Посёлок года 2025; публичная карточка бизнеса; HeadHunter,https://xn--80afdwerbcdv0p.xn--p1ai/nominants/460; https://www.mestam.info/ru/moskva-8515/mesto/5281535-digniori-arts-malaya-semenovskaya-3-st2-3-etaj; https://hh.ru/vacancy/129659581,Практические маршруты связи,HIGH,2026-07-30,,,,,,,,,
GRM-070,E-509,Городская Ферма на ВДНХ,юридические данные,2026-07-30,Юрлицо и реквизиты,ООО «ГОРОДСКАЯ ФЕРМА»; ИНН 7723381960; ОГРН 1157746213976; организация действует с 19.03.2015,Официальный сайт; T-Банк,https://gorodskayaferma.ru/farm/; https://www.tbank.ru/business/contractor/legal/1157746213976/,Действующее юрлицо и реквизиты,HIGH,2026-07-30,,,,,,,,,
GRM-070,E-510,Городская Ферма на ВДНХ,связь бренда и юрлица,2026-07-30,Бренд и ООО,"Официальный сайт проекта прямо публикует реквизиты ООО «Городская ферма», ИНН и ОГРН",Официальный сайт,https://gorodskayaferma.ru/farm/,Связь бренда с юрлицом,HIGH,2026-07-30,,,,,,,,,
GRM-070,E-511,Городская Ферма на ВДНХ,собственник и ЛПР,2026-07-30,Участник и генеральный директор,С 21.05.2026 генеральный директор — Нистратов Роман Валентинович; участники — Саарян Тигран Ашикович 80% и АО «Конгломерат САДР» 20%,T-Банк; Xfirm,https://www.tbank.ru/business/contractor/legal/1157746213976/; https://xfirm.ru/company/7723381960,Собственник и полномочный ЛПР,HIGH,2026-07-30,,,,,,,,,
GRM-070,E-512,Городская Ферма на ВДНХ,финансовый масштаб,2026-07-30,Финансы 2025,"Выручка за 2025 год — 205,6 млн ₽; чистая прибыль — 9,5 млн ₽; 23 сотрудника",Xfirm; Reputation.ru,https://xfirm.ru/company/7723381960; https://reputation.ru/ogrn/1157746213976,Финансовый масштаб,HIGH,2026-07-30,,,,,,,,,
GRM-070,E-513,Городская Ферма на ВДНХ,операционный масштаб,2026-02-03,Посещаемость и продукт,"Компания заявляет около 140 000 посетителей в год, запуск семейной клубной подписки и цель увеличить посещаемость до 200 000; официальный сайт подтверждает действующий частный коммерческий семейный парк",HeadHunter; официальный сайт,https://hh.ru/vacancy/129528164; https://gorodskayaferma.ru/,Операционный масштаб и продуктовая экспансия,HIGH,2026-07-30,,,,,,,,,
GRM-070,E-514,Городская Ферма на ВДНХ,бизнес-сигнал,2026-02-03,Новая коммерческая система,"Компания ищет коммерческого директора для построения новой системы продаж и маркетинга, запуска подписки и роста посещаемости; предусмотрена прямая работа с собственником",HeadHunter,https://hh.ru/vacancy/129528164,Прямой S1-сигнал,HIGH,2026-07-30,,,,,,,,,
GRM-070,E-515,Городская Ферма на ВДНХ,контакты,2026-07-30,Корпоративные маршруты,"Официально опубликованы телефоны +7 (495) 968-31-28 и +7 (495) 589-15-74, email info@gorferma24.ru и форма заказа звонка; дополнительный маршрут — HH-вакансия",Официальный сайт; HeadHunter,https://gorodskayaferma.ru/contacts/; https://hh.ru/vacancy/129528164,Практические маршруты связи,HIGH,2026-07-30,,,,,,,,,
GRM-108,E-516,SAVINSNAME,юридические данные,2026-07-30,ИП и реквизиты,ИП Игнатенко Олег Александрович; ИНН 260704372217; ОГРНИП 318237500326460; статус действующий; дата регистрации 13.08.2018,Официальный сайт; Т-Банк; Точка,https://savinsname.ru/contacts/; https://www.tbank.ru/business/contractor/legal/318237500326460/; https://check.tochka.com/company/318237500326460/,Действующий бизнес и реквизиты,HIGH,2026-07-30,,,,,,,,,
GRM-108,E-517,SAVINSNAME,связь бренда и юрлица,2026-07-30,Бренд и предприниматель,Официальный сайт публикует ИП Игнатенко Олег Александрович как владельца бизнеса; товарный знак SAVINSNAME зарегистрирован на Олега Игнатенко,Официальный сайт; РБК Компании,https://savinsname.ru/contacts/; https://companies.rbc.ru/trademark/1129212/savinsname/,Связь бренда с ИП и собственником,HIGH,2026-07-30,,,,,,,,,
GRM-108,E-518,SAVINSNAME,собственник и ЛПР,2026-07-30,Собственник и коммерческий ЛПР,Олег Игнатенко является предпринимателем и правообладателем товарного знака; на официальной странице контактов Денис Веселов указан руководителем отдела продаж,Официальный сайт; РБК Компании,https://savinsname.ru/contacts/index.v1.php; https://companies.rbc.ru/trademark/1129212/savinsname/,Собственник и практический ЛПР,HIGH,2026-07-30,,,,,,,,,
GRM-108,E-519,SAVINSNAME,операционный масштаб,2026-07-30,Производственный масштаб,"Компания заявляет 3500 м² производственных площадей, более 15 000 поставленных единиц оборудования, мощность до 5 000 станков в год и более 100 специалистов",Официальный сайт,https://savinsname.ru/about/; https://savinsname.ru/,Операционный масштаб,HIGH,2026-07-30,,,,,,,,,
GRM-108,E-520,SAVINSNAME,география и рынок,2026-07-30,География поставок,Оборудование работает в России и более чем 15 странах; действуют офисы продаж в Краснодаре и Москве,Официальный сайт,https://savinsname.ru/; https://savinsname.ru/contacts/moskva/,География и зрелость каналов продаж,HIGH,2026-07-30,,,,,,,,,
GRM-108,E-521,SAVINSNAME,бизнес-сигнал,2026-01-22,Коммерческий директор и масштабирование,"Компания искала коммерческого директора для управления продажами, маркетингом и развитием, работы напрямую с собственником и участия в стратегических решениях растущего производственного холдинга",HeadHunter,https://krasnodar.hh.ru/vacancy/129035118,Прямой S1-сигнал,HIGH,2026-07-30,,,,,,,,,
GRM-108,E-522,SAVINSNAME,контакты,2026-07-30,Корпоративные маршруты,"Официально опубликованы телефоны 8 (800) 707-63-34, +7 (861) 217-66-66, 8 (861) 252-08-20, 8 (861) 252-08-48, email savinsname@yandex.ru и форма сайта; дополнительный маршрут — HH-вакансия",Официальный сайт; HeadHunter,https://savinsname.ru/contacts/; https://krasnodar.hh.ru/vacancy/129035118,Практические маршруты связи,HIGH,2026-07-30,,,,,,,,,
GRM-078,,ТоталТехКом,Legal Identity,,,,,,,,,GR-20260731-093,ООО «ТОТАЛТЕХКОМ» действует; ИНН 7728433789 ОГРН 1187746609071 дата регистрации 28.06.2018,https://companies.rbc.ru/id/1187746609071-ooo-totaltehkom/,,2026-07-31T12:10:36+04:00,HIGH,Актуальный реестровый профиль,,
GRM-078,,ТоталТехКом,Ownership,,,,,,,,,GR-20260731-093,Романьков Михаил Владимирович является генеральным директором и единственным учредителем с долей 100%,https://companies.rbc.ru/id/1187746609071-ooo-totaltehkom/,,2026-07-31T12:10:36+04:00,HIGH,Собственник и ЛПР подтверждены,,
GRM-078,,ТоталТехКом,Financial Scale,,,,,,,,,GR-20260731-093,Выручка за 2025 год 299224000 ₽ чистая прибыль 6212000 ₽; выручка годом ранее 220956000 ₽,https://companies.rbc.ru/id/1187746609071-ooo-totaltehkom/,2025,2026-07-31T12:10:36+04:00,HIGH,Масштаб соответствует допустимому диапазону при S1-сигнале,,
GRM-078,,ТоталТехКом,Employee Scale,,,,,,,,,GR-20260731-093,Среднесписочная численность за 2025 год 24 человека,https://b2b.house/company/OOO-TOTALTEXKOM_02b09c1b-7e95-46d9-a9c0-7eabcdd67e98/,2025,2026-07-31T12:10:36+04:00,MEDIUM,Независимый агрегатор на данных открытых реестров,,
GRM-078,,ТоталТехКом,Brand Legal Link,,,,,,,,,GR-20260731-093,Политика официального сайта называет оператором ООО «ТоталТехКом» и связывает его с доменом totaltehkom.ru,https://totaltehkom.ru/politika-konfidenczialnosti-new/,,2026-07-31T12:10:36+04:00,HIGH,Прямая связь бренда сайта и юрлица,,
GRM-078,,ТоталТехКом,Operating Scale,,,,,,,,,GR-20260731-093,Компания является поставщиком складской техники JAC и SHANN и ведёт направления продажи техники ремонта сервиса и запасных частей,https://totaltehkom.ru/,,2026-07-31T12:10:36+04:00,HIGH,Официальное описание операционного контура,,
GRM-078,,ТоталТехКом,Business Signal,,,,,,,,,GR-20260731-093,Собственник Михаил лично ищет РОП для роста управления ключевыми клиентами внедрения CRM автоматизации продаж и повышения эффективности,https://hh.ru/vacancy/130073979,2026-02-05,2026-07-31T12:10:36+04:00,HIGH,S1 owner-first сигнал,,
GRM-078,,ТоталТехКом,Contact Route,,,,,,,,,GR-20260731-093,Официальный сайт публикует телефон +7 (499) 533-60-57 email zakaz@totaltehkom.ru и форму связи; страница вакансий публикует stakhina@totaltehkom.ru,https://totaltehkom.ru/; https://totaltehkom.ru/vakansii/,,2026-07-31T12:10:36+04:00,HIGH,Корпоративные маршруты не являются личными контактами собственника,,
GRM-071,,,LEGAL_IDENTITY,,,,,,,,,GR-20260730-079,,https://companies.rbc.ru/id/1207700382504-obschestvo-s-ogranichennoj-otvetstvennostyu-stroj-inspekt/,,2026-07-30,HIGH,,ООО «СТРОЙ-ИНСПЕКТ»; ИНН 7713478071; ОГРН 1207700382504; действует,
GRM-071,,,BRAND_LEGAL_LINK,,,,,,,,,GR-20260730-079,,https://stroy-inspekt.ru/contacts.html,,2026-07-30,HIGH,,Официальный сайт публикует те же наименование; ИНН; ОГРН и адрес,
GRM-071,,,OWNER_LPR,,,,,,,,,GR-20260730-079,,https://companies.rbc.ru/id/1207700382504-obschestvo-s-ogranichennoj-otvetstvennostyu-stroj-inspekt/,,2026-07-30,HIGH,,Валевич Денис Михайлович — генеральный директор и учредитель с долей 100%,
GRM-071,,,FINANCIAL_SCALE,,,,,,,,,GR-20260730-079,,https://companies.rbc.ru/id/1207700382504-obschestvo-s-ogranichennoj-otvetstvennostyu-stroj-inspekt/,,2026-07-30,HIGH,,Выручка за 2025 год 97 373 000 ₽; прибыль 17 800 000 ₽; выручка выросла с 49 428 000 ₽,
GRM-071,,,OPERATING_SCALE,,,,,,,,,GR-20260730-079,,https://stroy-inspekt.ru/about.html; https://stroy-inspekt.ru/,,2026-07-30,HIGH,,Полный спектр инженерных изысканий; обследования; экспертизы и проектирования; работа по России; портфель объектов Лукойл; ТРЦ; бизнес-центры и объекты культурного наследия,
GRM-071,,,BUSINESS_SIGNAL,,,,,,,,,GR-20260730-079,,https://hh.ru/vacancies/rukovoditel-napravleniya-otdela-prodazh/za_poslednie_tri_dnya,,2026-07-30,MEDIUM,,Публичный найм РОП для построения и развития отдела продаж с нуля совместно с собственником; личных B2B/B2G продаж и системной воронки,
GRM-071,,,CONTACT_ROUTE,,,,,,,,,GR-20260730-079,,https://stroy-inspekt.ru/contacts.html; https://hh.ru/,,2026-07-30,HIGH,,Официально опубликованы +7 (495) 128-77-47; +7 (905) 714-66-63; форма обратной связи; доступен маршрут через HeadHunter,
GRM-024,,,LEGAL_IDENTITY,,,,,,,,,GR-20260730-080,,https://companies.rbc.ru/id/1215000079304-obschestvo-s-ogranichennoj-otvetstvennostyu-marrob-rus/,,2026-07-30,HIGH,,ООО «МАРРОБ РУС»; ИНН 5032331540; ОГРН 1215000079304; действует,
GRM-024,,,BRAND_LEGAL_LINK,,,,,,,,,GR-20260730-080,,https://marrob.ru/kontakty/,,2026-07-30,HIGH,,Официальный сайт MARROB публикует наименование ООО «МАРРОБ РУС»; ИНН; ОГРН; адрес и банковские реквизиты,
GRM-024,,,OWNER_LPR,,,,,,,,,GR-20260730-080,,https://companies.rbc.ru/id/1215000079304-obschestvo-s-ogranichennoj-otvetstvennostyu-marrob-rus/,,2026-07-30,HIGH,,Шабалтас Наталья Анатольевна — генеральный директор и учредитель с долей 100%,
GRM-024,,,FINANCIAL_SCALE,,,,,,,,,GR-20260730-080,,https://www.rusprofile.ru/person/shaboltas-na-503212276546,,2026-07-30,MEDIUM,,"По открытой бухгалтерской отчётности выручка за 2024 год около 13 млн ₽; убыток около 1,7 млн ₽; среднесписочная численность 4 человека",
GRM-024,,,OPERATING_SCALE,,,,,,,,,GR-20260730-080,,https://hh.ru/employer/5767946; https://marrob.ru/o-nas/,,2026-07-30,HIGH,,Компания производит фасадные термопанели; декоративный камень и фасадные системы; работает с частными клиентами; застройщиками и проектными решениями; осуществляет доставку по регионам,
GRM-024,,,BUSINESS_SIGNAL,,,,,,,,,GR-20260730-080,,https://hh.ru/vacancy/130209818,,2026-07-30,HIGH,,Публичный найм РОП для построения отдела продаж с нуля; внедрения CRM; воронки; скриптов; регламентов; KPI; найма команды и прямого взаимодействия с собственником,
GRM-024,,,CONTACT_ROUTE,,,,,,,,,GR-20260730-080,,https://marrob.ru/kontakty/; https://marrob.ru/product-category/kamen/versalskij-kirpich/; https://hh.ru/vacancy/130209818,,2026-07-30,HIGH,,Официально опубликованы +7 (916) 666-23-35; info@marrob.ru; форма сайта; на продуктовой странице указан +7 (495) 205-53-63; доступен маршрут через HeadHunter,
GRM-023,,,Юрлицо,,,,РБК Компании,https://companies.rbc.ru/persons/ogrnip/319774600704879-kozhomin-kirill-pavlovich/,,,2026-07-31T00:24:00+04:00,GR-20260731-081,ИП Кожомин Кирилл Павлович действует; ИНН 772792124567; ОГРНИП 319774600704879,,,,HIGH,,,
GRM-023,,,Связь бренда и ИП,,,,Официальный сайт,https://chachas.ru/,,,2026-07-31T00:24:00+04:00,GR-20260731-081,Официальный сайт Chacha's Crew публикует ИП Кожомин Кирилл Павлович и ИНН 772792124567,,,,HIGH,,,
GRM-023,,,Собственник / ЛПР,,,,Официальная презентация,https://chachas.ru/presentation,,,2026-07-31T00:24:00+04:00,GR-20260731-081,Кирилл указан сооснователем Chacha's Club; вакансия опубликована от ИП Кожомина Кирилла Павловича,,,,HIGH,,,
GRM-023,,,Операционный масштаб,,,,Официальная презентация,https://chachas.ru/presentation,,,2026-07-31T00:24:00+04:00,GR-20260731-081,На официальной презентации заявлено сообщество более 10000 человек,,,,MEDIUM,,,
GRM-023,,,Бизнес-модель,,,,Официальная презентация,https://chachas.ru/presentation,,,2026-07-31T00:24:00+04:00,GR-20260731-081,Партнёрская подписка указана по цене 990 рублей в месяц; модель строится на эксклюзивности по району и нише,,,,HIGH,,,
GRM-023,,,S1-сигнал,,,,HeadHunter,https://hh.ru/vacancy/129530808,,,2026-07-31T00:24:00+04:00,GR-20260731-081,Основатель ищет руководителя для построения отдела продаж с нуля с целью 10 новых партнёров в день и 300+ в месяц; предусмотрено прямое взаимодействие с основателем,,,,HIGH,,,
GRM-023,,,Маршрут связи,,,,Официальная презентация,https://chachas.ru/presentation,,,2026-07-31T00:24:00+04:00,GR-20260731-081,Официальная презентация публикует телефон +7 (963) 642-80-70; официальный сайт ведёт на Telegram бренда,,,,HIGH,,,
GRM-052,,,Юрлицо,,,,РБК Компании,https://companies.rbc.ru/persons/ogrnip/322547600048993-garmash-yurij-vladimirovich/,,,2026-07-31T01:22:00+04:00,GR-20260731-082,ИП Гармаш Юрий Владимирович действует; ИНН 540446068887; ОГРНИП 322547600048993; основной профиль — производство мебели для офисов и предприятий торговли,,,,HIGH,,,
GRM-052,,,Связь бренда и владельца,,,,Официальный сайт,https://www.yursus.ru/,,,2026-07-31T01:22:00+04:00,GR-20260731-082,Официальный сайт YURSUS называет Юрия Гармаша основателем фабрики; товарный знак YURSUS зарегистрирован на Гармаша Юрия Владимировича,,,,HIGH,,,
GRM-052,,,Товарный знак,,,,РБК Компании,https://companies.rbc.ru/trademark/1176576/yursus/,,,2026-07-31T01:22:00+04:00,GR-20260731-082,Правообладатель товарного знака YURSUS №1176576 — Гармаш Юрий Владимирович,,,,HIGH,,,
GRM-052,,,Операционный масштаб,,,,Официальный сайт,https://www.yursus.ru/,,,2026-07-31T01:22:00+04:00,GR-20260731-082,Официальный сайт заявляет производство полного цикла на современных станках с ЧПУ и 20+ лет опыта команды/основателя,,,,MEDIUM,,,
GRM-052,,,География и каналы,,,,Официальный сайт,https://www.yursus.ru/,,,2026-07-31T01:22:00+04:00,GR-20260731-082,Официальный сайт заявляет работу по всей России и странам СНГ и отдельные направления мебели для дома офиса ресторанов отелей кафе и торговых пространств,,,,HIGH,,,
GRM-052,,,S1-сигнал,,,,HeadHunter,https://novosibirsk.hh.ru/vacancy/129853833,,,2026-07-31T01:22:00+04:00,GR-20260731-082,Вакансия ИП Гармаша Юрия Владимировича — руководитель отдела продаж на мебельную фабрику с созданием отдела с нуля,,,,HIGH,,,
GRM-052,,,Маршрут связи,,,,Официальный сайт,https://www.yursus.ru/,,,2026-07-31T01:22:00+04:00,GR-20260731-082,Официальный сайт публикует телефоны +7 (923) 107-01-20 и +7 (913) 605-15-69 и email yursus.mebel@yandex.ru,,,,HIGH,,,
GRM-103,,,Юрлицо,,,,Индикатор,https://indicator.bifit.ru/ui/report/540446415153,,,2026-07-31T03:08:00+04:00,GR-20260731-084,ИП Лапушкин Сергей Андреевич действует; ИНН 540446415153; ОГРНИП 313547624900067; основной вид деятельности — производство сухарей и хлебобулочных изделий,,,,HIGH,,,
GRM-103,,,Связь бренда и владельца,,,,ProductCenter,https://productcenter.ru/producers/38918/lapushkiny-snieki,,,2026-07-31T03:08:00+04:00,GR-20260731-084,Отраслевая карточка производителя связывает бренд «Лапушкины Снеки» с ИП Лапушкиным Сергеем Андреевичем и публикует ИНН ОГРНИП и официальный сайт,,,,HIGH,,,
GRM-103,,,Основатель,,,,Официальный сайт,https://лапушкины.рф/,,,2026-07-31T03:08:00+04:00,GR-20260731-084,Официальный сайт называет Сергея и Татьяну Лапушкиных основателями семейного бизнеса в 2009 году,,,,HIGH,,,
GRM-103,,,Операционный масштаб,,,,Официальный сайт,https://лапушкины.рф/,,,2026-07-31T03:08:00+04:00,GR-20260731-084,Официальный сайт заявляет 40+ городов поставок 15 лет на рынке 10000+ выполненных заказов и работу по России и СНГ,,,,MEDIUM,,,
GRM-103,,,Клиентская база и мощности,,,,HeadHunter,https://novosibirsk.hh.ru/vacancy/130262807,,,2026-07-31T03:08:00+04:00,GR-20260731-084,Вакансия сообщает о более чем 90 клиентах 90% которых являются дистрибьюторами и оптовыми компаниями; производственные мощности можно увеличить вдвое,,,,HIGH,,,
GRM-103,,,S1-сигнал,,,,HeadHunter,https://novosibirsk.hh.ru/vacancy/130262807,,,2026-07-31T03:08:00+04:00,GR-20260731-084,Компания ищет руководителя продаж для развития оптового направления удвоения клиентской базы вывода новых продуктов и построения команды с личной работой напрямую с собственником,,,,HIGH,,,
GRM-103,,,Маршрут связи,,,,Официальный сайт и ProductCenter,https://лапушкины.рф/; https://productcenter.ru/producers/38918/lapushkiny-snieki,,,2026-07-31T03:08:00+04:00,GR-20260731-084,Официальный сайт публикует телефон +7 913 946-49-88 и форму заявки; ProductCenter публикует +7 913 460-71-21 и zakaz@specpozakuske.ru вместе с реквизитами ИП,,,,HIGH,,,
GRM-070,,,Brand-to-legal linkage,,,,,https://gorodskayaferma.ru/farm/,,,,GR-20260731-088,Официальный сайт публикует ООО «Городская ферма» ИНН 7723381960 ОГРН 1157746213976,,,2026-07-31T07:08:00+04:00,HIGH,,,Official
GRM-070,,,Legal status,,,,,https://www.tbank.ru/business/contractor/legal/1157746213976/,,,,GR-20260731-088,ООО «Городская Ферма» действует; ИНН 7723381960 ОГРН 1157746213976,,,2026-07-31T07:08:00+04:00,HIGH,,,Registry aggregator
GRM-070,,,Management,,,,,https://www.tbank.ru/business/contractor/legal/1157746213976/,,,,GR-20260731-088,Генеральный директор с 21.05.2026 — Нистратов Роман Валентинович,,,2026-07-31T07:08:00+04:00,HIGH,,,Registry aggregator
GRM-070,,,Ownership,,,,,https://www.tbank.ru/business/contractor/legal/1157746213976/,,,,GR-20260731-088,Учредители: Саарян Тигран Ашикович 80%; АО «Конгломерат САДР» 20%,,,2026-07-31T07:08:00+04:00,HIGH,,,Registry aggregator
GRM-070,,,Financial scale,,,,,https://www.tbank.ru/business/contractor/legal/1157746213976/,,,,GR-20260731-088,Выручка за 2025 год 205.61 млн ₽; прибыль 9.53 млн ₽,,,2026-07-31T07:08:00+04:00,HIGH,,,Financial registry aggregator
GRM-070,,,Operational scale,,,,,https://hh.ru/vacancy/129528164,,,,GR-20260731-088,В вакансии заявлены около 140 000 гостей в год и цель 200 000 гостей,,,2026-07-31T07:08:00+04:00,MEDIUM,,,HeadHunter/Mixed
GRM-070,,,Business signal,,,,,https://hh.ru/vacancy/129528164,,,,GR-20260731-088,Запуск клубной подписки и запрос на построение новой системы продаж и маркетинга с прямой работой с собственником,,,2026-07-31T07:08:00+04:00,HIGH,,,HeadHunter/Mixed
GRM-070,,,Contacts,,,,,https://gorodskayaferma.ru/contacts/,,,,GR-20260731-088,Официальные телефоны +7 495 968-31-28 и +7 495 589-15-74; email info@gorferma24.ru; форма сайта,,,2026-07-31T07:08:00+04:00,HIGH,,,Official
GRM-040,,,Brand-to-legal linkage,,,,,https://epusk.ru/company/,,,,GR-20260731-089,Официальный сайт публикует ООО «ЭНЕРГОПУСК» ИНН 7721547346 ОГРН 1067746137381,,,2026-07-31T08:10:53+04:00,HIGH,,,Official
GRM-040,,,Legal status,,,,,https://www.tbank.ru/business/contractor/legal/1067746137381/,,,,GR-20260731-089,ООО «ЭНЕРГОПУСК» действует; ИНН 7721547346 ОГРН 1067746137381; зарегистрировано 26.01.2006,,,2026-07-31T08:10:53+04:00,HIGH,,,Registry aggregator
GRM-040,,,Ownership,,,,,https://www.tbank.ru/business/contractor/legal/1067746137381/,,,,GR-20260731-089,Яковлев Александр Вячеславович владеет 100% ООО «ЭНЕРГОПУСК»,,,2026-07-31T08:10:53+04:00,HIGH,,,Registry aggregator
GRM-040,,,Management,,,,,https://www.tbank.ru/business/contractor/legal/1067746137381/,,,,GR-20260731-089,Яковлев Александр Вячеславович является генеральным директором с даты регистрации,,,2026-07-31T08:10:53+04:00,HIGH,,,Registry aggregator
GRM-040,,,Financial scale,,,,,https://saby.ru/profile/7721547346-775101001,,,,GR-20260731-089,Выручка за 2025 год 176.433 млн ₽; чистая прибыль 128 тыс. ₽; 12 сотрудников,,,2026-07-31T08:10:53+04:00,HIGH,,,Financial registry aggregator
GRM-040,,,Operational scale,,,,,https://epusk.ru/company/,,,,GR-20260731-089,Компания работает с 2006 года имеет два офиса продаж и отгружает товар в 32 городах России,,,2026-07-31T08:10:53+04:00,HIGH,,,Official
GRM-040,,,Business signal,,,,,https://hh.ru/vacancy/129214758,,,,GR-20260731-089,Вакансия ставит цель устойчивого роста прибыли и управляемости коммерческого контура через воронку KPI CRM/1С маржинальность дебиторку ассортимент и развитие команды вместе с собственником,,,2026-07-31T08:10:53+04:00,HIGH,,,HeadHunter/Mixed
GRM-040,,,Contacts,,,,,https://epusk.ru/company/,,,,GR-20260731-089,Официальный сайт подтверждает телефоны +7 495 775-24-55 и 8 800 700-11-54 и email zapros@epusk.ru,,,2026-07-31T08:10:53+04:00,HIGH,,,Official
